/kaggle/working/site-packages/onmt/modules/sparse_activations.py:46: FutureWarning: `torch.cuda.amp.custom_fwd(args...)` is deprecated. Please use `torch.amp.custom_fwd(args..., device_type='cuda')` instead.
  @custom_fwd
/kaggle/working/site-packages/onmt/modules/sparse_activations.py:66: FutureWarning: `torch.cuda.amp.custom_bwd(args...)` is deprecated. Please use `torch.amp.custom_bwd(args..., device_type='cuda')` instead.
  @custom_bwd
/kaggle/working/site-packages/onmt/modules/sru.py:395: FutureWarning: `torch.cuda.amp.custom_fwd(args...)` is deprecated. Please use `torch.amp.custom_fwd(args..., device_type='cuda')` instead.
  @custom_fwd
/kaggle/working/site-packages/onmt/modules/sru.py:444: FutureWarning: `torch.cuda.amp.custom_bwd(args...)` is deprecated. Please use `torch.amp.custom_bwd(args..., device_type='cuda')` instead.
  @custom_bwd
/kaggle/working/site-packages/onmt/modules/sparse_losses.py:10: FutureWarning: `torch.cuda.amp.custom_fwd(args...)` is deprecated. Please use `torch.amp.custom_fwd(args..., device_type='cuda')` instead.
  @custom_fwd
/kaggle/working/site-packages/onmt/modules/sparse_losses.py:31: FutureWarning: `torch.cuda.amp.custom_bwd(args...)` is deprecated. Please use `torch.amp.custom_bwd(args..., device_type='cuda')` instead.
  @custom_bwd
[2026-09-23 20:22:46,852 INFO] Parsed 2 corpora from -data.
[2026-09-23 20:22:46,852 INFO] Get special vocabs from Transforms: {'src': [], 'tgt': []}.
[2026-09-23 20:22:46,866 INFO] The first 10 tokens of the vocabs are:['<unk>', '<blank>', '<s>', '</s>', '▁d', '▁đường', '6', '2', 'f', '7']
[2026-09-23 20:22:46,866 INFO] The decoder start token is: <s>
[2026-09-23 20:22:46,866 INFO] Building model...
[2026-09-23 20:22:48,792 INFO] Switching model to float32 for amp/apex_amp
[2026-09-23 20:22:48,792 INFO] Non quantized layer compute is fp16
[2026-09-23 20:22:48,797 INFO] NMTModel(
  (encoder): TransformerEncoder(
    (embeddings): Embeddings(
      (make_embedding): Sequential(
        (emb_luts): Elementwise(
          (0): Embedding(10416, 128, padding_idx=1)
        )
        (pe): PositionalEncoding()
      )
      (dropout): Dropout(p=0.1, inplace=False)
    )
    (transformer): ModuleList(
      (0-1): 2 x TransformerEncoderLayer(
        (self_attn): MultiHeadedAttention(
          (linear_keys): Linear(in_features=128, out_features=128, bias=False)
          (linear_values): Linear(in_features=128, out_features=128, bias=False)
          (linear_query): Linear(in_features=128, out_features=128, bias=False)
          (softmax): Softmax(dim=-1)
          (dropout): Dropout(p=0.1, inplace=False)
          (final_linear): Linear(in_features=128, out_features=128, bias=False)
        )
        (feed_forward): PositionwiseFeedForward(
          (w_1): Linear(in_features=128, out_features=2048, bias=False)
          (w_2): Linear(in_features=2048, out_features=128, bias=False)
          (layer_norm): LayerNorm((128,), eps=1e-06, elementwise_affine=True)
          (dropout_1): Dropout(p=0.1, inplace=False)
          (dropout_2): Dropout(p=0.1, inplace=False)
        )
        (layer_norm): LayerNorm((128,), eps=1e-06, elementwise_affine=True)
        (dropout): Dropout(p=0.1, inplace=False)
      )
    )
    (layer_norm): LayerNorm((128,), eps=1e-06, elementwise_affine=True)
  )
  (decoder): TransformerDecoder(
    (embeddings): Embeddings(
      (make_embedding): Sequential(
        (emb_luts): Elementwise(
          (0): Embedding(10144, 128, padding_idx=1)
        )
        (pe): PositionalEncoding()
      )
      (dropout): Dropout(p=0.1, inplace=False)
    )
    (layer_norm): LayerNorm((128,), eps=1e-06, elementwise_affine=True)
    (transformer_layers): ModuleList(
      (0-1): 2 x TransformerDecoderLayer(
        (self_attn): MultiHeadedAttention(
          (linear_keys): Linear(in_features=128, out_features=128, bias=False)
          (linear_values): Linear(in_features=128, out_features=128, bias=False)
          (linear_query): Linear(in_features=128, out_features=128, bias=False)
          (softmax): Softmax(dim=-1)
          (dropout): Dropout(p=0.1, inplace=False)
          (final_linear): Linear(in_features=128, out_features=128, bias=False)
        )
        (feed_forward): PositionwiseFeedForward(
          (w_1): Linear(in_features=128, out_features=2048, bias=False)
          (w_2): Linear(in_features=2048, out_features=128, bias=False)
          (layer_norm): LayerNorm((128,), eps=1e-06, elementwise_affine=True)
          (dropout_1): Dropout(p=0.1, inplace=False)
          (dropout_2): Dropout(p=0.1, inplace=False)
        )
        (layer_norm_1): LayerNorm((128,), eps=1e-06, elementwise_affine=True)
        (dropout): Dropout(p=0.1, inplace=False)
        (context_attn): MultiHeadedAttention(
          (linear_keys): Linear(in_features=128, out_features=128, bias=False)
          (linear_values): Linear(in_features=128, out_features=128, bias=False)
          (linear_query): Linear(in_features=128, out_features=128, bias=False)
          (softmax): Softmax(dim=-1)
          (dropout): Dropout(p=0.1, inplace=False)
          (final_linear): Linear(in_features=128, out_features=128, bias=False)
        )
        (layer_norm_2): LayerNorm((128,), eps=1e-06, elementwise_affine=True)
      )
    )
  )
  (generator): Linear(in_features=128, out_features=10144, bias=True)
)
[2026-09-23 20:22:48,798 INFO] encoder: 2514176
[2026-09-23 20:22:48,798 INFO] decoder: 3919520
[2026-09-23 20:22:48,798 INFO] * number of parameters: 6433696
[2026-09-23 20:22:48,798 INFO] Trainable parameters = {'torch.float32': 6433696, 'torch.float16': 0, 'torch.uint8': 0, 'torch.int8': 0}
[2026-09-23 20:22:48,798 INFO] Non trainable parameters = {'torch.float32': 0, 'torch.float16': 0, 'torch.uint8': 0, 'torch.int8': 0}
[2026-09-23 20:22:48,798 INFO]  * src vocab size = 10416
[2026-09-23 20:22:48,798 INFO]  * tgt vocab size = 10144
/kaggle/working/site-packages/onmt/utils/optimizers.py:341: FutureWarning: `torch.cuda.amp.GradScaler(args...)` is deprecated. Please use `torch.amp.GradScaler('cuda', args...)` instead.
  optimizer._scaler = GradScaler()
[2026-09-23 20:22:48,827 INFO] Starting training on GPU: [0]
[2026-09-23 20:22:48,827 INFO] Start training loop and validate every 2000 steps...
[2026-09-23 20:22:48,827 INFO] Scoring with: ['sentencepiece']
/kaggle/working/site-packages/onmt/modules/sparse_activations.py:46: FutureWarning: `torch.cuda.amp.custom_fwd(args...)` is deprecated. Please use `torch.amp.custom_fwd(args..., device_type='cuda')` instead.
  @custom_fwd
/kaggle/working/site-packages/onmt/modules/sparse_activations.py:66: FutureWarning: `torch.cuda.amp.custom_bwd(args...)` is deprecated. Please use `torch.amp.custom_bwd(args..., device_type='cuda')` instead.
  @custom_bwd
/kaggle/working/site-packages/onmt/modules/sru.py:395: FutureWarning: `torch.cuda.amp.custom_fwd(args...)` is deprecated. Please use `torch.amp.custom_fwd(args..., device_type='cuda')` instead.
  @custom_fwd
/kaggle/working/site-packages/onmt/modules/sru.py:444: FutureWarning: `torch.cuda.amp.custom_bwd(args...)` is deprecated. Please use `torch.amp.custom_bwd(args..., device_type='cuda')` instead.
  @custom_bwd
/kaggle/working/site-packages/onmt/modules/sparse_losses.py:10: FutureWarning: `torch.cuda.amp.custom_fwd(args...)` is deprecated. Please use `torch.amp.custom_fwd(args..., device_type='cuda')` instead.
  @custom_fwd
/kaggle/working/site-packages/onmt/modules/sparse_losses.py:31: FutureWarning: `torch.cuda.amp.custom_bwd(args...)` is deprecated. Please use `torch.amp.custom_bwd(args..., device_type='cuda')` instead.
  @custom_bwd
[2026-09-23 20:22:50,252 INFO] Weighted corpora loaded so far:
			* corpus_1: 1
/kaggle/working/site-packages/onmt/modules/sparse_activations.py:46: FutureWarning: `torch.cuda.amp.custom_fwd(args...)` is deprecated. Please use `torch.amp.custom_fwd(args..., device_type='cuda')` instead.
  @custom_fwd
/kaggle/working/site-packages/onmt/modules/sparse_activations.py:66: FutureWarning: `torch.cuda.amp.custom_bwd(args...)` is deprecated. Please use `torch.amp.custom_bwd(args..., device_type='cuda')` instead.
  @custom_bwd
/kaggle/working/site-packages/onmt/modules/sru.py:395: FutureWarning: `torch.cuda.amp.custom_fwd(args...)` is deprecated. Please use `torch.amp.custom_fwd(args..., device_type='cuda')` instead.
  @custom_fwd
/kaggle/working/site-packages/onmt/modules/sru.py:444: FutureWarning: `torch.cuda.amp.custom_bwd(args...)` is deprecated. Please use `torch.amp.custom_bwd(args..., device_type='cuda')` instead.
  @custom_bwd
/kaggle/working/site-packages/onmt/modules/sparse_losses.py:10: FutureWarning: `torch.cuda.amp.custom_fwd(args...)` is deprecated. Please use `torch.amp.custom_fwd(args..., device_type='cuda')` instead.
  @custom_fwd
/kaggle/working/site-packages/onmt/modules/sparse_losses.py:31: FutureWarning: `torch.cuda.amp.custom_bwd(args...)` is deprecated. Please use `torch.amp.custom_bwd(args..., device_type='cuda')` instead.
  @custom_bwd
[2026-09-23 20:22:51,665 INFO] Weighted corpora loaded so far:
			* corpus_1: 1
/kaggle/working/site-packages/onmt/modules/sparse_activations.py:46: FutureWarning: `torch.cuda.amp.custom_fwd(args...)` is deprecated. Please use `torch.amp.custom_fwd(args..., device_type='cuda')` instead.
  @custom_fwd
/kaggle/working/site-packages/onmt/modules/sparse_activations.py:66: FutureWarning: `torch.cuda.amp.custom_bwd(args...)` is deprecated. Please use `torch.amp.custom_bwd(args..., device_type='cuda')` instead.
  @custom_bwd
/kaggle/working/site-packages/onmt/modules/sru.py:395: FutureWarning: `torch.cuda.amp.custom_fwd(args...)` is deprecated. Please use `torch.amp.custom_fwd(args..., device_type='cuda')` instead.
  @custom_fwd
/kaggle/working/site-packages/onmt/modules/sru.py:444: FutureWarning: `torch.cuda.amp.custom_bwd(args...)` is deprecated. Please use `torch.amp.custom_bwd(args..., device_type='cuda')` instead.
  @custom_bwd
/kaggle/working/site-packages/onmt/modules/sparse_losses.py:10: FutureWarning: `torch.cuda.amp.custom_fwd(args...)` is deprecated. Please use `torch.amp.custom_fwd(args..., device_type='cuda')` instead.
  @custom_fwd
/kaggle/working/site-packages/onmt/modules/sparse_losses.py:31: FutureWarning: `torch.cuda.amp.custom_bwd(args...)` is deprecated. Please use `torch.amp.custom_bwd(args..., device_type='cuda')` instead.
  @custom_bwd
[2026-09-23 20:22:53,098 INFO] Weighted corpora loaded so far:
			* corpus_1: 1
/kaggle/working/site-packages/onmt/modules/sparse_activations.py:46: FutureWarning: `torch.cuda.amp.custom_fwd(args...)` is deprecated. Please use `torch.amp.custom_fwd(args..., device_type='cuda')` instead.
  @custom_fwd
/kaggle/working/site-packages/onmt/modules/sparse_activations.py:66: FutureWarning: `torch.cuda.amp.custom_bwd(args...)` is deprecated. Please use `torch.amp.custom_bwd(args..., device_type='cuda')` instead.
  @custom_bwd
/kaggle/working/site-packages/onmt/modules/sru.py:395: FutureWarning: `torch.cuda.amp.custom_fwd(args...)` is deprecated. Please use `torch.amp.custom_fwd(args..., device_type='cuda')` instead.
  @custom_fwd
/kaggle/working/site-packages/onmt/modules/sru.py:444: FutureWarning: `torch.cuda.amp.custom_bwd(args...)` is deprecated. Please use `torch.amp.custom_bwd(args..., device_type='cuda')` instead.
  @custom_bwd
/kaggle/working/site-packages/onmt/modules/sparse_losses.py:10: FutureWarning: `torch.cuda.amp.custom_fwd(args...)` is deprecated. Please use `torch.amp.custom_fwd(args..., device_type='cuda')` instead.
  @custom_fwd
/kaggle/working/site-packages/onmt/modules/sparse_losses.py:31: FutureWarning: `torch.cuda.amp.custom_bwd(args...)` is deprecated. Please use `torch.amp.custom_bwd(args..., device_type='cuda')` instead.
  @custom_bwd
[2026-09-23 20:22:54,514 INFO] Weighted corpora loaded so far:
			* corpus_1: 1
/kaggle/working/site-packages/onmt/modules/sparse_activations.py:46: FutureWarning: `torch.cuda.amp.custom_fwd(args...)` is deprecated. Please use `torch.amp.custom_fwd(args..., device_type='cuda')` instead.
  @custom_fwd
/kaggle/working/site-packages/onmt/modules/sparse_activations.py:66: FutureWarning: `torch.cuda.amp.custom_bwd(args...)` is deprecated. Please use `torch.amp.custom_bwd(args..., device_type='cuda')` instead.
  @custom_bwd
/kaggle/working/site-packages/onmt/modules/sru.py:395: FutureWarning: `torch.cuda.amp.custom_fwd(args...)` is deprecated. Please use `torch.amp.custom_fwd(args..., device_type='cuda')` instead.
  @custom_fwd
/kaggle/working/site-packages/onmt/modules/sru.py:444: FutureWarning: `torch.cuda.amp.custom_bwd(args...)` is deprecated. Please use `torch.amp.custom_bwd(args..., device_type='cuda')` instead.
  @custom_bwd
/kaggle/working/site-packages/onmt/modules/sparse_losses.py:10: FutureWarning: `torch.cuda.amp.custom_fwd(args...)` is deprecated. Please use `torch.amp.custom_fwd(args..., device_type='cuda')` instead.
  @custom_fwd
/kaggle/working/site-packages/onmt/modules/sparse_losses.py:31: FutureWarning: `torch.cuda.amp.custom_bwd(args...)` is deprecated. Please use `torch.amp.custom_bwd(args..., device_type='cuda')` instead.
  @custom_bwd
[2026-09-23 20:22:55,934 INFO] Weighted corpora loaded so far:
			* corpus_1: 1
/kaggle/working/site-packages/onmt/modules/sparse_activations.py:46: FutureWarning: `torch.cuda.amp.custom_fwd(args...)` is deprecated. Please use `torch.amp.custom_fwd(args..., device_type='cuda')` instead.
  @custom_fwd
/kaggle/working/site-packages/onmt/modules/sparse_activations.py:66: FutureWarning: `torch.cuda.amp.custom_bwd(args...)` is deprecated. Please use `torch.amp.custom_bwd(args..., device_type='cuda')` instead.
  @custom_bwd
/kaggle/working/site-packages/onmt/modules/sru.py:395: FutureWarning: `torch.cuda.amp.custom_fwd(args...)` is deprecated. Please use `torch.amp.custom_fwd(args..., device_type='cuda')` instead.
  @custom_fwd
/kaggle/working/site-packages/onmt/modules/sru.py:444: FutureWarning: `torch.cuda.amp.custom_bwd(args...)` is deprecated. Please use `torch.amp.custom_bwd(args..., device_type='cuda')` instead.
  @custom_bwd
/kaggle/working/site-packages/onmt/modules/sparse_losses.py:10: FutureWarning: `torch.cuda.amp.custom_fwd(args...)` is deprecated. Please use `torch.amp.custom_fwd(args..., device_type='cuda')` instead.
  @custom_fwd
/kaggle/working/site-packages/onmt/modules/sparse_losses.py:31: FutureWarning: `torch.cuda.amp.custom_bwd(args...)` is deprecated. Please use `torch.amp.custom_bwd(args..., device_type='cuda')` instead.
  @custom_bwd
[2026-09-23 20:22:57,357 INFO] Weighted corpora loaded so far:
			* corpus_1: 1
/kaggle/working/site-packages/onmt/modules/sparse_activations.py:46: FutureWarning: `torch.cuda.amp.custom_fwd(args...)` is deprecated. Please use `torch.amp.custom_fwd(args..., device_type='cuda')` instead.
  @custom_fwd
/kaggle/working/site-packages/onmt/modules/sparse_activations.py:66: FutureWarning: `torch.cuda.amp.custom_bwd(args...)` is deprecated. Please use `torch.amp.custom_bwd(args..., device_type='cuda')` instead.
  @custom_bwd
/kaggle/working/site-packages/onmt/modules/sru.py:395: FutureWarning: `torch.cuda.amp.custom_fwd(args...)` is deprecated. Please use `torch.amp.custom_fwd(args..., device_type='cuda')` instead.
  @custom_fwd
/kaggle/working/site-packages/onmt/modules/sru.py:444: FutureWarning: `torch.cuda.amp.custom_bwd(args...)` is deprecated. Please use `torch.amp.custom_bwd(args..., device_type='cuda')` instead.
  @custom_bwd
/kaggle/working/site-packages/onmt/modules/sparse_losses.py:10: FutureWarning: `torch.cuda.amp.custom_fwd(args...)` is deprecated. Please use `torch.amp.custom_fwd(args..., device_type='cuda')` instead.
  @custom_fwd
/kaggle/working/site-packages/onmt/modules/sparse_losses.py:31: FutureWarning: `torch.cuda.amp.custom_bwd(args...)` is deprecated. Please use `torch.amp.custom_bwd(args..., device_type='cuda')` instead.
  @custom_bwd
[2026-09-23 20:22:58,770 INFO] Weighted corpora loaded so far:
			* corpus_1: 1
/kaggle/working/site-packages/onmt/modules/sparse_activations.py:46: FutureWarning: `torch.cuda.amp.custom_fwd(args...)` is deprecated. Please use `torch.amp.custom_fwd(args..., device_type='cuda')` instead.
  @custom_fwd
/kaggle/working/site-packages/onmt/modules/sparse_activations.py:66: FutureWarning: `torch.cuda.amp.custom_bwd(args...)` is deprecated. Please use `torch.amp.custom_bwd(args..., device_type='cuda')` instead.
  @custom_bwd
/kaggle/working/site-packages/onmt/modules/sru.py:395: FutureWarning: `torch.cuda.amp.custom_fwd(args...)` is deprecated. Please use `torch.amp.custom_fwd(args..., device_type='cuda')` instead.
  @custom_fwd
/kaggle/working/site-packages/onmt/modules/sru.py:444: FutureWarning: `torch.cuda.amp.custom_bwd(args...)` is deprecated. Please use `torch.amp.custom_bwd(args..., device_type='cuda')` instead.
  @custom_bwd
/kaggle/working/site-packages/onmt/modules/sparse_losses.py:10: FutureWarning: `torch.cuda.amp.custom_fwd(args...)` is deprecated. Please use `torch.amp.custom_fwd(args..., device_type='cuda')` instead.
  @custom_fwd
/kaggle/working/site-packages/onmt/modules/sparse_losses.py:31: FutureWarning: `torch.cuda.amp.custom_bwd(args...)` is deprecated. Please use `torch.amp.custom_bwd(args..., device_type='cuda')` instead.
  @custom_bwd
[2026-09-23 20:23:00,186 INFO] Weighted corpora loaded so far:
			* corpus_1: 1
/kaggle/working/site-packages/onmt/trainer.py:498: FutureWarning: `torch.cuda.amp.autocast(args...)` is deprecated. Please use `torch.amp.autocast('cuda', args...)` instead.
  with torch.cuda.amp.autocast(enabled=self.optim.amp):
[2026-09-23 20:23:31,129 INFO] * Transform statistics for corpus_1(12.50%):
			* SubwordStats: 4221581 -> 5420169 tokens

[2026-09-23 20:23:31,129 INFO] Weighted corpora loaded so far:
			* corpus_1: 2
[2026-09-23 20:23:31,417 INFO] * Transform statistics for corpus_1(12.50%):
			* SubwordStats: 4217843 -> 5413094 tokens

[2026-09-23 20:23:31,417 INFO] Weighted corpora loaded so far:
			* corpus_1: 2
[2026-09-23 20:23:31,904 INFO] * Transform statistics for corpus_1(12.50%):
			* SubwordStats: 4221937 -> 5415699 tokens

[2026-09-23 20:23:31,904 INFO] Weighted corpora loaded so far:
			* corpus_1: 2
[2026-09-23 20:23:32,185 INFO] * Transform statistics for corpus_1(12.50%):
			* SubwordStats: 4218075 -> 5411255 tokens

[2026-09-23 20:23:32,186 INFO] Weighted corpora loaded so far:
			* corpus_1: 2
[2026-09-23 20:23:32,261 INFO] * Transform statistics for corpus_1(12.50%):
			* SubwordStats: 4222097 -> 5416687 tokens

[2026-09-23 20:23:32,261 INFO] Weighted corpora loaded so far:
			* corpus_1: 2
[2026-09-23 20:23:32,396 INFO] * Transform statistics for corpus_1(12.50%):
			* SubwordStats: 4219321 -> 5415466 tokens

[2026-09-23 20:23:32,396 INFO] Weighted corpora loaded so far:
			* corpus_1: 2
[2026-09-23 20:23:32,621 INFO] * Transform statistics for corpus_1(12.50%):
			* SubwordStats: 4222892 -> 5419487 tokens

[2026-09-23 20:23:32,621 INFO] Weighted corpora loaded so far:
			* corpus_1: 2
[2026-09-23 20:23:32,686 INFO] * Transform statistics for corpus_1(12.50%):
			* SubwordStats: 4218159 -> 5410535 tokens

[2026-09-23 20:23:32,687 INFO] Weighted corpora loaded so far:
			* corpus_1: 2
[2026-09-23 20:24:13,465 INFO] * Transform statistics for corpus_1(12.50%):
			* SubwordStats: 5621523 -> 7214296 tokens

[2026-09-23 20:24:13,465 INFO] Weighted corpora loaded so far:
			* corpus_1: 3
[2026-09-23 20:24:13,743 INFO] * Transform statistics for corpus_1(12.50%):
			* SubwordStats: 5630596 -> 7229563 tokens

[2026-09-23 20:24:13,743 INFO] Weighted corpora loaded so far:
			* corpus_1: 3
[2026-09-23 20:24:14,499 INFO] * Transform statistics for corpus_1(12.50%):
			* SubwordStats: 5619925 -> 7210992 tokens

[2026-09-23 20:24:14,499 INFO] Weighted corpora loaded so far:
			* corpus_1: 3
[2026-09-23 20:24:14,966 INFO] * Transform statistics for corpus_1(12.50%):
			* SubwordStats: 5631980 -> 7224390 tokens

[2026-09-23 20:24:14,966 INFO] Weighted corpora loaded so far:
			* corpus_1: 3
[2026-09-23 20:24:15,604 INFO] * Transform statistics for corpus_1(12.50%):
			* SubwordStats: 5627864 -> 7218615 tokens

[2026-09-23 20:24:15,605 INFO] Weighted corpora loaded so far:
			* corpus_1: 3
[2026-09-23 20:24:16,245 INFO] * Transform statistics for corpus_1(12.50%):
			* SubwordStats: 5628137 -> 7221367 tokens

[2026-09-23 20:24:16,245 INFO] Weighted corpora loaded so far:
			* corpus_1: 3
[2026-09-23 20:24:16,331 INFO] * Transform statistics for corpus_1(12.50%):
			* SubwordStats: 5632764 -> 7228925 tokens

[2026-09-23 20:24:16,331 INFO] Weighted corpora loaded so far:
			* corpus_1: 3
[2026-09-23 20:24:16,574 INFO] * Transform statistics for corpus_1(12.50%):
			* SubwordStats: 5624872 -> 7215617 tokens

[2026-09-23 20:24:16,575 INFO] Weighted corpora loaded so far:
			* corpus_1: 3
[2026-09-23 20:25:02,029 INFO] * Transform statistics for corpus_1(12.50%):
			* SubwordStats: 5619083 -> 7210284 tokens

[2026-09-23 20:25:02,029 INFO] Weighted corpora loaded so far:
			* corpus_1: 4
[2026-09-23 20:25:03,373 INFO] * Transform statistics for corpus_1(12.50%):
			* SubwordStats: 5623342 -> 7212232 tokens

[2026-09-23 20:25:03,374 INFO] Weighted corpora loaded so far:
			* corpus_1: 4
[2026-09-23 20:25:03,381 INFO] * Transform statistics for corpus_1(12.50%):
			* SubwordStats: 5631241 -> 7230226 tokens

[2026-09-23 20:25:03,382 INFO] Weighted corpora loaded so far:
			* corpus_1: 4
[2026-09-23 20:25:03,434 INFO] * Transform statistics for corpus_1(12.50%):
			* SubwordStats: 5632936 -> 7230334 tokens

[2026-09-23 20:25:03,434 INFO] Weighted corpora loaded so far:
			* corpus_1: 4
[2026-09-23 20:25:03,466 INFO] * Transform statistics for corpus_1(12.50%):
			* SubwordStats: 5620188 -> 7213208 tokens

[2026-09-23 20:25:03,466 INFO] Weighted corpora loaded so far:
			* corpus_1: 4
[2026-09-23 20:25:04,006 INFO] * Transform statistics for corpus_1(12.50%):
			* SubwordStats: 5625906 -> 7216053 tokens

[2026-09-23 20:25:04,006 INFO] Weighted corpora loaded so far:
			* corpus_1: 4
[2026-09-23 20:25:04,460 INFO] * Transform statistics for corpus_1(12.50%):
			* SubwordStats: 5625875 -> 7219215 tokens

[2026-09-23 20:25:04,460 INFO] Weighted corpora loaded so far:
			* corpus_1: 4
[2026-09-23 20:25:05,387 INFO] * Transform statistics for corpus_1(12.50%):
			* SubwordStats: 5630710 -> 7222151 tokens

[2026-09-23 20:25:05,387 INFO] Weighted corpora loaded so far:
			* corpus_1: 4
[2026-09-23 20:25:58,675 INFO] * Transform statistics for corpus_1(12.50%):
			* SubwordStats: 5619238 -> 7210830 tokens

[2026-09-23 20:25:58,676 INFO] Weighted corpora loaded so far:
			* corpus_1: 5
[2026-09-23 20:25:59,089 INFO] * Transform statistics for corpus_1(12.50%):
			* SubwordStats: 5627272 -> 7217807 tokens

[2026-09-23 20:25:59,089 INFO] Weighted corpora loaded so far:
			* corpus_1: 5
[2026-09-23 20:25:59,377 INFO] * Transform statistics for corpus_1(12.50%):
			* SubwordStats: 5633234 -> 7232426 tokens

[2026-09-23 20:25:59,377 INFO] Weighted corpora loaded so far:
			* corpus_1: 5
[2026-09-23 20:25:59,760 INFO] * Transform statistics for corpus_1(12.50%):
			* SubwordStats: 5632956 -> 7229724 tokens

[2026-09-23 20:25:59,761 INFO] Weighted corpora loaded so far:
			* corpus_1: 5
[2026-09-23 20:25:59,829 INFO] * Transform statistics for corpus_1(12.50%):
			* SubwordStats: 5619885 -> 7212789 tokens

[2026-09-23 20:25:59,829 INFO] Weighted corpora loaded so far:
			* corpus_1: 5
[2026-09-23 20:26:00,224 INFO] * Transform statistics for corpus_1(12.50%):
			* SubwordStats: 5625020 -> 7217737 tokens

[2026-09-23 20:26:00,224 INFO] Weighted corpora loaded so far:
			* corpus_1: 5
[2026-09-23 20:26:00,590 INFO] * Transform statistics for corpus_1(12.50%):
			* SubwordStats: 5624923 -> 7215663 tokens

[2026-09-23 20:26:00,591 INFO] Weighted corpora loaded so far:
			* corpus_1: 5
[2026-09-23 20:26:01,642 INFO] * Transform statistics for corpus_1(12.50%):
			* SubwordStats: 5629354 -> 7220942 tokens

[2026-09-23 20:26:01,642 INFO] Weighted corpora loaded so far:
			* corpus_1: 5
[2026-09-23 20:26:20,045 INFO] Step 2000/50000; acc: 56.2; ppl:  28.2; xent: 3.3; lr: 0.00070; sents: 10540928; bsz: 41401/36456/5270; 392024/345200 tok/s;    211 sec;
/kaggle/working/site-packages/onmt/modules/sparse_activations.py:46: FutureWarning: `torch.cuda.amp.custom_fwd(args...)` is deprecated. Please use `torch.amp.custom_fwd(args..., device_type='cuda')` instead.
  @custom_fwd
/kaggle/working/site-packages/onmt/modules/sparse_activations.py:66: FutureWarning: `torch.cuda.amp.custom_bwd(args...)` is deprecated. Please use `torch.amp.custom_bwd(args..., device_type='cuda')` instead.
  @custom_bwd
/kaggle/working/site-packages/onmt/modules/sru.py:395: FutureWarning: `torch.cuda.amp.custom_fwd(args...)` is deprecated. Please use `torch.amp.custom_fwd(args..., device_type='cuda')` instead.
  @custom_fwd
/kaggle/working/site-packages/onmt/modules/sru.py:444: FutureWarning: `torch.cuda.amp.custom_bwd(args...)` is deprecated. Please use `torch.amp.custom_bwd(args..., device_type='cuda')` instead.
  @custom_bwd
/kaggle/working/site-packages/onmt/modules/sparse_losses.py:10: FutureWarning: `torch.cuda.amp.custom_fwd(args...)` is deprecated. Please use `torch.amp.custom_fwd(args..., device_type='cuda')` instead.
  @custom_fwd
/kaggle/working/site-packages/onmt/modules/sparse_losses.py:31: FutureWarning: `torch.cuda.amp.custom_bwd(args...)` is deprecated. Please use `torch.amp.custom_bwd(args..., device_type='cuda')` instead.
  @custom_bwd
/kaggle/working/site-packages/onmt/modules/sparse_activations.py:46: FutureWarning: `torch.cuda.amp.custom_fwd(args...)` is deprecated. Please use `torch.amp.custom_fwd(args..., device_type='cuda')` instead.
  @custom_fwd
/kaggle/working/site-packages/onmt/modules/sparse_activations.py:66: FutureWarning: `torch.cuda.amp.custom_bwd(args...)` is deprecated. Please use `torch.amp.custom_bwd(args..., device_type='cuda')` instead.
  @custom_bwd
/kaggle/working/site-packages/onmt/modules/sru.py:395: FutureWarning: `torch.cuda.amp.custom_fwd(args...)` is deprecated. Please use `torch.amp.custom_fwd(args..., device_type='cuda')` instead.
  @custom_fwd
/kaggle/working/site-packages/onmt/modules/sru.py:444: FutureWarning: `torch.cuda.amp.custom_bwd(args...)` is deprecated. Please use `torch.amp.custom_bwd(args..., device_type='cuda')` instead.
  @custom_bwd
/kaggle/working/site-packages/onmt/modules/sparse_losses.py:10: FutureWarning: `torch.cuda.amp.custom_fwd(args...)` is deprecated. Please use `torch.amp.custom_fwd(args..., device_type='cuda')` instead.
  @custom_fwd
/kaggle/working/site-packages/onmt/modules/sparse_losses.py:31: FutureWarning: `torch.cuda.amp.custom_bwd(args...)` is deprecated. Please use `torch.amp.custom_bwd(args..., device_type='cuda')` instead.
  @custom_bwd
/kaggle/working/site-packages/onmt/modules/sparse_activations.py:46: FutureWarning: `torch.cuda.amp.custom_fwd(args...)` is deprecated. Please use `torch.amp.custom_fwd(args..., device_type='cuda')` instead.
  @custom_fwd
/kaggle/working/site-packages/onmt/modules/sparse_activations.py:66: FutureWarning: `torch.cuda.amp.custom_bwd(args...)` is deprecated. Please use `torch.amp.custom_bwd(args..., device_type='cuda')` instead.
  @custom_bwd
/kaggle/working/site-packages/onmt/modules/sru.py:395: FutureWarning: `torch.cuda.amp.custom_fwd(args...)` is deprecated. Please use `torch.amp.custom_fwd(args..., device_type='cuda')` instead.
  @custom_fwd
/kaggle/working/site-packages/onmt/modules/sru.py:444: FutureWarning: `torch.cuda.amp.custom_bwd(args...)` is deprecated. Please use `torch.amp.custom_bwd(args..., device_type='cuda')` instead.
  @custom_bwd
/kaggle/working/site-packages/onmt/modules/sparse_losses.py:10: FutureWarning: `torch.cuda.amp.custom_fwd(args...)` is deprecated. Please use `torch.amp.custom_fwd(args..., device_type='cuda')` instead.
  @custom_fwd
/kaggle/working/site-packages/onmt/modules/sparse_losses.py:31: FutureWarning: `torch.cuda.amp.custom_bwd(args...)` is deprecated. Please use `torch.amp.custom_bwd(args..., device_type='cuda')` instead.
  @custom_bwd
/kaggle/working/site-packages/onmt/modules/sparse_activations.py:46: FutureWarning: `torch.cuda.amp.custom_fwd(args...)` is deprecated. Please use `torch.amp.custom_fwd(args..., device_type='cuda')` instead.
  @custom_fwd
/kaggle/working/site-packages/onmt/modules/sparse_activations.py:66: FutureWarning: `torch.cuda.amp.custom_bwd(args...)` is deprecated. Please use `torch.amp.custom_bwd(args..., device_type='cuda')` instead.
  @custom_bwd
/kaggle/working/site-packages/onmt/modules/sru.py:395: FutureWarning: `torch.cuda.amp.custom_fwd(args...)` is deprecated. Please use `torch.amp.custom_fwd(args..., device_type='cuda')` instead.
  @custom_fwd
/kaggle/working/site-packages/onmt/modules/sru.py:444: FutureWarning: `torch.cuda.amp.custom_bwd(args...)` is deprecated. Please use `torch.amp.custom_bwd(args..., device_type='cuda')` instead.
  @custom_bwd
/kaggle/working/site-packages/onmt/modules/sparse_losses.py:10: FutureWarning: `torch.cuda.amp.custom_fwd(args...)` is deprecated. Please use `torch.amp.custom_fwd(args..., device_type='cuda')` instead.
  @custom_fwd
/kaggle/working/site-packages/onmt/modules/sparse_losses.py:31: FutureWarning: `torch.cuda.amp.custom_bwd(args...)` is deprecated. Please use `torch.amp.custom_bwd(args..., device_type='cuda')` instead.
  @custom_bwd
/kaggle/working/site-packages/onmt/modules/sparse_activations.py:46: FutureWarning: `torch.cuda.amp.custom_fwd(args...)` is deprecated. Please use `torch.amp.custom_fwd(args..., device_type='cuda')` instead.
  @custom_fwd
/kaggle/working/site-packages/onmt/modules/sparse_activations.py:66: FutureWarning: `torch.cuda.amp.custom_bwd(args...)` is deprecated. Please use `torch.amp.custom_bwd(args..., device_type='cuda')` instead.
  @custom_bwd
/kaggle/working/site-packages/onmt/modules/sru.py:395: FutureWarning: `torch.cuda.amp.custom_fwd(args...)` is deprecated. Please use `torch.amp.custom_fwd(args..., device_type='cuda')` instead.
  @custom_fwd
/kaggle/working/site-packages/onmt/modules/sru.py:444: FutureWarning: `torch.cuda.amp.custom_bwd(args...)` is deprecated. Please use `torch.amp.custom_bwd(args..., device_type='cuda')` instead.
  @custom_bwd
/kaggle/working/site-packages/onmt/modules/sparse_losses.py:10: FutureWarning: `torch.cuda.amp.custom_fwd(args...)` is deprecated. Please use `torch.amp.custom_fwd(args..., device_type='cuda')` instead.
  @custom_fwd
/kaggle/working/site-packages/onmt/modules/sparse_losses.py:31: FutureWarning: `torch.cuda.amp.custom_bwd(args...)` is deprecated. Please use `torch.amp.custom_bwd(args..., device_type='cuda')` instead.
  @custom_bwd
/kaggle/working/site-packages/onmt/modules/sparse_activations.py:46: FutureWarning: `torch.cuda.amp.custom_fwd(args...)` is deprecated. Please use `torch.amp.custom_fwd(args..., device_type='cuda')` instead.
  @custom_fwd
/kaggle/working/site-packages/onmt/modules/sparse_activations.py:66: FutureWarning: `torch.cuda.amp.custom_bwd(args...)` is deprecated. Please use `torch.amp.custom_bwd(args..., device_type='cuda')` instead.
  @custom_bwd
/kaggle/working/site-packages/onmt/modules/sru.py:395: FutureWarning: `torch.cuda.amp.custom_fwd(args...)` is deprecated. Please use `torch.amp.custom_fwd(args..., device_type='cuda')` instead.
  @custom_fwd
/kaggle/working/site-packages/onmt/modules/sru.py:444: FutureWarning: `torch.cuda.amp.custom_bwd(args...)` is deprecated. Please use `torch.amp.custom_bwd(args..., device_type='cuda')` instead.
  @custom_bwd
/kaggle/working/site-packages/onmt/modules/sparse_losses.py:10: FutureWarning: `torch.cuda.amp.custom_fwd(args...)` is deprecated. Please use `torch.amp.custom_fwd(args..., device_type='cuda')` instead.
  @custom_fwd
/kaggle/working/site-packages/onmt/modules/sparse_losses.py:31: FutureWarning: `torch.cuda.amp.custom_bwd(args...)` is deprecated. Please use `torch.amp.custom_bwd(args..., device_type='cuda')` instead.
  @custom_bwd
/kaggle/working/site-packages/onmt/modules/sparse_activations.py:46: FutureWarning: `torch.cuda.amp.custom_fwd(args...)` is deprecated. Please use `torch.amp.custom_fwd(args..., device_type='cuda')` instead.
  @custom_fwd
/kaggle/working/site-packages/onmt/modules/sparse_activations.py:66: FutureWarning: `torch.cuda.amp.custom_bwd(args...)` is deprecated. Please use `torch.amp.custom_bwd(args..., device_type='cuda')` instead.
  @custom_bwd
/kaggle/working/site-packages/onmt/modules/sru.py:395: FutureWarning: `torch.cuda.amp.custom_fwd(args...)` is deprecated. Please use `torch.amp.custom_fwd(args..., device_type='cuda')` instead.
  @custom_fwd
/kaggle/working/site-packages/onmt/modules/sru.py:444: FutureWarning: `torch.cuda.amp.custom_bwd(args...)` is deprecated. Please use `torch.amp.custom_bwd(args..., device_type='cuda')` instead.
  @custom_bwd
/kaggle/working/site-packages/onmt/modules/sparse_losses.py:10: FutureWarning: `torch.cuda.amp.custom_fwd(args...)` is deprecated. Please use `torch.amp.custom_fwd(args..., device_type='cuda')` instead.
  @custom_fwd
/kaggle/working/site-packages/onmt/modules/sparse_losses.py:31: FutureWarning: `torch.cuda.amp.custom_bwd(args...)` is deprecated. Please use `torch.amp.custom_bwd(args..., device_type='cuda')` instead.
  @custom_bwd
/kaggle/working/site-packages/onmt/modules/sparse_activations.py:46: FutureWarning: `torch.cuda.amp.custom_fwd(args...)` is deprecated. Please use `torch.amp.custom_fwd(args..., device_type='cuda')` instead.
  @custom_fwd
/kaggle/working/site-packages/onmt/modules/sparse_activations.py:66: FutureWarning: `torch.cuda.amp.custom_bwd(args...)` is deprecated. Please use `torch.amp.custom_bwd(args..., device_type='cuda')` instead.
  @custom_bwd
/kaggle/working/site-packages/onmt/modules/sru.py:395: FutureWarning: `torch.cuda.amp.custom_fwd(args...)` is deprecated. Please use `torch.amp.custom_fwd(args..., device_type='cuda')` instead.
  @custom_fwd
/kaggle/working/site-packages/onmt/modules/sru.py:444: FutureWarning: `torch.cuda.amp.custom_bwd(args...)` is deprecated. Please use `torch.amp.custom_bwd(args..., device_type='cuda')` instead.
  @custom_bwd
/kaggle/working/site-packages/onmt/modules/sparse_losses.py:10: FutureWarning: `torch.cuda.amp.custom_fwd(args...)` is deprecated. Please use `torch.amp.custom_fwd(args..., device_type='cuda')` instead.
  @custom_fwd
/kaggle/working/site-packages/onmt/modules/sparse_losses.py:31: FutureWarning: `torch.cuda.amp.custom_bwd(args...)` is deprecated. Please use `torch.amp.custom_bwd(args..., device_type='cuda')` instead.
  @custom_bwd
/kaggle/working/site-packages/onmt/trainer.py:397: FutureWarning: `torch.cuda.amp.autocast(args...)` is deprecated. Please use `torch.amp.autocast('cuda', args...)` instead.
  with torch.cuda.amp.autocast(enabled=self.optim.amp):
[2026-09-23 20:26:37,994 INFO] valid stats calculation
                           took: 17.949219226837158 s.
[2026-09-23 20:26:37,995 INFO] Train perplexity: 28.1992
[2026-09-23 20:26:37,995 INFO] Train accuracy: 56.212
[2026-09-23 20:26:37,995 INFO] Sentences processed: 1.05409e+07
[2026-09-23 20:26:37,995 INFO] Average bsz: 41401/36456/5270
[2026-09-23 20:26:37,995 INFO] Validation perplexity: 2.04228
[2026-09-23 20:26:37,995 INFO] Validation accuracy: 88.3176
[2026-09-23 20:26:43,189 INFO] * Transform statistics for corpus_1(12.50%):
			* SubwordStats: 5621705 -> 7213895 tokens

[2026-09-23 20:26:43,189 INFO] Weighted corpora loaded so far:
			* corpus_1: 6
[2026-09-23 20:26:49,278 INFO] * Transform statistics for corpus_1(12.50%):
			* SubwordStats: 5626281 -> 7216942 tokens

[2026-09-23 20:26:49,279 INFO] Weighted corpora loaded so far:
			* corpus_1: 6
[2026-09-23 20:26:50,181 INFO] * Transform statistics for corpus_1(12.50%):
			* SubwordStats: 5622465 -> 7215904 tokens

[2026-09-23 20:26:50,181 INFO] Weighted corpora loaded so far:
			* corpus_1: 6
[2026-09-23 20:26:51,797 INFO] * Transform statistics for corpus_1(12.50%):
			* SubwordStats: 5631246 -> 7231136 tokens

[2026-09-23 20:26:51,797 INFO] Weighted corpora loaded so far:
			* corpus_1: 6
[2026-09-23 20:26:51,947 INFO] * Transform statistics for corpus_1(12.50%):
			* SubwordStats: 5626885 -> 7220742 tokens

[2026-09-23 20:26:51,948 INFO] Weighted corpora loaded so far:
			* corpus_1: 6
[2026-09-23 20:26:53,555 INFO] * Transform statistics for corpus_1(12.50%):
			* SubwordStats: 5631102 -> 7228165 tokens

[2026-09-23 20:26:53,555 INFO] Weighted corpora loaded so far:
			* corpus_1: 6
[2026-09-23 20:26:54,304 INFO] * Transform statistics for corpus_1(12.50%):
			* SubwordStats: 5623704 -> 7213428 tokens

[2026-09-23 20:26:54,304 INFO] Weighted corpora loaded so far:
			* corpus_1: 6
[2026-09-23 20:26:54,363 INFO] * Transform statistics for corpus_1(12.50%):
			* SubwordStats: 5631621 -> 7222264 tokens

[2026-09-23 20:26:54,363 INFO] Weighted corpora loaded so far:
			* corpus_1: 6
[2026-09-23 20:27:37,355 INFO] * Transform statistics for corpus_1(12.50%):
			* SubwordStats: 4218099 -> 5411338 tokens

[2026-09-23 20:27:37,355 INFO] Weighted corpora loaded so far:
			* corpus_1: 7
[2026-09-23 20:27:39,651 INFO] * Transform statistics for corpus_1(12.50%):
			* SubwordStats: 4221326 -> 5415400 tokens

[2026-09-23 20:27:39,652 INFO] Weighted corpora loaded so far:
			* corpus_1: 7
[2026-09-23 20:27:40,375 INFO] * Transform statistics for corpus_1(12.50%):
			* SubwordStats: 4217815 -> 5412542 tokens

[2026-09-23 20:27:40,375 INFO] Weighted corpora loaded so far:
			* corpus_1: 7
[2026-09-23 20:27:40,442 INFO] * Transform statistics for corpus_1(12.50%):
			* SubwordStats: 4219734 -> 5416164 tokens

[2026-09-23 20:27:40,442 INFO] Weighted corpora loaded so far:
			* corpus_1: 7
[2026-09-23 20:27:42,015 INFO] * Transform statistics for corpus_1(12.50%):
			* SubwordStats: 4222546 -> 5420592 tokens

[2026-09-23 20:27:42,015 INFO] Weighted corpora loaded so far:
			* corpus_1: 7
[2026-09-23 20:27:44,248 INFO] * Transform statistics for corpus_1(12.50%):
			* SubwordStats: 4223335 -> 5420233 tokens

[2026-09-23 20:27:44,248 INFO] Weighted corpora loaded so far:
			* corpus_1: 7
[2026-09-23 20:27:46,472 INFO] * Transform statistics for corpus_1(12.50%):
			* SubwordStats: 4222610 -> 5415854 tokens

[2026-09-23 20:27:46,472 INFO] Weighted corpora loaded so far:
			* corpus_1: 7
[2026-09-23 20:27:47,760 INFO] * Transform statistics for corpus_1(12.50%):
			* SubwordStats: 4217872 -> 5410734 tokens

[2026-09-23 20:27:47,760 INFO] Weighted corpora loaded so far:
			* corpus_1: 7
[2026-09-23 20:28:45,800 INFO] * Transform statistics for corpus_1(12.50%):
			* SubwordStats: 5619751 -> 7211087 tokens

[2026-09-23 20:28:45,800 INFO] Weighted corpora loaded so far:
			* corpus_1: 8
[2026-09-23 20:28:47,935 INFO] * Transform statistics for corpus_1(12.50%):
			* SubwordStats: 5626138 -> 7218968 tokens

[2026-09-23 20:28:47,936 INFO] Weighted corpora loaded so far:
			* corpus_1: 8
[2026-09-23 20:28:48,320 INFO] * Transform statistics for corpus_1(12.50%):
			* SubwordStats: 5627760 -> 7219182 tokens

[2026-09-23 20:28:48,320 INFO] Weighted corpora loaded so far:
			* corpus_1: 8
[2026-09-23 20:28:49,427 INFO] * Transform statistics for corpus_1(12.50%):
			* SubwordStats: 5630449 -> 7229964 tokens

[2026-09-23 20:28:49,427 INFO] Weighted corpora loaded so far:
			* corpus_1: 8
[2026-09-23 20:28:49,599 INFO] * Transform statistics for corpus_1(12.50%):
			* SubwordStats: 5621534 -> 7214832 tokens

[2026-09-23 20:28:49,599 INFO] Weighted corpora loaded so far:
			* corpus_1: 8
[2026-09-23 20:28:53,904 INFO] * Transform statistics for corpus_1(12.50%):
			* SubwordStats: 5633351 -> 7229047 tokens

[2026-09-23 20:28:53,904 INFO] Weighted corpora loaded so far:
			* corpus_1: 8
[2026-09-23 20:28:59,389 INFO] * Transform statistics for corpus_1(12.50%):
			* SubwordStats: 5624805 -> 7215648 tokens

[2026-09-23 20:28:59,389 INFO] Weighted corpora loaded so far:
			* corpus_1: 8
[2026-09-23 20:29:00,625 INFO] * Transform statistics for corpus_1(12.50%):
			* SubwordStats: 5631388 -> 7223109 tokens

[2026-09-23 20:29:00,625 INFO] Weighted corpora loaded so far:
			* corpus_1: 8
[2026-09-23 20:29:35,460 INFO] Step 4000/50000; acc: 94.2; ppl:   1.3; xent: 0.3; lr: 0.00140; sents: 10566838; bsz: 41459/36560/5283; 424312/374181 tok/s;    407 sec;
/kaggle/working/site-packages/onmt/modules/sparse_activations.py:46: FutureWarning: `torch.cuda.amp.custom_fwd(args...)` is deprecated. Please use `torch.amp.custom_fwd(args..., device_type='cuda')` instead.
  @custom_fwd
/kaggle/working/site-packages/onmt/modules/sparse_activations.py:66: FutureWarning: `torch.cuda.amp.custom_bwd(args...)` is deprecated. Please use `torch.amp.custom_bwd(args..., device_type='cuda')` instead.
  @custom_bwd
/kaggle/working/site-packages/onmt/modules/sru.py:395: FutureWarning: `torch.cuda.amp.custom_fwd(args...)` is deprecated. Please use `torch.amp.custom_fwd(args..., device_type='cuda')` instead.
  @custom_fwd
/kaggle/working/site-packages/onmt/modules/sru.py:444: FutureWarning: `torch.cuda.amp.custom_bwd(args...)` is deprecated. Please use `torch.amp.custom_bwd(args..., device_type='cuda')` instead.
  @custom_bwd
/kaggle/working/site-packages/onmt/modules/sparse_losses.py:10: FutureWarning: `torch.cuda.amp.custom_fwd(args...)` is deprecated. Please use `torch.amp.custom_fwd(args..., device_type='cuda')` instead.
  @custom_fwd
/kaggle/working/site-packages/onmt/modules/sparse_losses.py:31: FutureWarning: `torch.cuda.amp.custom_bwd(args...)` is deprecated. Please use `torch.amp.custom_bwd(args..., device_type='cuda')` instead.
  @custom_bwd
/kaggle/working/site-packages/onmt/modules/sparse_activations.py:46: FutureWarning: `torch.cuda.amp.custom_fwd(args...)` is deprecated. Please use `torch.amp.custom_fwd(args..., device_type='cuda')` instead.
  @custom_fwd
/kaggle/working/site-packages/onmt/modules/sparse_activations.py:66: FutureWarning: `torch.cuda.amp.custom_bwd(args...)` is deprecated. Please use `torch.amp.custom_bwd(args..., device_type='cuda')` instead.
  @custom_bwd
/kaggle/working/site-packages/onmt/modules/sru.py:395: FutureWarning: `torch.cuda.amp.custom_fwd(args...)` is deprecated. Please use `torch.amp.custom_fwd(args..., device_type='cuda')` instead.
  @custom_fwd
/kaggle/working/site-packages/onmt/modules/sru.py:444: FutureWarning: `torch.cuda.amp.custom_bwd(args...)` is deprecated. Please use `torch.amp.custom_bwd(args..., device_type='cuda')` instead.
  @custom_bwd
/kaggle/working/site-packages/onmt/modules/sparse_losses.py:10: FutureWarning: `torch.cuda.amp.custom_fwd(args...)` is deprecated. Please use `torch.amp.custom_fwd(args..., device_type='cuda')` instead.
  @custom_fwd
/kaggle/working/site-packages/onmt/modules/sparse_losses.py:31: FutureWarning: `torch.cuda.amp.custom_bwd(args...)` is deprecated. Please use `torch.amp.custom_bwd(args..., device_type='cuda')` instead.
  @custom_bwd
/kaggle/working/site-packages/onmt/modules/sparse_activations.py:46: FutureWarning: `torch.cuda.amp.custom_fwd(args...)` is deprecated. Please use `torch.amp.custom_fwd(args..., device_type='cuda')` instead.
  @custom_fwd
/kaggle/working/site-packages/onmt/modules/sparse_activations.py:66: FutureWarning: `torch.cuda.amp.custom_bwd(args...)` is deprecated. Please use `torch.amp.custom_bwd(args..., device_type='cuda')` instead.
  @custom_bwd
/kaggle/working/site-packages/onmt/modules/sru.py:395: FutureWarning: `torch.cuda.amp.custom_fwd(args...)` is deprecated. Please use `torch.amp.custom_fwd(args..., device_type='cuda')` instead.
  @custom_fwd
/kaggle/working/site-packages/onmt/modules/sru.py:444: FutureWarning: `torch.cuda.amp.custom_bwd(args...)` is deprecated. Please use `torch.amp.custom_bwd(args..., device_type='cuda')` instead.
  @custom_bwd
/kaggle/working/site-packages/onmt/modules/sparse_losses.py:10: FutureWarning: `torch.cuda.amp.custom_fwd(args...)` is deprecated. Please use `torch.amp.custom_fwd(args..., device_type='cuda')` instead.
  @custom_fwd
/kaggle/working/site-packages/onmt/modules/sparse_losses.py:31: FutureWarning: `torch.cuda.amp.custom_bwd(args...)` is deprecated. Please use `torch.amp.custom_bwd(args..., device_type='cuda')` instead.
  @custom_bwd
/kaggle/working/site-packages/onmt/modules/sparse_activations.py:46: FutureWarning: `torch.cuda.amp.custom_fwd(args...)` is deprecated. Please use `torch.amp.custom_fwd(args..., device_type='cuda')` instead.
  @custom_fwd
/kaggle/working/site-packages/onmt/modules/sparse_activations.py:66: FutureWarning: `torch.cuda.amp.custom_bwd(args...)` is deprecated. Please use `torch.amp.custom_bwd(args..., device_type='cuda')` instead.
  @custom_bwd
/kaggle/working/site-packages/onmt/modules/sru.py:395: FutureWarning: `torch.cuda.amp.custom_fwd(args...)` is deprecated. Please use `torch.amp.custom_fwd(args..., device_type='cuda')` instead.
  @custom_fwd
/kaggle/working/site-packages/onmt/modules/sru.py:444: FutureWarning: `torch.cuda.amp.custom_bwd(args...)` is deprecated. Please use `torch.amp.custom_bwd(args..., device_type='cuda')` instead.
  @custom_bwd
/kaggle/working/site-packages/onmt/modules/sparse_losses.py:10: FutureWarning: `torch.cuda.amp.custom_fwd(args...)` is deprecated. Please use `torch.amp.custom_fwd(args..., device_type='cuda')` instead.
  @custom_fwd
/kaggle/working/site-packages/onmt/modules/sparse_losses.py:31: FutureWarning: `torch.cuda.amp.custom_bwd(args...)` is deprecated. Please use `torch.amp.custom_bwd(args..., device_type='cuda')` instead.
  @custom_bwd
/kaggle/working/site-packages/onmt/modules/sparse_activations.py:46: FutureWarning: `torch.cuda.amp.custom_fwd(args...)` is deprecated. Please use `torch.amp.custom_fwd(args..., device_type='cuda')` instead.
  @custom_fwd
/kaggle/working/site-packages/onmt/modules/sparse_activations.py:66: FutureWarning: `torch.cuda.amp.custom_bwd(args...)` is deprecated. Please use `torch.amp.custom_bwd(args..., device_type='cuda')` instead.
  @custom_bwd
/kaggle/working/site-packages/onmt/modules/sru.py:395: FutureWarning: `torch.cuda.amp.custom_fwd(args...)` is deprecated. Please use `torch.amp.custom_fwd(args..., device_type='cuda')` instead.
  @custom_fwd
/kaggle/working/site-packages/onmt/modules/sru.py:444: FutureWarning: `torch.cuda.amp.custom_bwd(args...)` is deprecated. Please use `torch.amp.custom_bwd(args..., device_type='cuda')` instead.
  @custom_bwd
/kaggle/working/site-packages/onmt/modules/sparse_losses.py:10: FutureWarning: `torch.cuda.amp.custom_fwd(args...)` is deprecated. Please use `torch.amp.custom_fwd(args..., device_type='cuda')` instead.
  @custom_fwd
/kaggle/working/site-packages/onmt/modules/sparse_losses.py:31: FutureWarning: `torch.cuda.amp.custom_bwd(args...)` is deprecated. Please use `torch.amp.custom_bwd(args..., device_type='cuda')` instead.
  @custom_bwd
/kaggle/working/site-packages/onmt/modules/sparse_activations.py:46: FutureWarning: `torch.cuda.amp.custom_fwd(args...)` is deprecated. Please use `torch.amp.custom_fwd(args..., device_type='cuda')` instead.
  @custom_fwd
/kaggle/working/site-packages/onmt/modules/sparse_activations.py:66: FutureWarning: `torch.cuda.amp.custom_bwd(args...)` is deprecated. Please use `torch.amp.custom_bwd(args..., device_type='cuda')` instead.
  @custom_bwd
/kaggle/working/site-packages/onmt/modules/sru.py:395: FutureWarning: `torch.cuda.amp.custom_fwd(args...)` is deprecated. Please use `torch.amp.custom_fwd(args..., device_type='cuda')` instead.
  @custom_fwd
/kaggle/working/site-packages/onmt/modules/sru.py:444: FutureWarning: `torch.cuda.amp.custom_bwd(args...)` is deprecated. Please use `torch.amp.custom_bwd(args..., device_type='cuda')` instead.
  @custom_bwd
/kaggle/working/site-packages/onmt/modules/sparse_losses.py:10: FutureWarning: `torch.cuda.amp.custom_fwd(args...)` is deprecated. Please use `torch.amp.custom_fwd(args..., device_type='cuda')` instead.
  @custom_fwd
/kaggle/working/site-packages/onmt/modules/sparse_losses.py:31: FutureWarning: `torch.cuda.amp.custom_bwd(args...)` is deprecated. Please use `torch.amp.custom_bwd(args..., device_type='cuda')` instead.
  @custom_bwd
/kaggle/working/site-packages/onmt/modules/sparse_activations.py:46: FutureWarning: `torch.cuda.amp.custom_fwd(args...)` is deprecated. Please use `torch.amp.custom_fwd(args..., device_type='cuda')` instead.
  @custom_fwd
/kaggle/working/site-packages/onmt/modules/sparse_activations.py:66: FutureWarning: `torch.cuda.amp.custom_bwd(args...)` is deprecated. Please use `torch.amp.custom_bwd(args..., device_type='cuda')` instead.
  @custom_bwd
/kaggle/working/site-packages/onmt/modules/sru.py:395: FutureWarning: `torch.cuda.amp.custom_fwd(args...)` is deprecated. Please use `torch.amp.custom_fwd(args..., device_type='cuda')` instead.
  @custom_fwd
/kaggle/working/site-packages/onmt/modules/sru.py:444: FutureWarning: `torch.cuda.amp.custom_bwd(args...)` is deprecated. Please use `torch.amp.custom_bwd(args..., device_type='cuda')` instead.
  @custom_bwd
/kaggle/working/site-packages/onmt/modules/sparse_losses.py:10: FutureWarning: `torch.cuda.amp.custom_fwd(args...)` is deprecated. Please use `torch.amp.custom_fwd(args..., device_type='cuda')` instead.
  @custom_fwd
/kaggle/working/site-packages/onmt/modules/sparse_losses.py:31: FutureWarning: `torch.cuda.amp.custom_bwd(args...)` is deprecated. Please use `torch.amp.custom_bwd(args..., device_type='cuda')` instead.
  @custom_bwd
/kaggle/working/site-packages/onmt/modules/sparse_activations.py:46: FutureWarning: `torch.cuda.amp.custom_fwd(args...)` is deprecated. Please use `torch.amp.custom_fwd(args..., device_type='cuda')` instead.
  @custom_fwd
/kaggle/working/site-packages/onmt/modules/sparse_activations.py:66: FutureWarning: `torch.cuda.amp.custom_bwd(args...)` is deprecated. Please use `torch.amp.custom_bwd(args..., device_type='cuda')` instead.
  @custom_bwd
/kaggle/working/site-packages/onmt/modules/sru.py:395: FutureWarning: `torch.cuda.amp.custom_fwd(args...)` is deprecated. Please use `torch.amp.custom_fwd(args..., device_type='cuda')` instead.
  @custom_fwd
/kaggle/working/site-packages/onmt/modules/sru.py:444: FutureWarning: `torch.cuda.amp.custom_bwd(args...)` is deprecated. Please use `torch.amp.custom_bwd(args..., device_type='cuda')` instead.
  @custom_bwd
/kaggle/working/site-packages/onmt/modules/sparse_losses.py:10: FutureWarning: `torch.cuda.amp.custom_fwd(args...)` is deprecated. Please use `torch.amp.custom_fwd(args..., device_type='cuda')` instead.
  @custom_fwd
/kaggle/working/site-packages/onmt/modules/sparse_losses.py:31: FutureWarning: `torch.cuda.amp.custom_bwd(args...)` is deprecated. Please use `torch.amp.custom_bwd(args..., device_type='cuda')` instead.
  @custom_bwd
[2026-09-23 20:29:56,050 INFO] valid stats calculation
                           took: 20.589688301086426 s.
[2026-09-23 20:29:56,051 INFO] Train perplexity: 6.05132
[2026-09-23 20:29:56,051 INFO] Train accuracy: 75.2332
[2026-09-23 20:29:56,051 INFO] Sentences processed: 2.11078e+07
[2026-09-23 20:29:56,051 INFO] Average bsz: 41430/36508/5277
[2026-09-23 20:29:56,051 INFO] Validation perplexity: 1.51994
[2026-09-23 20:29:56,051 INFO] Validation accuracy: 93.9674
[2026-09-23 20:30:11,782 INFO] * Transform statistics for corpus_1(12.50%):
			* SubwordStats: 5620148 -> 7211182 tokens

[2026-09-23 20:30:11,782 INFO] Weighted corpora loaded so far:
			* corpus_1: 9
[2026-09-23 20:30:14,225 INFO] * Transform statistics for corpus_1(12.50%):
			* SubwordStats: 5627595 -> 7217312 tokens

[2026-09-23 20:30:14,225 INFO] Weighted corpora loaded so far:
			* corpus_1: 9
[2026-09-23 20:30:15,546 INFO] * Transform statistics for corpus_1(12.50%):
			* SubwordStats: 5620465 -> 7213421 tokens

[2026-09-23 20:30:15,546 INFO] Weighted corpora loaded so far:
			* corpus_1: 9
[2026-09-23 20:30:15,570 INFO] * Transform statistics for corpus_1(12.50%):
			* SubwordStats: 5631123 -> 7228992 tokens

[2026-09-23 20:30:15,570 INFO] Weighted corpora loaded so far:
			* corpus_1: 9
[2026-09-23 20:30:16,631 INFO] * Transform statistics for corpus_1(12.50%):
			* SubwordStats: 5627289 -> 7221408 tokens

[2026-09-23 20:30:16,631 INFO] Weighted corpora loaded so far:
			* corpus_1: 9
[2026-09-23 20:30:16,725 INFO] * Transform statistics for corpus_1(12.50%):
			* SubwordStats: 5631482 -> 7228895 tokens

[2026-09-23 20:30:16,725 INFO] Weighted corpora loaded so far:
			* corpus_1: 9
[2026-09-23 20:30:19,051 INFO] * Transform statistics for corpus_1(12.50%):
			* SubwordStats: 5623834 -> 7213564 tokens

[2026-09-23 20:30:19,051 INFO] Weighted corpora loaded so far:
			* corpus_1: 9
[2026-09-23 20:30:20,082 INFO] * Transform statistics for corpus_1(12.50%):
			* SubwordStats: 5630788 -> 7223222 tokens

[2026-09-23 20:30:20,082 INFO] Weighted corpora loaded so far:
			* corpus_1: 9
[2026-09-23 20:30:38,831 INFO] Saving checkpoint /kaggle/working/checkpoints/base_v3_production/reparos_base_v3_production_step_5000.pt
[2026-09-23 20:30:57,277 INFO] * Transform statistics for corpus_1(12.50%):
			* SubwordStats: 5618332 -> 7209391 tokens

[2026-09-23 20:30:57,277 INFO] Weighted corpora loaded so far:
			* corpus_1: 10
[2026-09-23 20:30:59,204 INFO] * Transform statistics for corpus_1(12.50%):
			* SubwordStats: 5625674 -> 7216355 tokens

[2026-09-23 20:30:59,204 INFO] Weighted corpora loaded so far:
			* corpus_1: 10
[2026-09-23 20:30:59,269 INFO] * Transform statistics for corpus_1(12.50%):
			* SubwordStats: 5619803 -> 7212840 tokens

[2026-09-23 20:30:59,269 INFO] Weighted corpora loaded so far:
			* corpus_1: 10
[2026-09-23 20:30:59,336 INFO] * Transform statistics for corpus_1(12.50%):
			* SubwordStats: 5631624 -> 7231348 tokens

[2026-09-23 20:30:59,336 INFO] Weighted corpora loaded so far:
			* corpus_1: 10
[2026-09-23 20:31:00,292 INFO] * Transform statistics for corpus_1(12.50%):
			* SubwordStats: 5625854 -> 7218624 tokens

[2026-09-23 20:31:00,292 INFO] Weighted corpora loaded so far:
			* corpus_1: 10
[2026-09-23 20:31:00,325 INFO] * Transform statistics for corpus_1(12.50%):
			* SubwordStats: 5633488 -> 7230214 tokens

[2026-09-23 20:31:00,325 INFO] Weighted corpora loaded so far:
			* corpus_1: 10
[2026-09-23 20:31:03,565 INFO] * Transform statistics for corpus_1(12.50%):
			* SubwordStats: 5624211 -> 7214843 tokens

[2026-09-23 20:31:03,565 INFO] Weighted corpora loaded so far:
			* corpus_1: 10
[2026-09-23 20:31:04,290 INFO] * Transform statistics for corpus_1(12.50%):
			* SubwordStats: 5630764 -> 7222870 tokens

[2026-09-23 20:31:04,290 INFO] Weighted corpora loaded so far:
			* corpus_1: 10
[2026-09-23 20:31:42,461 INFO] * Transform statistics for corpus_1(12.50%):
			* SubwordStats: 5632775 -> 7232656 tokens

[2026-09-23 20:31:42,462 INFO] Weighted corpora loaded so far:
			* corpus_1: 11
[2026-09-23 20:31:42,875 INFO] * Transform statistics for corpus_1(12.50%):
			* SubwordStats: 5621127 -> 7213052 tokens

[2026-09-23 20:31:42,875 INFO] Weighted corpora loaded so far:
			* corpus_1: 11
[2026-09-23 20:31:43,862 INFO] * Transform statistics for corpus_1(12.50%):
			* SubwordStats: 5628514 -> 7219561 tokens

[2026-09-23 20:31:43,863 INFO] Weighted corpora loaded so far:
			* corpus_1: 11
[2026-09-23 20:31:45,089 INFO] * Transform statistics for corpus_1(12.50%):
			* SubwordStats: 5626276 -> 7219527 tokens

[2026-09-23 20:31:45,089 INFO] Weighted corpora loaded so far:
			* corpus_1: 11
[2026-09-23 20:31:48,675 INFO] * Transform statistics for corpus_1(12.50%):
			* SubwordStats: 5621706 -> 7214625 tokens

[2026-09-23 20:31:48,675 INFO] Weighted corpora loaded so far:
			* corpus_1: 11
[2026-09-23 20:31:54,491 INFO] * Transform statistics for corpus_1(12.50%):
			* SubwordStats: 5632020 -> 7229335 tokens

[2026-09-23 20:31:54,491 INFO] Weighted corpora loaded so far:
			* corpus_1: 11
[2026-09-23 20:31:55,327 INFO] Step 6000/50000; acc: 97.0; ppl:   1.1; xent: 0.1; lr: 0.00114; sents: 10493833; bsz: 41390/36390/5247; 591855/520347 tok/s;    546 sec;
[2026-09-23 20:31:55,343 INFO] * Transform statistics for corpus_1(12.50%):
			* SubwordStats: 5629484 -> 7219717 tokens

[2026-09-23 20:31:55,344 INFO] Weighted corpora loaded so far:
			* corpus_1: 11
/kaggle/working/site-packages/onmt/modules/sparse_activations.py:46: FutureWarning: `torch.cuda.amp.custom_fwd(args...)` is deprecated. Please use `torch.amp.custom_fwd(args..., device_type='cuda')` instead.
  @custom_fwd
/kaggle/working/site-packages/onmt/modules/sparse_activations.py:66: FutureWarning: `torch.cuda.amp.custom_bwd(args...)` is deprecated. Please use `torch.amp.custom_bwd(args..., device_type='cuda')` instead.
  @custom_bwd
/kaggle/working/site-packages/onmt/modules/sru.py:395: FutureWarning: `torch.cuda.amp.custom_fwd(args...)` is deprecated. Please use `torch.amp.custom_fwd(args..., device_type='cuda')` instead.
  @custom_fwd
/kaggle/working/site-packages/onmt/modules/sru.py:444: FutureWarning: `torch.cuda.amp.custom_bwd(args...)` is deprecated. Please use `torch.amp.custom_bwd(args..., device_type='cuda')` instead.
  @custom_bwd
/kaggle/working/site-packages/onmt/modules/sparse_losses.py:10: FutureWarning: `torch.cuda.amp.custom_fwd(args...)` is deprecated. Please use `torch.amp.custom_fwd(args..., device_type='cuda')` instead.
  @custom_fwd
/kaggle/working/site-packages/onmt/modules/sparse_losses.py:31: FutureWarning: `torch.cuda.amp.custom_bwd(args...)` is deprecated. Please use `torch.amp.custom_bwd(args..., device_type='cuda')` instead.
  @custom_bwd
/kaggle/working/site-packages/onmt/modules/sparse_activations.py:46: FutureWarning: `torch.cuda.amp.custom_fwd(args...)` is deprecated. Please use `torch.amp.custom_fwd(args..., device_type='cuda')` instead.
  @custom_fwd
/kaggle/working/site-packages/onmt/modules/sparse_activations.py:66: FutureWarning: `torch.cuda.amp.custom_bwd(args...)` is deprecated. Please use `torch.amp.custom_bwd(args..., device_type='cuda')` instead.
  @custom_bwd
/kaggle/working/site-packages/onmt/modules/sru.py:395: FutureWarning: `torch.cuda.amp.custom_fwd(args...)` is deprecated. Please use `torch.amp.custom_fwd(args..., device_type='cuda')` instead.
  @custom_fwd
/kaggle/working/site-packages/onmt/modules/sru.py:444: FutureWarning: `torch.cuda.amp.custom_bwd(args...)` is deprecated. Please use `torch.amp.custom_bwd(args..., device_type='cuda')` instead.
  @custom_bwd
/kaggle/working/site-packages/onmt/modules/sparse_losses.py:10: FutureWarning: `torch.cuda.amp.custom_fwd(args...)` is deprecated. Please use `torch.amp.custom_fwd(args..., device_type='cuda')` instead.
  @custom_fwd
/kaggle/working/site-packages/onmt/modules/sparse_losses.py:31: FutureWarning: `torch.cuda.amp.custom_bwd(args...)` is deprecated. Please use `torch.amp.custom_bwd(args..., device_type='cuda')` instead.
  @custom_bwd
/kaggle/working/site-packages/onmt/modules/sparse_activations.py:46: FutureWarning: `torch.cuda.amp.custom_fwd(args...)` is deprecated. Please use `torch.amp.custom_fwd(args..., device_type='cuda')` instead.
  @custom_fwd
/kaggle/working/site-packages/onmt/modules/sparse_activations.py:66: FutureWarning: `torch.cuda.amp.custom_bwd(args...)` is deprecated. Please use `torch.amp.custom_bwd(args..., device_type='cuda')` instead.
  @custom_bwd
/kaggle/working/site-packages/onmt/modules/sru.py:395: FutureWarning: `torch.cuda.amp.custom_fwd(args...)` is deprecated. Please use `torch.amp.custom_fwd(args..., device_type='cuda')` instead.
  @custom_fwd
/kaggle/working/site-packages/onmt/modules/sru.py:444: FutureWarning: `torch.cuda.amp.custom_bwd(args...)` is deprecated. Please use `torch.amp.custom_bwd(args..., device_type='cuda')` instead.
  @custom_bwd
/kaggle/working/site-packages/onmt/modules/sparse_losses.py:10: FutureWarning: `torch.cuda.amp.custom_fwd(args...)` is deprecated. Please use `torch.amp.custom_fwd(args..., device_type='cuda')` instead.
  @custom_fwd
/kaggle/working/site-packages/onmt/modules/sparse_losses.py:31: FutureWarning: `torch.cuda.amp.custom_bwd(args...)` is deprecated. Please use `torch.amp.custom_bwd(args..., device_type='cuda')` instead.
  @custom_bwd
/kaggle/working/site-packages/onmt/modules/sparse_activations.py:46: FutureWarning: `torch.cuda.amp.custom_fwd(args...)` is deprecated. Please use `torch.amp.custom_fwd(args..., device_type='cuda')` instead.
  @custom_fwd
/kaggle/working/site-packages/onmt/modules/sparse_activations.py:66: FutureWarning: `torch.cuda.amp.custom_bwd(args...)` is deprecated. Please use `torch.amp.custom_bwd(args..., device_type='cuda')` instead.
  @custom_bwd
/kaggle/working/site-packages/onmt/modules/sru.py:395: FutureWarning: `torch.cuda.amp.custom_fwd(args...)` is deprecated. Please use `torch.amp.custom_fwd(args..., device_type='cuda')` instead.
  @custom_fwd
/kaggle/working/site-packages/onmt/modules/sru.py:444: FutureWarning: `torch.cuda.amp.custom_bwd(args...)` is deprecated. Please use `torch.amp.custom_bwd(args..., device_type='cuda')` instead.
  @custom_bwd
/kaggle/working/site-packages/onmt/modules/sparse_losses.py:10: FutureWarning: `torch.cuda.amp.custom_fwd(args...)` is deprecated. Please use `torch.amp.custom_fwd(args..., device_type='cuda')` instead.
  @custom_fwd
/kaggle/working/site-packages/onmt/modules/sparse_losses.py:31: FutureWarning: `torch.cuda.amp.custom_bwd(args...)` is deprecated. Please use `torch.amp.custom_bwd(args..., device_type='cuda')` instead.
  @custom_bwd
/kaggle/working/site-packages/onmt/modules/sparse_activations.py:46: FutureWarning: `torch.cuda.amp.custom_fwd(args...)` is deprecated. Please use `torch.amp.custom_fwd(args..., device_type='cuda')` instead.
  @custom_fwd
/kaggle/working/site-packages/onmt/modules/sparse_activations.py:66: FutureWarning: `torch.cuda.amp.custom_bwd(args...)` is deprecated. Please use `torch.amp.custom_bwd(args..., device_type='cuda')` instead.
  @custom_bwd
/kaggle/working/site-packages/onmt/modules/sru.py:395: FutureWarning: `torch.cuda.amp.custom_fwd(args...)` is deprecated. Please use `torch.amp.custom_fwd(args..., device_type='cuda')` instead.
  @custom_fwd
/kaggle/working/site-packages/onmt/modules/sru.py:444: FutureWarning: `torch.cuda.amp.custom_bwd(args...)` is deprecated. Please use `torch.amp.custom_bwd(args..., device_type='cuda')` instead.
  @custom_bwd
/kaggle/working/site-packages/onmt/modules/sparse_losses.py:10: FutureWarning: `torch.cuda.amp.custom_fwd(args...)` is deprecated. Please use `torch.amp.custom_fwd(args..., device_type='cuda')` instead.
  @custom_fwd
/kaggle/working/site-packages/onmt/modules/sparse_losses.py:31: FutureWarning: `torch.cuda.amp.custom_bwd(args...)` is deprecated. Please use `torch.amp.custom_bwd(args..., device_type='cuda')` instead.
  @custom_bwd
/kaggle/working/site-packages/onmt/modules/sparse_activations.py:46: FutureWarning: `torch.cuda.amp.custom_fwd(args...)` is deprecated. Please use `torch.amp.custom_fwd(args..., device_type='cuda')` instead.
  @custom_fwd
/kaggle/working/site-packages/onmt/modules/sparse_activations.py:66: FutureWarning: `torch.cuda.amp.custom_bwd(args...)` is deprecated. Please use `torch.amp.custom_bwd(args..., device_type='cuda')` instead.
  @custom_bwd
/kaggle/working/site-packages/onmt/modules/sru.py:395: FutureWarning: `torch.cuda.amp.custom_fwd(args...)` is deprecated. Please use `torch.amp.custom_fwd(args..., device_type='cuda')` instead.
  @custom_fwd
/kaggle/working/site-packages/onmt/modules/sru.py:444: FutureWarning: `torch.cuda.amp.custom_bwd(args...)` is deprecated. Please use `torch.amp.custom_bwd(args..., device_type='cuda')` instead.
  @custom_bwd
/kaggle/working/site-packages/onmt/modules/sparse_losses.py:10: FutureWarning: `torch.cuda.amp.custom_fwd(args...)` is deprecated. Please use `torch.amp.custom_fwd(args..., device_type='cuda')` instead.
  @custom_fwd
/kaggle/working/site-packages/onmt/modules/sparse_losses.py:31: FutureWarning: `torch.cuda.amp.custom_bwd(args...)` is deprecated. Please use `torch.amp.custom_bwd(args..., device_type='cuda')` instead.
  @custom_bwd
/kaggle/working/site-packages/onmt/modules/sparse_activations.py:46: FutureWarning: `torch.cuda.amp.custom_fwd(args...)` is deprecated. Please use `torch.amp.custom_fwd(args..., device_type='cuda')` instead.
  @custom_fwd
/kaggle/working/site-packages/onmt/modules/sparse_activations.py:66: FutureWarning: `torch.cuda.amp.custom_bwd(args...)` is deprecated. Please use `torch.amp.custom_bwd(args..., device_type='cuda')` instead.
  @custom_bwd
/kaggle/working/site-packages/onmt/modules/sru.py:395: FutureWarning: `torch.cuda.amp.custom_fwd(args...)` is deprecated. Please use `torch.amp.custom_fwd(args..., device_type='cuda')` instead.
  @custom_fwd
/kaggle/working/site-packages/onmt/modules/sru.py:444: FutureWarning: `torch.cuda.amp.custom_bwd(args...)` is deprecated. Please use `torch.amp.custom_bwd(args..., device_type='cuda')` instead.
  @custom_bwd
/kaggle/working/site-packages/onmt/modules/sparse_losses.py:10: FutureWarning: `torch.cuda.amp.custom_fwd(args...)` is deprecated. Please use `torch.amp.custom_fwd(args..., device_type='cuda')` instead.
  @custom_fwd
/kaggle/working/site-packages/onmt/modules/sparse_losses.py:31: FutureWarning: `torch.cuda.amp.custom_bwd(args...)` is deprecated. Please use `torch.amp.custom_bwd(args..., device_type='cuda')` instead.
  @custom_bwd
/kaggle/working/site-packages/onmt/modules/sparse_activations.py:46: FutureWarning: `torch.cuda.amp.custom_fwd(args...)` is deprecated. Please use `torch.amp.custom_fwd(args..., device_type='cuda')` instead.
  @custom_fwd
/kaggle/working/site-packages/onmt/modules/sparse_activations.py:66: FutureWarning: `torch.cuda.amp.custom_bwd(args...)` is deprecated. Please use `torch.amp.custom_bwd(args..., device_type='cuda')` instead.
  @custom_bwd
/kaggle/working/site-packages/onmt/modules/sru.py:395: FutureWarning: `torch.cuda.amp.custom_fwd(args...)` is deprecated. Please use `torch.amp.custom_fwd(args..., device_type='cuda')` instead.
  @custom_fwd
/kaggle/working/site-packages/onmt/modules/sru.py:444: FutureWarning: `torch.cuda.amp.custom_bwd(args...)` is deprecated. Please use `torch.amp.custom_bwd(args..., device_type='cuda')` instead.
  @custom_bwd
/kaggle/working/site-packages/onmt/modules/sparse_losses.py:10: FutureWarning: `torch.cuda.amp.custom_fwd(args...)` is deprecated. Please use `torch.amp.custom_fwd(args..., device_type='cuda')` instead.
  @custom_fwd
/kaggle/working/site-packages/onmt/modules/sparse_losses.py:31: FutureWarning: `torch.cuda.amp.custom_bwd(args...)` is deprecated. Please use `torch.amp.custom_bwd(args..., device_type='cuda')` instead.
  @custom_bwd
[2026-09-23 20:32:18,515 INFO] valid stats calculation
                           took: 23.187782526016235 s.
[2026-09-23 20:32:18,515 INFO] Train perplexity: 3.46045
[2026-09-23 20:32:18,515 INFO] Train accuracy: 82.4672
[2026-09-23 20:32:18,515 INFO] Sentences processed: 3.16016e+07
[2026-09-23 20:32:18,515 INFO] Average bsz: 41417/36469/5267
[2026-09-23 20:32:18,515 INFO] Validation perplexity: 1.48909
[2026-09-23 20:32:18,515 INFO] Validation accuracy: 94.2716
[2026-09-23 20:32:19,862 INFO] * Transform statistics for corpus_1(12.50%):
			* SubwordStats: 5624433 -> 7213506 tokens

[2026-09-23 20:32:19,862 INFO] Weighted corpora loaded so far:
			* corpus_1: 11
[2026-09-23 20:32:46,729 INFO] * Transform statistics for corpus_1(12.50%):
			* SubwordStats: 4218818 -> 5413240 tokens

[2026-09-23 20:32:46,729 INFO] Weighted corpora loaded so far:
			* corpus_1: 12
[2026-09-23 20:32:48,515 INFO] * Transform statistics for corpus_1(12.50%):
			* SubwordStats: 4218835 -> 5412411 tokens

[2026-09-23 20:32:48,515 INFO] Weighted corpora loaded so far:
			* corpus_1: 12
[2026-09-23 20:32:50,199 INFO] * Transform statistics for corpus_1(12.50%):
			* SubwordStats: 4222997 -> 5420584 tokens

[2026-09-23 20:32:50,199 INFO] Weighted corpora loaded so far:
			* corpus_1: 12
[2026-09-23 20:32:50,214 INFO] * Transform statistics for corpus_1(12.50%):
			* SubwordStats: 4218644 -> 5415188 tokens

[2026-09-23 20:32:50,215 INFO] Weighted corpora loaded so far:
			* corpus_1: 12
[2026-09-23 20:32:50,790 INFO] * Transform statistics for corpus_1(12.50%):
			* SubwordStats: 4222584 -> 5419103 tokens

[2026-09-23 20:32:50,791 INFO] Weighted corpora loaded so far:
			* corpus_1: 12
[2026-09-23 20:32:51,362 INFO] * Transform statistics for corpus_1(12.50%):
			* SubwordStats: 4218038 -> 5413520 tokens

[2026-09-23 20:32:51,362 INFO] Weighted corpora loaded so far:
			* corpus_1: 12
[2026-09-23 20:32:51,987 INFO] * Transform statistics for corpus_1(12.50%):
			* SubwordStats: 4223594 -> 5416301 tokens

[2026-09-23 20:32:51,987 INFO] Weighted corpora loaded so far:
			* corpus_1: 12
[2026-09-23 20:32:54,351 INFO] * Transform statistics for corpus_1(12.50%):
			* SubwordStats: 4217541 -> 5409954 tokens

[2026-09-23 20:32:54,351 INFO] Weighted corpora loaded so far:
			* corpus_1: 12
[2026-09-23 20:33:31,697 INFO] * Transform statistics for corpus_1(12.50%):
			* SubwordStats: 5620100 -> 7211200 tokens

[2026-09-23 20:33:31,697 INFO] Weighted corpora loaded so far:
			* corpus_1: 13
[2026-09-23 20:33:33,394 INFO] * Transform statistics for corpus_1(12.50%):
			* SubwordStats: 5629076 -> 7220599 tokens

[2026-09-23 20:33:33,394 INFO] Weighted corpora loaded so far:
			* corpus_1: 13
[2026-09-23 20:33:34,444 INFO] * Transform statistics for corpus_1(12.50%):
			* SubwordStats: 5631111 -> 7230952 tokens

[2026-09-23 20:33:34,444 INFO] Weighted corpora loaded so far:
			* corpus_1: 13
[2026-09-23 20:33:34,525 INFO] * Transform statistics for corpus_1(12.50%):
			* SubwordStats: 5626762 -> 7220132 tokens

[2026-09-23 20:33:34,525 INFO] Weighted corpora loaded so far:
			* corpus_1: 13
[2026-09-23 20:33:34,613 INFO] * Transform statistics for corpus_1(12.50%):
			* SubwordStats: 5632080 -> 7228856 tokens

[2026-09-23 20:33:34,613 INFO] Weighted corpora loaded so far:
			* corpus_1: 13
[2026-09-23 20:33:36,016 INFO] * Transform statistics for corpus_1(12.50%):
			* SubwordStats: 5630679 -> 7222214 tokens

[2026-09-23 20:33:36,016 INFO] Weighted corpora loaded so far:
			* corpus_1: 13
[2026-09-23 20:33:36,323 INFO] * Transform statistics for corpus_1(12.50%):
			* SubwordStats: 5621580 -> 7214940 tokens

[2026-09-23 20:33:36,324 INFO] Weighted corpora loaded so far:
			* corpus_1: 13
[2026-09-23 20:33:39,208 INFO] * Transform statistics for corpus_1(12.50%):
			* SubwordStats: 5624680 -> 7216036 tokens

[2026-09-23 20:33:39,208 INFO] Weighted corpora loaded so far:
			* corpus_1: 13
[2026-09-23 20:34:16,739 INFO] Step 8000/50000; acc: 97.8; ppl:   1.1; xent: 0.1; lr: 0.00099; sents: 10570418; bsz: 41413/36496/5285; 585708/516171 tok/s;    688 sec;
/kaggle/working/site-packages/onmt/modules/sparse_activations.py:46: FutureWarning: `torch.cuda.amp.custom_fwd(args...)` is deprecated. Please use `torch.amp.custom_fwd(args..., device_type='cuda')` instead.
  @custom_fwd
/kaggle/working/site-packages/onmt/modules/sparse_activations.py:66: FutureWarning: `torch.cuda.amp.custom_bwd(args...)` is deprecated. Please use `torch.amp.custom_bwd(args..., device_type='cuda')` instead.
  @custom_bwd
/kaggle/working/site-packages/onmt/modules/sru.py:395: FutureWarning: `torch.cuda.amp.custom_fwd(args...)` is deprecated. Please use `torch.amp.custom_fwd(args..., device_type='cuda')` instead.
  @custom_fwd
/kaggle/working/site-packages/onmt/modules/sru.py:444: FutureWarning: `torch.cuda.amp.custom_bwd(args...)` is deprecated. Please use `torch.amp.custom_bwd(args..., device_type='cuda')` instead.
  @custom_bwd
/kaggle/working/site-packages/onmt/modules/sparse_losses.py:10: FutureWarning: `torch.cuda.amp.custom_fwd(args...)` is deprecated. Please use `torch.amp.custom_fwd(args..., device_type='cuda')` instead.
  @custom_fwd
/kaggle/working/site-packages/onmt/modules/sparse_losses.py:31: FutureWarning: `torch.cuda.amp.custom_bwd(args...)` is deprecated. Please use `torch.amp.custom_bwd(args..., device_type='cuda')` instead.
  @custom_bwd
/kaggle/working/site-packages/onmt/modules/sparse_activations.py:46: FutureWarning: `torch.cuda.amp.custom_fwd(args...)` is deprecated. Please use `torch.amp.custom_fwd(args..., device_type='cuda')` instead.
  @custom_fwd
/kaggle/working/site-packages/onmt/modules/sparse_activations.py:66: FutureWarning: `torch.cuda.amp.custom_bwd(args...)` is deprecated. Please use `torch.amp.custom_bwd(args..., device_type='cuda')` instead.
  @custom_bwd
/kaggle/working/site-packages/onmt/modules/sru.py:395: FutureWarning: `torch.cuda.amp.custom_fwd(args...)` is deprecated. Please use `torch.amp.custom_fwd(args..., device_type='cuda')` instead.
  @custom_fwd
/kaggle/working/site-packages/onmt/modules/sru.py:444: FutureWarning: `torch.cuda.amp.custom_bwd(args...)` is deprecated. Please use `torch.amp.custom_bwd(args..., device_type='cuda')` instead.
  @custom_bwd
/kaggle/working/site-packages/onmt/modules/sparse_losses.py:10: FutureWarning: `torch.cuda.amp.custom_fwd(args...)` is deprecated. Please use `torch.amp.custom_fwd(args..., device_type='cuda')` instead.
  @custom_fwd
/kaggle/working/site-packages/onmt/modules/sparse_losses.py:31: FutureWarning: `torch.cuda.amp.custom_bwd(args...)` is deprecated. Please use `torch.amp.custom_bwd(args..., device_type='cuda')` instead.
  @custom_bwd
/kaggle/working/site-packages/onmt/modules/sparse_activations.py:46: FutureWarning: `torch.cuda.amp.custom_fwd(args...)` is deprecated. Please use `torch.amp.custom_fwd(args..., device_type='cuda')` instead.
  @custom_fwd
/kaggle/working/site-packages/onmt/modules/sparse_activations.py:66: FutureWarning: `torch.cuda.amp.custom_bwd(args...)` is deprecated. Please use `torch.amp.custom_bwd(args..., device_type='cuda')` instead.
  @custom_bwd
/kaggle/working/site-packages/onmt/modules/sru.py:395: FutureWarning: `torch.cuda.amp.custom_fwd(args...)` is deprecated. Please use `torch.amp.custom_fwd(args..., device_type='cuda')` instead.
  @custom_fwd
/kaggle/working/site-packages/onmt/modules/sru.py:444: FutureWarning: `torch.cuda.amp.custom_bwd(args...)` is deprecated. Please use `torch.amp.custom_bwd(args..., device_type='cuda')` instead.
  @custom_bwd
/kaggle/working/site-packages/onmt/modules/sparse_losses.py:10: FutureWarning: `torch.cuda.amp.custom_fwd(args...)` is deprecated. Please use `torch.amp.custom_fwd(args..., device_type='cuda')` instead.
  @custom_fwd
/kaggle/working/site-packages/onmt/modules/sparse_losses.py:31: FutureWarning: `torch.cuda.amp.custom_bwd(args...)` is deprecated. Please use `torch.amp.custom_bwd(args..., device_type='cuda')` instead.
  @custom_bwd
/kaggle/working/site-packages/onmt/modules/sparse_activations.py:46: FutureWarning: `torch.cuda.amp.custom_fwd(args...)` is deprecated. Please use `torch.amp.custom_fwd(args..., device_type='cuda')` instead.
  @custom_fwd
/kaggle/working/site-packages/onmt/modules/sparse_activations.py:66: FutureWarning: `torch.cuda.amp.custom_bwd(args...)` is deprecated. Please use `torch.amp.custom_bwd(args..., device_type='cuda')` instead.
  @custom_bwd
/kaggle/working/site-packages/onmt/modules/sru.py:395: FutureWarning: `torch.cuda.amp.custom_fwd(args...)` is deprecated. Please use `torch.amp.custom_fwd(args..., device_type='cuda')` instead.
  @custom_fwd
/kaggle/working/site-packages/onmt/modules/sru.py:444: FutureWarning: `torch.cuda.amp.custom_bwd(args...)` is deprecated. Please use `torch.amp.custom_bwd(args..., device_type='cuda')` instead.
  @custom_bwd
/kaggle/working/site-packages/onmt/modules/sparse_losses.py:10: FutureWarning: `torch.cuda.amp.custom_fwd(args...)` is deprecated. Please use `torch.amp.custom_fwd(args..., device_type='cuda')` instead.
  @custom_fwd
/kaggle/working/site-packages/onmt/modules/sparse_losses.py:31: FutureWarning: `torch.cuda.amp.custom_bwd(args...)` is deprecated. Please use `torch.amp.custom_bwd(args..., device_type='cuda')` instead.
  @custom_bwd
/kaggle/working/site-packages/onmt/modules/sparse_activations.py:46: FutureWarning: `torch.cuda.amp.custom_fwd(args...)` is deprecated. Please use `torch.amp.custom_fwd(args..., device_type='cuda')` instead.
  @custom_fwd
/kaggle/working/site-packages/onmt/modules/sparse_activations.py:66: FutureWarning: `torch.cuda.amp.custom_bwd(args...)` is deprecated. Please use `torch.amp.custom_bwd(args..., device_type='cuda')` instead.
  @custom_bwd
/kaggle/working/site-packages/onmt/modules/sru.py:395: FutureWarning: `torch.cuda.amp.custom_fwd(args...)` is deprecated. Please use `torch.amp.custom_fwd(args..., device_type='cuda')` instead.
  @custom_fwd
/kaggle/working/site-packages/onmt/modules/sru.py:444: FutureWarning: `torch.cuda.amp.custom_bwd(args...)` is deprecated. Please use `torch.amp.custom_bwd(args..., device_type='cuda')` instead.
  @custom_bwd
/kaggle/working/site-packages/onmt/modules/sparse_losses.py:10: FutureWarning: `torch.cuda.amp.custom_fwd(args...)` is deprecated. Please use `torch.amp.custom_fwd(args..., device_type='cuda')` instead.
  @custom_fwd
/kaggle/working/site-packages/onmt/modules/sparse_losses.py:31: FutureWarning: `torch.cuda.amp.custom_bwd(args...)` is deprecated. Please use `torch.amp.custom_bwd(args..., device_type='cuda')` instead.
  @custom_bwd
/kaggle/working/site-packages/onmt/modules/sparse_activations.py:46: FutureWarning: `torch.cuda.amp.custom_fwd(args...)` is deprecated. Please use `torch.amp.custom_fwd(args..., device_type='cuda')` instead.
  @custom_fwd
/kaggle/working/site-packages/onmt/modules/sparse_activations.py:66: FutureWarning: `torch.cuda.amp.custom_bwd(args...)` is deprecated. Please use `torch.amp.custom_bwd(args..., device_type='cuda')` instead.
  @custom_bwd
/kaggle/working/site-packages/onmt/modules/sru.py:395: FutureWarning: `torch.cuda.amp.custom_fwd(args...)` is deprecated. Please use `torch.amp.custom_fwd(args..., device_type='cuda')` instead.
  @custom_fwd
/kaggle/working/site-packages/onmt/modules/sru.py:444: FutureWarning: `torch.cuda.amp.custom_bwd(args...)` is deprecated. Please use `torch.amp.custom_bwd(args..., device_type='cuda')` instead.
  @custom_bwd
/kaggle/working/site-packages/onmt/modules/sparse_losses.py:10: FutureWarning: `torch.cuda.amp.custom_fwd(args...)` is deprecated. Please use `torch.amp.custom_fwd(args..., device_type='cuda')` instead.
  @custom_fwd
/kaggle/working/site-packages/onmt/modules/sparse_losses.py:31: FutureWarning: `torch.cuda.amp.custom_bwd(args...)` is deprecated. Please use `torch.amp.custom_bwd(args..., device_type='cuda')` instead.
  @custom_bwd
/kaggle/working/site-packages/onmt/modules/sparse_activations.py:46: FutureWarning: `torch.cuda.amp.custom_fwd(args...)` is deprecated. Please use `torch.amp.custom_fwd(args..., device_type='cuda')` instead.
  @custom_fwd
/kaggle/working/site-packages/onmt/modules/sparse_activations.py:66: FutureWarning: `torch.cuda.amp.custom_bwd(args...)` is deprecated. Please use `torch.amp.custom_bwd(args..., device_type='cuda')` instead.
  @custom_bwd
/kaggle/working/site-packages/onmt/modules/sru.py:395: FutureWarning: `torch.cuda.amp.custom_fwd(args...)` is deprecated. Please use `torch.amp.custom_fwd(args..., device_type='cuda')` instead.
  @custom_fwd
/kaggle/working/site-packages/onmt/modules/sru.py:444: FutureWarning: `torch.cuda.amp.custom_bwd(args...)` is deprecated. Please use `torch.amp.custom_bwd(args..., device_type='cuda')` instead.
  @custom_bwd
/kaggle/working/site-packages/onmt/modules/sparse_losses.py:10: FutureWarning: `torch.cuda.amp.custom_fwd(args...)` is deprecated. Please use `torch.amp.custom_fwd(args..., device_type='cuda')` instead.
  @custom_fwd
/kaggle/working/site-packages/onmt/modules/sparse_losses.py:31: FutureWarning: `torch.cuda.amp.custom_bwd(args...)` is deprecated. Please use `torch.amp.custom_bwd(args..., device_type='cuda')` instead.
  @custom_bwd
/kaggle/working/site-packages/onmt/modules/sparse_activations.py:46: FutureWarning: `torch.cuda.amp.custom_fwd(args...)` is deprecated. Please use `torch.amp.custom_fwd(args..., device_type='cuda')` instead.
  @custom_fwd
/kaggle/working/site-packages/onmt/modules/sparse_activations.py:66: FutureWarning: `torch.cuda.amp.custom_bwd(args...)` is deprecated. Please use `torch.amp.custom_bwd(args..., device_type='cuda')` instead.
  @custom_bwd
/kaggle/working/site-packages/onmt/modules/sru.py:395: FutureWarning: `torch.cuda.amp.custom_fwd(args...)` is deprecated. Please use `torch.amp.custom_fwd(args..., device_type='cuda')` instead.
  @custom_fwd
/kaggle/working/site-packages/onmt/modules/sru.py:444: FutureWarning: `torch.cuda.amp.custom_bwd(args...)` is deprecated. Please use `torch.amp.custom_bwd(args..., device_type='cuda')` instead.
  @custom_bwd
/kaggle/working/site-packages/onmt/modules/sparse_losses.py:10: FutureWarning: `torch.cuda.amp.custom_fwd(args...)` is deprecated. Please use `torch.amp.custom_fwd(args..., device_type='cuda')` instead.
  @custom_fwd
/kaggle/working/site-packages/onmt/modules/sparse_losses.py:31: FutureWarning: `torch.cuda.amp.custom_bwd(args...)` is deprecated. Please use `torch.amp.custom_bwd(args..., device_type='cuda')` instead.
  @custom_bwd
[2026-09-23 20:34:38,477 INFO] valid stats calculation
                           took: 21.737794876098633 s.
[2026-09-23 20:34:38,477 INFO] Train perplexity: 2.58985
[2026-09-23 20:34:38,477 INFO] Train accuracy: 86.3062
[2026-09-23 20:34:38,477 INFO] Sentences processed: 4.2172e+07
[2026-09-23 20:34:38,477 INFO] Average bsz: 41416/36476/5272
[2026-09-23 20:34:38,477 INFO] Validation perplexity: 1.46833
[2026-09-23 20:34:38,477 INFO] Validation accuracy: 94.7487
[2026-09-23 20:34:42,070 INFO] * Transform statistics for corpus_1(12.50%):
			* SubwordStats: 5620009 -> 7211323 tokens

[2026-09-23 20:34:42,071 INFO] Weighted corpora loaded so far:
			* corpus_1: 14
[2026-09-23 20:34:45,214 INFO] * Transform statistics for corpus_1(12.50%):
			* SubwordStats: 5626939 -> 7217453 tokens

[2026-09-23 20:34:45,214 INFO] Weighted corpora loaded so far:
			* corpus_1: 14
[2026-09-23 20:34:45,447 INFO] * Transform statistics for corpus_1(12.50%):
			* SubwordStats: 5629670 -> 7228094 tokens

[2026-09-23 20:34:45,447 INFO] Weighted corpora loaded so far:
			* corpus_1: 14
[2026-09-23 20:34:47,460 INFO] * Transform statistics for corpus_1(12.50%):
			* SubwordStats: 5627355 -> 7220575 tokens

[2026-09-23 20:34:47,460 INFO] Weighted corpora loaded so far:
			* corpus_1: 14
[2026-09-23 20:34:47,800 INFO] * Transform statistics for corpus_1(12.50%):
			* SubwordStats: 5621270 -> 7213741 tokens

[2026-09-23 20:34:47,801 INFO] Weighted corpora loaded so far:
			* corpus_1: 14
[2026-09-23 20:34:48,154 INFO] * Transform statistics for corpus_1(12.50%):
			* SubwordStats: 5633454 -> 7230166 tokens

[2026-09-23 20:34:48,154 INFO] Weighted corpora loaded so far:
			* corpus_1: 14
[2026-09-23 20:34:49,816 INFO] * Transform statistics for corpus_1(12.50%):
			* SubwordStats: 5631563 -> 7224309 tokens

[2026-09-23 20:34:49,816 INFO] Weighted corpora loaded so far:
			* corpus_1: 14
[2026-09-23 20:34:51,444 INFO] * Transform statistics for corpus_1(12.50%):
			* SubwordStats: 5624052 -> 7214366 tokens

[2026-09-23 20:34:51,445 INFO] Weighted corpora loaded so far:
			* corpus_1: 14
[2026-09-23 20:35:25,329 INFO] * Transform statistics for corpus_1(12.50%):
			* SubwordStats: 5618749 -> 7209450 tokens

[2026-09-23 20:35:25,329 INFO] Weighted corpora loaded so far:
			* corpus_1: 15
[2026-09-23 20:35:29,241 INFO] * Transform statistics for corpus_1(12.50%):
			* SubwordStats: 5626633 -> 7217045 tokens

[2026-09-23 20:35:29,241 INFO] Weighted corpora loaded so far:
			* corpus_1: 15
[2026-09-23 20:35:29,754 INFO] * Transform statistics for corpus_1(12.50%):
			* SubwordStats: 5631955 -> 7230959 tokens

[2026-09-23 20:35:29,754 INFO] Weighted corpora loaded so far:
			* corpus_1: 15
[2026-09-23 20:35:30,031 INFO] * Transform statistics for corpus_1(12.50%):
			* SubwordStats: 5625990 -> 7219253 tokens

[2026-09-23 20:35:30,032 INFO] Weighted corpora loaded so far:
			* corpus_1: 15
[2026-09-23 20:35:31,089 INFO] * Transform statistics for corpus_1(12.50%):
			* SubwordStats: 5632932 -> 7230550 tokens

[2026-09-23 20:35:31,089 INFO] Weighted corpora loaded so far:
			* corpus_1: 15
[2026-09-23 20:35:31,272 INFO] * Transform statistics for corpus_1(12.50%):
			* SubwordStats: 5619419 -> 7212716 tokens

[2026-09-23 20:35:31,273 INFO] Weighted corpora loaded so far:
			* corpus_1: 15
[2026-09-23 20:35:33,213 INFO] * Transform statistics for corpus_1(12.50%):
			* SubwordStats: 5631047 -> 7222501 tokens

[2026-09-23 20:35:33,213 INFO] Weighted corpora loaded so far:
			* corpus_1: 15
[2026-09-23 20:35:35,274 INFO] * Transform statistics for corpus_1(12.50%):
			* SubwordStats: 5623872 -> 7213191 tokens

[2026-09-23 20:35:35,274 INFO] Weighted corpora loaded so far:
			* corpus_1: 15
[2026-09-23 20:36:04,055 INFO] Step 10000/50000; acc: 98.2; ppl:   1.1; xent: 0.1; lr: 0.00088; sents: 10559848; bsz: 41348/36479/5280; 770590/679844 tok/s;    795 sec;
/kaggle/working/site-packages/onmt/modules/sparse_activations.py:46: FutureWarning: `torch.cuda.amp.custom_fwd(args...)` is deprecated. Please use `torch.amp.custom_fwd(args..., device_type='cuda')` instead.
  @custom_fwd
/kaggle/working/site-packages/onmt/modules/sparse_activations.py:66: FutureWarning: `torch.cuda.amp.custom_bwd(args...)` is deprecated. Please use `torch.amp.custom_bwd(args..., device_type='cuda')` instead.
  @custom_bwd
/kaggle/working/site-packages/onmt/modules/sru.py:395: FutureWarning: `torch.cuda.amp.custom_fwd(args...)` is deprecated. Please use `torch.amp.custom_fwd(args..., device_type='cuda')` instead.
  @custom_fwd
/kaggle/working/site-packages/onmt/modules/sru.py:444: FutureWarning: `torch.cuda.amp.custom_bwd(args...)` is deprecated. Please use `torch.amp.custom_bwd(args..., device_type='cuda')` instead.
  @custom_bwd
/kaggle/working/site-packages/onmt/modules/sparse_losses.py:10: FutureWarning: `torch.cuda.amp.custom_fwd(args...)` is deprecated. Please use `torch.amp.custom_fwd(args..., device_type='cuda')` instead.
  @custom_fwd
/kaggle/working/site-packages/onmt/modules/sparse_losses.py:31: FutureWarning: `torch.cuda.amp.custom_bwd(args...)` is deprecated. Please use `torch.amp.custom_bwd(args..., device_type='cuda')` instead.
  @custom_bwd
/kaggle/working/site-packages/onmt/modules/sparse_activations.py:46: FutureWarning: `torch.cuda.amp.custom_fwd(args...)` is deprecated. Please use `torch.amp.custom_fwd(args..., device_type='cuda')` instead.
  @custom_fwd
/kaggle/working/site-packages/onmt/modules/sparse_activations.py:66: FutureWarning: `torch.cuda.amp.custom_bwd(args...)` is deprecated. Please use `torch.amp.custom_bwd(args..., device_type='cuda')` instead.
  @custom_bwd
/kaggle/working/site-packages/onmt/modules/sru.py:395: FutureWarning: `torch.cuda.amp.custom_fwd(args...)` is deprecated. Please use `torch.amp.custom_fwd(args..., device_type='cuda')` instead.
  @custom_fwd
/kaggle/working/site-packages/onmt/modules/sru.py:444: FutureWarning: `torch.cuda.amp.custom_bwd(args...)` is deprecated. Please use `torch.amp.custom_bwd(args..., device_type='cuda')` instead.
  @custom_bwd
/kaggle/working/site-packages/onmt/modules/sparse_losses.py:10: FutureWarning: `torch.cuda.amp.custom_fwd(args...)` is deprecated. Please use `torch.amp.custom_fwd(args..., device_type='cuda')` instead.
  @custom_fwd
/kaggle/working/site-packages/onmt/modules/sparse_losses.py:31: FutureWarning: `torch.cuda.amp.custom_bwd(args...)` is deprecated. Please use `torch.amp.custom_bwd(args..., device_type='cuda')` instead.
  @custom_bwd
/kaggle/working/site-packages/onmt/modules/sparse_activations.py:46: FutureWarning: `torch.cuda.amp.custom_fwd(args...)` is deprecated. Please use `torch.amp.custom_fwd(args..., device_type='cuda')` instead.
  @custom_fwd
/kaggle/working/site-packages/onmt/modules/sparse_activations.py:66: FutureWarning: `torch.cuda.amp.custom_bwd(args...)` is deprecated. Please use `torch.amp.custom_bwd(args..., device_type='cuda')` instead.
  @custom_bwd
/kaggle/working/site-packages/onmt/modules/sru.py:395: FutureWarning: `torch.cuda.amp.custom_fwd(args...)` is deprecated. Please use `torch.amp.custom_fwd(args..., device_type='cuda')` instead.
  @custom_fwd
/kaggle/working/site-packages/onmt/modules/sru.py:444: FutureWarning: `torch.cuda.amp.custom_bwd(args...)` is deprecated. Please use `torch.amp.custom_bwd(args..., device_type='cuda')` instead.
  @custom_bwd
/kaggle/working/site-packages/onmt/modules/sparse_losses.py:10: FutureWarning: `torch.cuda.amp.custom_fwd(args...)` is deprecated. Please use `torch.amp.custom_fwd(args..., device_type='cuda')` instead.
  @custom_fwd
/kaggle/working/site-packages/onmt/modules/sparse_losses.py:31: FutureWarning: `torch.cuda.amp.custom_bwd(args...)` is deprecated. Please use `torch.amp.custom_bwd(args..., device_type='cuda')` instead.
  @custom_bwd
/kaggle/working/site-packages/onmt/modules/sparse_activations.py:46: FutureWarning: `torch.cuda.amp.custom_fwd(args...)` is deprecated. Please use `torch.amp.custom_fwd(args..., device_type='cuda')` instead.
  @custom_fwd
/kaggle/working/site-packages/onmt/modules/sparse_activations.py:66: FutureWarning: `torch.cuda.amp.custom_bwd(args...)` is deprecated. Please use `torch.amp.custom_bwd(args..., device_type='cuda')` instead.
  @custom_bwd
/kaggle/working/site-packages/onmt/modules/sru.py:395: FutureWarning: `torch.cuda.amp.custom_fwd(args...)` is deprecated. Please use `torch.amp.custom_fwd(args..., device_type='cuda')` instead.
  @custom_fwd
/kaggle/working/site-packages/onmt/modules/sru.py:444: FutureWarning: `torch.cuda.amp.custom_bwd(args...)` is deprecated. Please use `torch.amp.custom_bwd(args..., device_type='cuda')` instead.
  @custom_bwd
/kaggle/working/site-packages/onmt/modules/sparse_losses.py:10: FutureWarning: `torch.cuda.amp.custom_fwd(args...)` is deprecated. Please use `torch.amp.custom_fwd(args..., device_type='cuda')` instead.
  @custom_fwd
/kaggle/working/site-packages/onmt/modules/sparse_losses.py:31: FutureWarning: `torch.cuda.amp.custom_bwd(args...)` is deprecated. Please use `torch.amp.custom_bwd(args..., device_type='cuda')` instead.
  @custom_bwd
[2026-09-23 20:36:10,978 INFO] * Transform statistics for corpus_1(12.50%):
			* SubwordStats: 5618955 -> 7210720 tokens

[2026-09-23 20:36:10,979 INFO] Weighted corpora loaded so far:
			* corpus_1: 16
/kaggle/working/site-packages/onmt/modules/sparse_activations.py:46: FutureWarning: `torch.cuda.amp.custom_fwd(args...)` is deprecated. Please use `torch.amp.custom_fwd(args..., device_type='cuda')` instead.
  @custom_fwd
/kaggle/working/site-packages/onmt/modules/sparse_activations.py:66: FutureWarning: `torch.cuda.amp.custom_bwd(args...)` is deprecated. Please use `torch.amp.custom_bwd(args..., device_type='cuda')` instead.
  @custom_bwd
/kaggle/working/site-packages/onmt/modules/sru.py:395: FutureWarning: `torch.cuda.amp.custom_fwd(args...)` is deprecated. Please use `torch.amp.custom_fwd(args..., device_type='cuda')` instead.
  @custom_fwd
/kaggle/working/site-packages/onmt/modules/sru.py:444: FutureWarning: `torch.cuda.amp.custom_bwd(args...)` is deprecated. Please use `torch.amp.custom_bwd(args..., device_type='cuda')` instead.
  @custom_bwd
/kaggle/working/site-packages/onmt/modules/sparse_losses.py:10: FutureWarning: `torch.cuda.amp.custom_fwd(args...)` is deprecated. Please use `torch.amp.custom_fwd(args..., device_type='cuda')` instead.
  @custom_fwd
/kaggle/working/site-packages/onmt/modules/sparse_losses.py:31: FutureWarning: `torch.cuda.amp.custom_bwd(args...)` is deprecated. Please use `torch.amp.custom_bwd(args..., device_type='cuda')` instead.
  @custom_bwd
/kaggle/working/site-packages/onmt/modules/sparse_activations.py:46: FutureWarning: `torch.cuda.amp.custom_fwd(args...)` is deprecated. Please use `torch.amp.custom_fwd(args..., device_type='cuda')` instead.
  @custom_fwd
/kaggle/working/site-packages/onmt/modules/sparse_activations.py:66: FutureWarning: `torch.cuda.amp.custom_bwd(args...)` is deprecated. Please use `torch.amp.custom_bwd(args..., device_type='cuda')` instead.
  @custom_bwd
/kaggle/working/site-packages/onmt/modules/sru.py:395: FutureWarning: `torch.cuda.amp.custom_fwd(args...)` is deprecated. Please use `torch.amp.custom_fwd(args..., device_type='cuda')` instead.
  @custom_fwd
/kaggle/working/site-packages/onmt/modules/sru.py:444: FutureWarning: `torch.cuda.amp.custom_bwd(args...)` is deprecated. Please use `torch.amp.custom_bwd(args..., device_type='cuda')` instead.
  @custom_bwd
/kaggle/working/site-packages/onmt/modules/sparse_losses.py:10: FutureWarning: `torch.cuda.amp.custom_fwd(args...)` is deprecated. Please use `torch.amp.custom_fwd(args..., device_type='cuda')` instead.
  @custom_fwd
/kaggle/working/site-packages/onmt/modules/sparse_losses.py:31: FutureWarning: `torch.cuda.amp.custom_bwd(args...)` is deprecated. Please use `torch.amp.custom_bwd(args..., device_type='cuda')` instead.
  @custom_bwd
[2026-09-23 20:36:14,081 INFO] * Transform statistics for corpus_1(12.50%):
			* SubwordStats: 5625105 -> 7217897 tokens

[2026-09-23 20:36:14,081 INFO] Weighted corpora loaded so far:
			* corpus_1: 16
[2026-09-23 20:36:14,340 INFO] * Transform statistics for corpus_1(12.50%):
			* SubwordStats: 5627025 -> 7217689 tokens

[2026-09-23 20:36:14,341 INFO] Weighted corpora loaded so far:
			* corpus_1: 16
[2026-09-23 20:36:14,613 INFO] * Transform statistics for corpus_1(12.50%):
			* SubwordStats: 5632967 -> 7232281 tokens

[2026-09-23 20:36:14,614 INFO] Weighted corpora loaded so far:
			* corpus_1: 16
/kaggle/working/site-packages/onmt/modules/sparse_activations.py:46: FutureWarning: `torch.cuda.amp.custom_fwd(args...)` is deprecated. Please use `torch.amp.custom_fwd(args..., device_type='cuda')` instead.
  @custom_fwd
/kaggle/working/site-packages/onmt/modules/sparse_activations.py:66: FutureWarning: `torch.cuda.amp.custom_bwd(args...)` is deprecated. Please use `torch.amp.custom_bwd(args..., device_type='cuda')` instead.
  @custom_bwd
/kaggle/working/site-packages/onmt/modules/sru.py:395: FutureWarning: `torch.cuda.amp.custom_fwd(args...)` is deprecated. Please use `torch.amp.custom_fwd(args..., device_type='cuda')` instead.
  @custom_fwd
/kaggle/working/site-packages/onmt/modules/sru.py:444: FutureWarning: `torch.cuda.amp.custom_bwd(args...)` is deprecated. Please use `torch.amp.custom_bwd(args..., device_type='cuda')` instead.
  @custom_bwd
/kaggle/working/site-packages/onmt/modules/sparse_losses.py:10: FutureWarning: `torch.cuda.amp.custom_fwd(args...)` is deprecated. Please use `torch.amp.custom_fwd(args..., device_type='cuda')` instead.
  @custom_fwd
/kaggle/working/site-packages/onmt/modules/sparse_losses.py:31: FutureWarning: `torch.cuda.amp.custom_bwd(args...)` is deprecated. Please use `torch.amp.custom_bwd(args..., device_type='cuda')` instead.
  @custom_bwd
[2026-09-23 20:36:14,949 INFO] * Transform statistics for corpus_1(12.50%):
			* SubwordStats: 5621173 -> 7214149 tokens

[2026-09-23 20:36:14,949 INFO] Weighted corpora loaded so far:
			* corpus_1: 16
[2026-09-23 20:36:16,094 INFO] * Transform statistics for corpus_1(12.50%):
			* SubwordStats: 5632612 -> 7229195 tokens

[2026-09-23 20:36:16,095 INFO] Weighted corpora loaded so far:
			* corpus_1: 16
/kaggle/working/site-packages/onmt/modules/sparse_activations.py:46: FutureWarning: `torch.cuda.amp.custom_fwd(args...)` is deprecated. Please use `torch.amp.custom_fwd(args..., device_type='cuda')` instead.
  @custom_fwd
/kaggle/working/site-packages/onmt/modules/sparse_activations.py:66: FutureWarning: `torch.cuda.amp.custom_bwd(args...)` is deprecated. Please use `torch.amp.custom_bwd(args..., device_type='cuda')` instead.
  @custom_bwd
/kaggle/working/site-packages/onmt/modules/sru.py:395: FutureWarning: `torch.cuda.amp.custom_fwd(args...)` is deprecated. Please use `torch.amp.custom_fwd(args..., device_type='cuda')` instead.
  @custom_fwd
/kaggle/working/site-packages/onmt/modules/sru.py:444: FutureWarning: `torch.cuda.amp.custom_bwd(args...)` is deprecated. Please use `torch.amp.custom_bwd(args..., device_type='cuda')` instead.
  @custom_bwd
/kaggle/working/site-packages/onmt/modules/sparse_losses.py:10: FutureWarning: `torch.cuda.amp.custom_fwd(args...)` is deprecated. Please use `torch.amp.custom_fwd(args..., device_type='cuda')` instead.
  @custom_fwd
/kaggle/working/site-packages/onmt/modules/sparse_losses.py:31: FutureWarning: `torch.cuda.amp.custom_bwd(args...)` is deprecated. Please use `torch.amp.custom_bwd(args..., device_type='cuda')` instead.
  @custom_bwd
[2026-09-23 20:36:18,010 INFO] * Transform statistics for corpus_1(12.50%):
			* SubwordStats: 5629034 -> 7219960 tokens

[2026-09-23 20:36:18,010 INFO] Weighted corpora loaded so far:
			* corpus_1: 16
[2026-09-23 20:36:20,240 INFO] * Transform statistics for corpus_1(12.50%):
			* SubwordStats: 5624654 -> 7214823 tokens

[2026-09-23 20:36:20,240 INFO] Weighted corpora loaded so far:
			* corpus_1: 16
[2026-09-23 20:36:22,111 INFO] valid stats calculation
                           took: 18.055603742599487 s.
[2026-09-23 20:36:22,111 INFO] Train perplexity: 2.16996
[2026-09-23 20:36:22,111 INFO] Train accuracy: 88.6835
[2026-09-23 20:36:22,111 INFO] Sentences processed: 5.27319e+07
[2026-09-23 20:36:22,111 INFO] Average bsz: 41402/36476/5273
[2026-09-23 20:36:22,111 INFO] Validation perplexity: 1.49015
[2026-09-23 20:36:22,111 INFO] Validation accuracy: 94.9873
[2026-09-23 20:36:22,113 INFO] Saving checkpoint /kaggle/working/checkpoints/base_v3_production/reparos_base_v3_production_step_10000.pt
[2026-09-23 20:37:04,273 INFO] * Transform statistics for corpus_1(12.50%):
			* SubwordStats: 5621467 -> 7213749 tokens

[2026-09-23 20:37:04,273 INFO] Weighted corpora loaded so far:
			* corpus_1: 17
[2026-09-23 20:37:12,015 INFO] * Transform statistics for corpus_1(12.50%):
			* SubwordStats: 5626298 -> 7216441 tokens

[2026-09-23 20:37:12,015 INFO] Weighted corpora loaded so far:
			* corpus_1: 17
[2026-09-23 20:37:14,330 INFO] * Transform statistics for corpus_1(12.50%):
			* SubwordStats: 5627488 -> 7221892 tokens

[2026-09-23 20:37:14,331 INFO] Weighted corpora loaded so far:
			* corpus_1: 17
[2026-09-23 20:37:15,023 INFO] * Transform statistics for corpus_1(12.50%):
			* SubwordStats: 5631422 -> 7231019 tokens

[2026-09-23 20:37:15,024 INFO] Weighted corpora loaded so far:
			* corpus_1: 17
[2026-09-23 20:37:19,728 INFO] * Transform statistics for corpus_1(12.50%):
			* SubwordStats: 5622283 -> 7215701 tokens

[2026-09-23 20:37:19,728 INFO] Weighted corpora loaded so far:
			* corpus_1: 17
[2026-09-23 20:37:25,044 INFO] * Transform statistics for corpus_1(12.50%):
			* SubwordStats: 5632054 -> 7228782 tokens

[2026-09-23 20:37:25,044 INFO] Weighted corpora loaded so far:
			* corpus_1: 17
[2026-09-23 20:37:25,235 INFO] * Transform statistics for corpus_1(12.50%):
			* SubwordStats: 5631763 -> 7222636 tokens

[2026-09-23 20:37:25,235 INFO] Weighted corpora loaded so far:
			* corpus_1: 17
[2026-09-23 20:37:27,500 INFO] * Transform statistics for corpus_1(12.50%):
			* SubwordStats: 5623650 -> 7214041 tokens

[2026-09-23 20:37:27,500 INFO] Weighted corpora loaded so far:
			* corpus_1: 17
[2026-09-23 20:37:55,355 INFO] * Transform statistics for corpus_1(12.50%):
			* SubwordStats: 4218289 -> 5411739 tokens

[2026-09-23 20:37:55,355 INFO] Weighted corpora loaded so far:
			* corpus_1: 18
[2026-09-23 20:38:09,325 INFO] * Transform statistics for corpus_1(12.50%):
			* SubwordStats: 4221774 -> 5416528 tokens

[2026-09-23 20:38:09,326 INFO] Weighted corpora loaded so far:
			* corpus_1: 18
[2026-09-23 20:38:10,541 INFO] * Transform statistics for corpus_1(12.50%):
			* SubwordStats: 4218690 -> 5414601 tokens

[2026-09-23 20:38:10,542 INFO] Weighted corpora loaded so far:
			* corpus_1: 18
[2026-09-23 20:38:11,126 INFO] * Transform statistics for corpus_1(12.50%):
			* SubwordStats: 4222415 -> 5420515 tokens

[2026-09-23 20:38:11,127 INFO] Weighted corpora loaded so far:
			* corpus_1: 18
[2026-09-23 20:38:11,819 INFO] * Transform statistics for corpus_1(12.50%):
			* SubwordStats: 4218362 -> 5413343 tokens

[2026-09-23 20:38:11,819 INFO] Weighted corpora loaded so far:
			* corpus_1: 18
[2026-09-23 20:38:13,570 INFO] * Transform statistics for corpus_1(12.50%):
			* SubwordStats: 4222444 -> 5415747 tokens

[2026-09-23 20:38:13,570 INFO] Weighted corpora loaded so far:
			* corpus_1: 18
[2026-09-23 20:38:14,413 INFO] * Transform statistics for corpus_1(12.50%):
			* SubwordStats: 4222704 -> 5419429 tokens

[2026-09-23 20:38:14,414 INFO] Weighted corpora loaded so far:
			* corpus_1: 18
[2026-09-23 20:38:15,547 INFO] * Transform statistics for corpus_1(12.50%):
			* SubwordStats: 4217882 -> 5410431 tokens

[2026-09-23 20:38:15,548 INFO] Weighted corpora loaded so far:
			* corpus_1: 18
[2026-09-23 20:38:53,194 INFO] * Transform statistics for corpus_1(12.50%):
			* SubwordStats: 5620288 -> 7211520 tokens

[2026-09-23 20:38:53,194 INFO] Weighted corpora loaded so far:
			* corpus_1: 19
[2026-09-23 20:39:10,803 INFO] * Transform statistics for corpus_1(12.50%):
			* SubwordStats: 5627359 -> 7217848 tokens

[2026-09-23 20:39:10,803 INFO] Weighted corpora loaded so far:
			* corpus_1: 19
[2026-09-23 20:39:11,976 INFO] * Transform statistics for corpus_1(12.50%):
			* SubwordStats: 5626637 -> 7219531 tokens

[2026-09-23 20:39:11,976 INFO] Weighted corpora loaded so far:
			* corpus_1: 19
[2026-09-23 20:39:12,732 INFO] * Transform statistics for corpus_1(12.50%):
			* SubwordStats: 5630547 -> 7230254 tokens

[2026-09-23 20:39:12,733 INFO] Weighted corpora loaded so far:
			* corpus_1: 19
[2026-09-23 20:39:13,967 INFO] Step 12000/50000; acc: 98.5; ppl:   1.1; xent: 0.1; lr: 0.00081; sents: 10555337; bsz: 41516/36513/5278; 437214/384530 tok/s;    985 sec;
[2026-09-23 20:39:14,936 INFO] * Transform statistics for corpus_1(12.50%):
			* SubwordStats: 5621228 -> 7214181 tokens

[2026-09-23 20:39:14,936 INFO] Weighted corpora loaded so far:
			* corpus_1: 19
[2026-09-23 20:39:15,118 INFO] * Transform statistics for corpus_1(12.50%):
			* SubwordStats: 5632476 -> 7228406 tokens

[2026-09-23 20:39:15,118 INFO] Weighted corpora loaded so far:
			* corpus_1: 19
/kaggle/working/site-packages/onmt/modules/sparse_activations.py:46: FutureWarning: `torch.cuda.amp.custom_fwd(args...)` is deprecated. Please use `torch.amp.custom_fwd(args..., device_type='cuda')` instead.
  @custom_fwd
/kaggle/working/site-packages/onmt/modules/sparse_activations.py:66: FutureWarning: `torch.cuda.amp.custom_bwd(args...)` is deprecated. Please use `torch.amp.custom_bwd(args..., device_type='cuda')` instead.
  @custom_bwd
/kaggle/working/site-packages/onmt/modules/sru.py:395: FutureWarning: `torch.cuda.amp.custom_fwd(args...)` is deprecated. Please use `torch.amp.custom_fwd(args..., device_type='cuda')` instead.
  @custom_fwd
/kaggle/working/site-packages/onmt/modules/sru.py:444: FutureWarning: `torch.cuda.amp.custom_bwd(args...)` is deprecated. Please use `torch.amp.custom_bwd(args..., device_type='cuda')` instead.
  @custom_bwd
/kaggle/working/site-packages/onmt/modules/sparse_losses.py:10: FutureWarning: `torch.cuda.amp.custom_fwd(args...)` is deprecated. Please use `torch.amp.custom_fwd(args..., device_type='cuda')` instead.
  @custom_fwd
/kaggle/working/site-packages/onmt/modules/sparse_losses.py:31: FutureWarning: `torch.cuda.amp.custom_bwd(args...)` is deprecated. Please use `torch.amp.custom_bwd(args..., device_type='cuda')` instead.
  @custom_bwd
[2026-09-23 20:39:15,345 INFO] * Transform statistics for corpus_1(12.50%):
			* SubwordStats: 5631219 -> 7223525 tokens

[2026-09-23 20:39:15,345 INFO] Weighted corpora loaded so far:
			* corpus_1: 19
/kaggle/working/site-packages/onmt/modules/sparse_activations.py:46: FutureWarning: `torch.cuda.amp.custom_fwd(args...)` is deprecated. Please use `torch.amp.custom_fwd(args..., device_type='cuda')` instead.
  @custom_fwd
/kaggle/working/site-packages/onmt/modules/sparse_activations.py:66: FutureWarning: `torch.cuda.amp.custom_bwd(args...)` is deprecated. Please use `torch.amp.custom_bwd(args..., device_type='cuda')` instead.
  @custom_bwd
/kaggle/working/site-packages/onmt/modules/sru.py:395: FutureWarning: `torch.cuda.amp.custom_fwd(args...)` is deprecated. Please use `torch.amp.custom_fwd(args..., device_type='cuda')` instead.
  @custom_fwd
/kaggle/working/site-packages/onmt/modules/sru.py:444: FutureWarning: `torch.cuda.amp.custom_bwd(args...)` is deprecated. Please use `torch.amp.custom_bwd(args..., device_type='cuda')` instead.
  @custom_bwd
/kaggle/working/site-packages/onmt/modules/sparse_losses.py:10: FutureWarning: `torch.cuda.amp.custom_fwd(args...)` is deprecated. Please use `torch.amp.custom_fwd(args..., device_type='cuda')` instead.
  @custom_fwd
/kaggle/working/site-packages/onmt/modules/sparse_losses.py:31: FutureWarning: `torch.cuda.amp.custom_bwd(args...)` is deprecated. Please use `torch.amp.custom_bwd(args..., device_type='cuda')` instead.
  @custom_bwd
/kaggle/working/site-packages/onmt/modules/sparse_activations.py:46: FutureWarning: `torch.cuda.amp.custom_fwd(args...)` is deprecated. Please use `torch.amp.custom_fwd(args..., device_type='cuda')` instead.
  @custom_fwd
/kaggle/working/site-packages/onmt/modules/sparse_activations.py:66: FutureWarning: `torch.cuda.amp.custom_bwd(args...)` is deprecated. Please use `torch.amp.custom_bwd(args..., device_type='cuda')` instead.
  @custom_bwd
/kaggle/working/site-packages/onmt/modules/sru.py:395: FutureWarning: `torch.cuda.amp.custom_fwd(args...)` is deprecated. Please use `torch.amp.custom_fwd(args..., device_type='cuda')` instead.
  @custom_fwd
/kaggle/working/site-packages/onmt/modules/sru.py:444: FutureWarning: `torch.cuda.amp.custom_bwd(args...)` is deprecated. Please use `torch.amp.custom_bwd(args..., device_type='cuda')` instead.
  @custom_bwd
/kaggle/working/site-packages/onmt/modules/sparse_losses.py:10: FutureWarning: `torch.cuda.amp.custom_fwd(args...)` is deprecated. Please use `torch.amp.custom_fwd(args..., device_type='cuda')` instead.
  @custom_fwd
/kaggle/working/site-packages/onmt/modules/sparse_losses.py:31: FutureWarning: `torch.cuda.amp.custom_bwd(args...)` is deprecated. Please use `torch.amp.custom_bwd(args..., device_type='cuda')` instead.
  @custom_bwd
/kaggle/working/site-packages/onmt/modules/sparse_activations.py:46: FutureWarning: `torch.cuda.amp.custom_fwd(args...)` is deprecated. Please use `torch.amp.custom_fwd(args..., device_type='cuda')` instead.
  @custom_fwd
/kaggle/working/site-packages/onmt/modules/sparse_activations.py:66: FutureWarning: `torch.cuda.amp.custom_bwd(args...)` is deprecated. Please use `torch.amp.custom_bwd(args..., device_type='cuda')` instead.
  @custom_bwd
/kaggle/working/site-packages/onmt/modules/sru.py:395: FutureWarning: `torch.cuda.amp.custom_fwd(args...)` is deprecated. Please use `torch.amp.custom_fwd(args..., device_type='cuda')` instead.
  @custom_fwd
/kaggle/working/site-packages/onmt/modules/sru.py:444: FutureWarning: `torch.cuda.amp.custom_bwd(args...)` is deprecated. Please use `torch.amp.custom_bwd(args..., device_type='cuda')` instead.
  @custom_bwd
/kaggle/working/site-packages/onmt/modules/sparse_losses.py:10: FutureWarning: `torch.cuda.amp.custom_fwd(args...)` is deprecated. Please use `torch.amp.custom_fwd(args..., device_type='cuda')` instead.
  @custom_fwd
/kaggle/working/site-packages/onmt/modules/sparse_losses.py:31: FutureWarning: `torch.cuda.amp.custom_bwd(args...)` is deprecated. Please use `torch.amp.custom_bwd(args..., device_type='cuda')` instead.
  @custom_bwd
/kaggle/working/site-packages/onmt/modules/sparse_activations.py:46: FutureWarning: `torch.cuda.amp.custom_fwd(args...)` is deprecated. Please use `torch.amp.custom_fwd(args..., device_type='cuda')` instead.
  @custom_fwd
/kaggle/working/site-packages/onmt/modules/sparse_activations.py:66: FutureWarning: `torch.cuda.amp.custom_bwd(args...)` is deprecated. Please use `torch.amp.custom_bwd(args..., device_type='cuda')` instead.
  @custom_bwd
/kaggle/working/site-packages/onmt/modules/sru.py:395: FutureWarning: `torch.cuda.amp.custom_fwd(args...)` is deprecated. Please use `torch.amp.custom_fwd(args..., device_type='cuda')` instead.
  @custom_fwd
/kaggle/working/site-packages/onmt/modules/sru.py:444: FutureWarning: `torch.cuda.amp.custom_bwd(args...)` is deprecated. Please use `torch.amp.custom_bwd(args..., device_type='cuda')` instead.
  @custom_bwd
/kaggle/working/site-packages/onmt/modules/sparse_losses.py:10: FutureWarning: `torch.cuda.amp.custom_fwd(args...)` is deprecated. Please use `torch.amp.custom_fwd(args..., device_type='cuda')` instead.
  @custom_fwd
/kaggle/working/site-packages/onmt/modules/sparse_losses.py:31: FutureWarning: `torch.cuda.amp.custom_bwd(args...)` is deprecated. Please use `torch.amp.custom_bwd(args..., device_type='cuda')` instead.
  @custom_bwd
/kaggle/working/site-packages/onmt/modules/sparse_activations.py:46: FutureWarning: `torch.cuda.amp.custom_fwd(args...)` is deprecated. Please use `torch.amp.custom_fwd(args..., device_type='cuda')` instead.
  @custom_fwd
/kaggle/working/site-packages/onmt/modules/sparse_activations.py:66: FutureWarning: `torch.cuda.amp.custom_bwd(args...)` is deprecated. Please use `torch.amp.custom_bwd(args..., device_type='cuda')` instead.
  @custom_bwd
/kaggle/working/site-packages/onmt/modules/sru.py:395: FutureWarning: `torch.cuda.amp.custom_fwd(args...)` is deprecated. Please use `torch.amp.custom_fwd(args..., device_type='cuda')` instead.
  @custom_fwd
/kaggle/working/site-packages/onmt/modules/sru.py:444: FutureWarning: `torch.cuda.amp.custom_bwd(args...)` is deprecated. Please use `torch.amp.custom_bwd(args..., device_type='cuda')` instead.
  @custom_bwd
/kaggle/working/site-packages/onmt/modules/sparse_losses.py:10: FutureWarning: `torch.cuda.amp.custom_fwd(args...)` is deprecated. Please use `torch.amp.custom_fwd(args..., device_type='cuda')` instead.
  @custom_fwd
/kaggle/working/site-packages/onmt/modules/sparse_losses.py:31: FutureWarning: `torch.cuda.amp.custom_bwd(args...)` is deprecated. Please use `torch.amp.custom_bwd(args..., device_type='cuda')` instead.
  @custom_bwd
/kaggle/working/site-packages/onmt/modules/sparse_activations.py:46: FutureWarning: `torch.cuda.amp.custom_fwd(args...)` is deprecated. Please use `torch.amp.custom_fwd(args..., device_type='cuda')` instead.
  @custom_fwd
/kaggle/working/site-packages/onmt/modules/sparse_activations.py:66: FutureWarning: `torch.cuda.amp.custom_bwd(args...)` is deprecated. Please use `torch.amp.custom_bwd(args..., device_type='cuda')` instead.
  @custom_bwd
/kaggle/working/site-packages/onmt/modules/sru.py:395: FutureWarning: `torch.cuda.amp.custom_fwd(args...)` is deprecated. Please use `torch.amp.custom_fwd(args..., device_type='cuda')` instead.
  @custom_fwd
/kaggle/working/site-packages/onmt/modules/sru.py:444: FutureWarning: `torch.cuda.amp.custom_bwd(args...)` is deprecated. Please use `torch.amp.custom_bwd(args..., device_type='cuda')` instead.
  @custom_bwd
/kaggle/working/site-packages/onmt/modules/sparse_losses.py:10: FutureWarning: `torch.cuda.amp.custom_fwd(args...)` is deprecated. Please use `torch.amp.custom_fwd(args..., device_type='cuda')` instead.
  @custom_fwd
/kaggle/working/site-packages/onmt/modules/sparse_losses.py:31: FutureWarning: `torch.cuda.amp.custom_bwd(args...)` is deprecated. Please use `torch.amp.custom_bwd(args..., device_type='cuda')` instead.
  @custom_bwd
/kaggle/working/site-packages/onmt/modules/sparse_activations.py:46: FutureWarning: `torch.cuda.amp.custom_fwd(args...)` is deprecated. Please use `torch.amp.custom_fwd(args..., device_type='cuda')` instead.
  @custom_fwd
/kaggle/working/site-packages/onmt/modules/sparse_activations.py:66: FutureWarning: `torch.cuda.amp.custom_bwd(args...)` is deprecated. Please use `torch.amp.custom_bwd(args..., device_type='cuda')` instead.
  @custom_bwd
/kaggle/working/site-packages/onmt/modules/sru.py:395: FutureWarning: `torch.cuda.amp.custom_fwd(args...)` is deprecated. Please use `torch.amp.custom_fwd(args..., device_type='cuda')` instead.
  @custom_fwd
/kaggle/working/site-packages/onmt/modules/sru.py:444: FutureWarning: `torch.cuda.amp.custom_bwd(args...)` is deprecated. Please use `torch.amp.custom_bwd(args..., device_type='cuda')` instead.
  @custom_bwd
/kaggle/working/site-packages/onmt/modules/sparse_losses.py:10: FutureWarning: `torch.cuda.amp.custom_fwd(args...)` is deprecated. Please use `torch.amp.custom_fwd(args..., device_type='cuda')` instead.
  @custom_fwd
/kaggle/working/site-packages/onmt/modules/sparse_losses.py:31: FutureWarning: `torch.cuda.amp.custom_bwd(args...)` is deprecated. Please use `torch.amp.custom_bwd(args..., device_type='cuda')` instead.
  @custom_bwd
[2026-09-23 20:39:36,152 INFO] valid stats calculation
                           took: 22.184412717819214 s.
[2026-09-23 20:39:36,152 INFO] Train perplexity: 1.92483
[2026-09-23 20:39:36,152 INFO] Train accuracy: 90.3151
[2026-09-23 20:39:36,152 INFO] Sentences processed: 6.32872e+07
[2026-09-23 20:39:36,153 INFO] Average bsz: 41421/36482/5274
[2026-09-23 20:39:36,153 INFO] Validation perplexity: 1.49512
[2026-09-23 20:39:36,153 INFO] Validation accuracy: 95.2993
[2026-09-23 20:39:39,099 INFO] * Transform statistics for corpus_1(12.50%):
			* SubwordStats: 5624450 -> 7215326 tokens

[2026-09-23 20:39:39,100 INFO] Weighted corpora loaded so far:
			* corpus_1: 19
[2026-09-23 20:40:05,478 INFO] * Transform statistics for corpus_1(12.50%):
			* SubwordStats: 5619160 -> 7210158 tokens

[2026-09-23 20:40:05,478 INFO] Weighted corpora loaded so far:
			* corpus_1: 20
[2026-09-23 20:40:12,441 INFO] * Transform statistics for corpus_1(12.50%):
			* SubwordStats: 5627090 -> 7217103 tokens

[2026-09-23 20:40:12,441 INFO] Weighted corpora loaded so far:
			* corpus_1: 20
[2026-09-23 20:40:15,851 INFO] * Transform statistics for corpus_1(12.50%):
			* SubwordStats: 5626860 -> 7220877 tokens

[2026-09-23 20:40:15,852 INFO] Weighted corpora loaded so far:
			* corpus_1: 20
[2026-09-23 20:40:17,176 INFO] * Transform statistics for corpus_1(12.50%):
			* SubwordStats: 5630645 -> 7229033 tokens

[2026-09-23 20:40:17,176 INFO] Weighted corpora loaded so far:
			* corpus_1: 20
[2026-09-23 20:40:17,827 INFO] * Transform statistics for corpus_1(12.50%):
			* SubwordStats: 5620212 -> 7213016 tokens

[2026-09-23 20:40:17,827 INFO] Weighted corpora loaded so far:
			* corpus_1: 20
[2026-09-23 20:40:18,491 INFO] * Transform statistics for corpus_1(12.50%):
			* SubwordStats: 5630881 -> 7222794 tokens

[2026-09-23 20:40:18,491 INFO] Weighted corpora loaded so far:
			* corpus_1: 20
[2026-09-23 20:40:19,423 INFO] * Transform statistics for corpus_1(12.50%):
			* SubwordStats: 5632106 -> 7229652 tokens

[2026-09-23 20:40:19,423 INFO] Weighted corpora loaded so far:
			* corpus_1: 20
[2026-09-23 20:40:22,100 INFO] * Transform statistics for corpus_1(12.50%):
			* SubwordStats: 5624347 -> 7213838 tokens

[2026-09-23 20:40:22,101 INFO] Weighted corpora loaded so far:
			* corpus_1: 20
[2026-09-23 20:40:49,984 INFO] * Transform statistics for corpus_1(12.50%):
			* SubwordStats: 5619258 -> 7210410 tokens

[2026-09-23 20:40:49,984 INFO] Weighted corpora loaded so far:
			* corpus_1: 21
[2026-09-23 20:40:55,691 INFO] * Transform statistics for corpus_1(12.50%):
			* SubwordStats: 5626489 -> 7217128 tokens

[2026-09-23 20:40:55,691 INFO] Weighted corpora loaded so far:
			* corpus_1: 21
[2026-09-23 20:41:01,256 INFO] * Transform statistics for corpus_1(12.50%):
			* SubwordStats: 5620135 -> 7213201 tokens

[2026-09-23 20:41:01,256 INFO] Weighted corpora loaded so far:
			* corpus_1: 21
[2026-09-23 20:41:01,317 INFO] * Transform statistics for corpus_1(12.50%):
			* SubwordStats: 5633351 -> 7232313 tokens

[2026-09-23 20:41:01,317 INFO] Weighted corpora loaded so far:
			* corpus_1: 21
[2026-09-23 20:41:01,448 INFO] * Transform statistics for corpus_1(12.50%):
			* SubwordStats: 5625610 -> 7218064 tokens

[2026-09-23 20:41:01,448 INFO] Weighted corpora loaded so far:
			* corpus_1: 21
[2026-09-23 20:41:03,026 INFO] * Transform statistics for corpus_1(12.50%):
			* SubwordStats: 5630250 -> 7222039 tokens

[2026-09-23 20:41:03,026 INFO] Weighted corpora loaded so far:
			* corpus_1: 21
[2026-09-23 20:41:03,797 INFO] * Transform statistics for corpus_1(12.50%):
			* SubwordStats: 5633363 -> 7230127 tokens

[2026-09-23 20:41:03,798 INFO] Weighted corpora loaded so far:
			* corpus_1: 21
[2026-09-23 20:41:06,823 INFO] * Transform statistics for corpus_1(12.50%):
			* SubwordStats: 5624491 -> 7215308 tokens

[2026-09-23 20:41:06,823 INFO] Weighted corpora loaded so far:
			* corpus_1: 21
[2026-09-23 20:41:34,925 INFO] Step 14000/50000; acc: 98.6; ppl:   1.1; xent: 0.1; lr: 0.00075; sents: 10523180; bsz: 41265/36359/5262; 585494/515878 tok/s;   1126 sec;
/kaggle/working/site-packages/onmt/modules/sparse_activations.py:46: FutureWarning: `torch.cuda.amp.custom_fwd(args...)` is deprecated. Please use `torch.amp.custom_fwd(args..., device_type='cuda')` instead.
  @custom_fwd
/kaggle/working/site-packages/onmt/modules/sparse_activations.py:66: FutureWarning: `torch.cuda.amp.custom_bwd(args...)` is deprecated. Please use `torch.amp.custom_bwd(args..., device_type='cuda')` instead.
  @custom_bwd
/kaggle/working/site-packages/onmt/modules/sru.py:395: FutureWarning: `torch.cuda.amp.custom_fwd(args...)` is deprecated. Please use `torch.amp.custom_fwd(args..., device_type='cuda')` instead.
  @custom_fwd
/kaggle/working/site-packages/onmt/modules/sru.py:444: FutureWarning: `torch.cuda.amp.custom_bwd(args...)` is deprecated. Please use `torch.amp.custom_bwd(args..., device_type='cuda')` instead.
  @custom_bwd
/kaggle/working/site-packages/onmt/modules/sparse_losses.py:10: FutureWarning: `torch.cuda.amp.custom_fwd(args...)` is deprecated. Please use `torch.amp.custom_fwd(args..., device_type='cuda')` instead.
  @custom_fwd
/kaggle/working/site-packages/onmt/modules/sparse_losses.py:31: FutureWarning: `torch.cuda.amp.custom_bwd(args...)` is deprecated. Please use `torch.amp.custom_bwd(args..., device_type='cuda')` instead.
  @custom_bwd
/kaggle/working/site-packages/onmt/modules/sparse_activations.py:46: FutureWarning: `torch.cuda.amp.custom_fwd(args...)` is deprecated. Please use `torch.amp.custom_fwd(args..., device_type='cuda')` instead.
  @custom_fwd
/kaggle/working/site-packages/onmt/modules/sparse_activations.py:66: FutureWarning: `torch.cuda.amp.custom_bwd(args...)` is deprecated. Please use `torch.amp.custom_bwd(args..., device_type='cuda')` instead.
  @custom_bwd
/kaggle/working/site-packages/onmt/modules/sru.py:395: FutureWarning: `torch.cuda.amp.custom_fwd(args...)` is deprecated. Please use `torch.amp.custom_fwd(args..., device_type='cuda')` instead.
  @custom_fwd
/kaggle/working/site-packages/onmt/modules/sru.py:444: FutureWarning: `torch.cuda.amp.custom_bwd(args...)` is deprecated. Please use `torch.amp.custom_bwd(args..., device_type='cuda')` instead.
  @custom_bwd
/kaggle/working/site-packages/onmt/modules/sparse_losses.py:10: FutureWarning: `torch.cuda.amp.custom_fwd(args...)` is deprecated. Please use `torch.amp.custom_fwd(args..., device_type='cuda')` instead.
  @custom_fwd
/kaggle/working/site-packages/onmt/modules/sparse_losses.py:31: FutureWarning: `torch.cuda.amp.custom_bwd(args...)` is deprecated. Please use `torch.amp.custom_bwd(args..., device_type='cuda')` instead.
  @custom_bwd
/kaggle/working/site-packages/onmt/modules/sparse_activations.py:46: FutureWarning: `torch.cuda.amp.custom_fwd(args...)` is deprecated. Please use `torch.amp.custom_fwd(args..., device_type='cuda')` instead.
  @custom_fwd
/kaggle/working/site-packages/onmt/modules/sparse_activations.py:66: FutureWarning: `torch.cuda.amp.custom_bwd(args...)` is deprecated. Please use `torch.amp.custom_bwd(args..., device_type='cuda')` instead.
  @custom_bwd
/kaggle/working/site-packages/onmt/modules/sru.py:395: FutureWarning: `torch.cuda.amp.custom_fwd(args...)` is deprecated. Please use `torch.amp.custom_fwd(args..., device_type='cuda')` instead.
  @custom_fwd
/kaggle/working/site-packages/onmt/modules/sru.py:444: FutureWarning: `torch.cuda.amp.custom_bwd(args...)` is deprecated. Please use `torch.amp.custom_bwd(args..., device_type='cuda')` instead.
  @custom_bwd
/kaggle/working/site-packages/onmt/modules/sparse_losses.py:10: FutureWarning: `torch.cuda.amp.custom_fwd(args...)` is deprecated. Please use `torch.amp.custom_fwd(args..., device_type='cuda')` instead.
  @custom_fwd
/kaggle/working/site-packages/onmt/modules/sparse_losses.py:31: FutureWarning: `torch.cuda.amp.custom_bwd(args...)` is deprecated. Please use `torch.amp.custom_bwd(args..., device_type='cuda')` instead.
  @custom_bwd
/kaggle/working/site-packages/onmt/modules/sparse_activations.py:46: FutureWarning: `torch.cuda.amp.custom_fwd(args...)` is deprecated. Please use `torch.amp.custom_fwd(args..., device_type='cuda')` instead.
  @custom_fwd
/kaggle/working/site-packages/onmt/modules/sparse_activations.py:66: FutureWarning: `torch.cuda.amp.custom_bwd(args...)` is deprecated. Please use `torch.amp.custom_bwd(args..., device_type='cuda')` instead.
  @custom_bwd
/kaggle/working/site-packages/onmt/modules/sru.py:395: FutureWarning: `torch.cuda.amp.custom_fwd(args...)` is deprecated. Please use `torch.amp.custom_fwd(args..., device_type='cuda')` instead.
  @custom_fwd
/kaggle/working/site-packages/onmt/modules/sru.py:444: FutureWarning: `torch.cuda.amp.custom_bwd(args...)` is deprecated. Please use `torch.amp.custom_bwd(args..., device_type='cuda')` instead.
  @custom_bwd
/kaggle/working/site-packages/onmt/modules/sparse_losses.py:10: FutureWarning: `torch.cuda.amp.custom_fwd(args...)` is deprecated. Please use `torch.amp.custom_fwd(args..., device_type='cuda')` instead.
  @custom_fwd
/kaggle/working/site-packages/onmt/modules/sparse_losses.py:31: FutureWarning: `torch.cuda.amp.custom_bwd(args...)` is deprecated. Please use `torch.amp.custom_bwd(args..., device_type='cuda')` instead.
  @custom_bwd
/kaggle/working/site-packages/onmt/modules/sparse_activations.py:46: FutureWarning: `torch.cuda.amp.custom_fwd(args...)` is deprecated. Please use `torch.amp.custom_fwd(args..., device_type='cuda')` instead.
  @custom_fwd
/kaggle/working/site-packages/onmt/modules/sparse_activations.py:66: FutureWarning: `torch.cuda.amp.custom_bwd(args...)` is deprecated. Please use `torch.amp.custom_bwd(args..., device_type='cuda')` instead.
  @custom_bwd
/kaggle/working/site-packages/onmt/modules/sru.py:395: FutureWarning: `torch.cuda.amp.custom_fwd(args...)` is deprecated. Please use `torch.amp.custom_fwd(args..., device_type='cuda')` instead.
  @custom_fwd
/kaggle/working/site-packages/onmt/modules/sru.py:444: FutureWarning: `torch.cuda.amp.custom_bwd(args...)` is deprecated. Please use `torch.amp.custom_bwd(args..., device_type='cuda')` instead.
  @custom_bwd
/kaggle/working/site-packages/onmt/modules/sparse_losses.py:10: FutureWarning: `torch.cuda.amp.custom_fwd(args...)` is deprecated. Please use `torch.amp.custom_fwd(args..., device_type='cuda')` instead.
  @custom_fwd
/kaggle/working/site-packages/onmt/modules/sparse_losses.py:31: FutureWarning: `torch.cuda.amp.custom_bwd(args...)` is deprecated. Please use `torch.amp.custom_bwd(args..., device_type='cuda')` instead.
  @custom_bwd
/kaggle/working/site-packages/onmt/modules/sparse_activations.py:46: FutureWarning: `torch.cuda.amp.custom_fwd(args...)` is deprecated. Please use `torch.amp.custom_fwd(args..., device_type='cuda')` instead.
  @custom_fwd
/kaggle/working/site-packages/onmt/modules/sparse_activations.py:66: FutureWarning: `torch.cuda.amp.custom_bwd(args...)` is deprecated. Please use `torch.amp.custom_bwd(args..., device_type='cuda')` instead.
  @custom_bwd
/kaggle/working/site-packages/onmt/modules/sru.py:395: FutureWarning: `torch.cuda.amp.custom_fwd(args...)` is deprecated. Please use `torch.amp.custom_fwd(args..., device_type='cuda')` instead.
  @custom_fwd
/kaggle/working/site-packages/onmt/modules/sru.py:444: FutureWarning: `torch.cuda.amp.custom_bwd(args...)` is deprecated. Please use `torch.amp.custom_bwd(args..., device_type='cuda')` instead.
  @custom_bwd
/kaggle/working/site-packages/onmt/modules/sparse_losses.py:10: FutureWarning: `torch.cuda.amp.custom_fwd(args...)` is deprecated. Please use `torch.amp.custom_fwd(args..., device_type='cuda')` instead.
  @custom_fwd
/kaggle/working/site-packages/onmt/modules/sparse_losses.py:31: FutureWarning: `torch.cuda.amp.custom_bwd(args...)` is deprecated. Please use `torch.amp.custom_bwd(args..., device_type='cuda')` instead.
  @custom_bwd
/kaggle/working/site-packages/onmt/modules/sparse_activations.py:46: FutureWarning: `torch.cuda.amp.custom_fwd(args...)` is deprecated. Please use `torch.amp.custom_fwd(args..., device_type='cuda')` instead.
  @custom_fwd
/kaggle/working/site-packages/onmt/modules/sparse_activations.py:66: FutureWarning: `torch.cuda.amp.custom_bwd(args...)` is deprecated. Please use `torch.amp.custom_bwd(args..., device_type='cuda')` instead.
  @custom_bwd
/kaggle/working/site-packages/onmt/modules/sru.py:395: FutureWarning: `torch.cuda.amp.custom_fwd(args...)` is deprecated. Please use `torch.amp.custom_fwd(args..., device_type='cuda')` instead.
  @custom_fwd
/kaggle/working/site-packages/onmt/modules/sru.py:444: FutureWarning: `torch.cuda.amp.custom_bwd(args...)` is deprecated. Please use `torch.amp.custom_bwd(args..., device_type='cuda')` instead.
  @custom_bwd
/kaggle/working/site-packages/onmt/modules/sparse_losses.py:10: FutureWarning: `torch.cuda.amp.custom_fwd(args...)` is deprecated. Please use `torch.amp.custom_fwd(args..., device_type='cuda')` instead.
  @custom_fwd
/kaggle/working/site-packages/onmt/modules/sparse_losses.py:31: FutureWarning: `torch.cuda.amp.custom_bwd(args...)` is deprecated. Please use `torch.amp.custom_bwd(args..., device_type='cuda')` instead.
  @custom_bwd
/kaggle/working/site-packages/onmt/modules/sparse_activations.py:46: FutureWarning: `torch.cuda.amp.custom_fwd(args...)` is deprecated. Please use `torch.amp.custom_fwd(args..., device_type='cuda')` instead.
  @custom_fwd
/kaggle/working/site-packages/onmt/modules/sparse_activations.py:66: FutureWarning: `torch.cuda.amp.custom_bwd(args...)` is deprecated. Please use `torch.amp.custom_bwd(args..., device_type='cuda')` instead.
  @custom_bwd
/kaggle/working/site-packages/onmt/modules/sru.py:395: FutureWarning: `torch.cuda.amp.custom_fwd(args...)` is deprecated. Please use `torch.amp.custom_fwd(args..., device_type='cuda')` instead.
  @custom_fwd
/kaggle/working/site-packages/onmt/modules/sru.py:444: FutureWarning: `torch.cuda.amp.custom_bwd(args...)` is deprecated. Please use `torch.amp.custom_bwd(args..., device_type='cuda')` instead.
  @custom_bwd
/kaggle/working/site-packages/onmt/modules/sparse_losses.py:10: FutureWarning: `torch.cuda.amp.custom_fwd(args...)` is deprecated. Please use `torch.amp.custom_fwd(args..., device_type='cuda')` instead.
  @custom_fwd
/kaggle/working/site-packages/onmt/modules/sparse_losses.py:31: FutureWarning: `torch.cuda.amp.custom_bwd(args...)` is deprecated. Please use `torch.amp.custom_bwd(args..., device_type='cuda')` instead.
  @custom_bwd
[2026-09-23 20:41:56,151 INFO] valid stats calculation
                           took: 21.22521185874939 s.
[2026-09-23 20:41:56,151 INFO] Train perplexity: 1.76628
[2026-09-23 20:41:56,151 INFO] Train accuracy: 91.4928
[2026-09-23 20:41:56,151 INFO] Sentences processed: 7.38104e+07
[2026-09-23 20:41:56,151 INFO] Average bsz: 41399/36465/5272
[2026-09-23 20:41:56,151 INFO] Validation perplexity: 1.5345
[2026-09-23 20:41:56,152 INFO] Validation accuracy: 95.0843
[2026-09-23 20:42:00,859 INFO] * Transform statistics for corpus_1(12.50%):
			* SubwordStats: 5621369 -> 7213599 tokens

[2026-09-23 20:42:00,859 INFO] Weighted corpora loaded so far:
			* corpus_1: 22
[2026-09-23 20:42:10,225 INFO] * Transform statistics for corpus_1(12.50%):
			* SubwordStats: 5627856 -> 7218730 tokens

[2026-09-23 20:42:10,226 INFO] Weighted corpora loaded so far:
			* corpus_1: 22
[2026-09-23 20:42:12,051 INFO] * Transform statistics for corpus_1(12.50%):
			* SubwordStats: 5626062 -> 7219843 tokens

[2026-09-23 20:42:12,051 INFO] Weighted corpora loaded so far:
			* corpus_1: 22
[2026-09-23 20:42:12,273 INFO] * Transform statistics for corpus_1(12.50%):
			* SubwordStats: 5631209 -> 7231354 tokens

[2026-09-23 20:42:12,273 INFO] Weighted corpora loaded so far:
			* corpus_1: 22
[2026-09-23 20:42:13,908 INFO] * Transform statistics for corpus_1(12.50%):
			* SubwordStats: 5621783 -> 7215306 tokens

[2026-09-23 20:42:13,908 INFO] Weighted corpora loaded so far:
			* corpus_1: 22
[2026-09-23 20:42:15,369 INFO] * Transform statistics for corpus_1(12.50%):
			* SubwordStats: 5630671 -> 7220923 tokens

[2026-09-23 20:42:15,370 INFO] Weighted corpora loaded so far:
			* corpus_1: 22
[2026-09-23 20:42:15,376 INFO] * Transform statistics for corpus_1(12.50%):
			* SubwordStats: 5631928 -> 7229548 tokens

[2026-09-23 20:42:15,376 INFO] Weighted corpora loaded so far:
			* corpus_1: 22
[2026-09-23 20:42:17,984 INFO] * Transform statistics for corpus_1(12.50%):
			* SubwordStats: 5624051 -> 7213012 tokens

[2026-09-23 20:42:17,984 INFO] Weighted corpora loaded so far:
			* corpus_1: 22
[2026-09-23 20:42:37,571 INFO] * Transform statistics for corpus_1(12.50%):
			* SubwordStats: 4218143 -> 5411947 tokens

[2026-09-23 20:42:37,572 INFO] Weighted corpora loaded so far:
			* corpus_1: 23
[2026-09-23 20:42:39,568 INFO] Saving checkpoint /kaggle/working/checkpoints/base_v3_production/reparos_base_v3_production_step_15000.pt
[2026-09-23 20:42:45,901 INFO] * Transform statistics for corpus_1(12.50%):
			* SubwordStats: 4219087 -> 5412948 tokens

[2026-09-23 20:42:45,901 INFO] Weighted corpora loaded so far:
			* corpus_1: 23
[2026-09-23 20:42:48,099 INFO] * Transform statistics for corpus_1(12.50%):
			* SubwordStats: 4223080 -> 5420856 tokens

[2026-09-23 20:42:48,100 INFO] Weighted corpora loaded so far:
			* corpus_1: 23
[2026-09-23 20:42:48,308 INFO] * Transform statistics for corpus_1(12.50%):
			* SubwordStats: 4219516 -> 5416345 tokens

[2026-09-23 20:42:48,309 INFO] Weighted corpora loaded so far:
			* corpus_1: 23
[2026-09-23 20:42:50,347 INFO] * Transform statistics for corpus_1(12.50%):
			* SubwordStats: 4217667 -> 5412536 tokens

[2026-09-23 20:42:50,347 INFO] Weighted corpora loaded so far:
			* corpus_1: 23
[2026-09-23 20:42:50,955 INFO] * Transform statistics for corpus_1(12.50%):
			* SubwordStats: 4222306 -> 5418824 tokens

[2026-09-23 20:42:50,955 INFO] Weighted corpora loaded so far:
			* corpus_1: 23
[2026-09-23 20:42:51,533 INFO] * Transform statistics for corpus_1(12.50%):
			* SubwordStats: 4222950 -> 5416193 tokens

[2026-09-23 20:42:51,533 INFO] Weighted corpora loaded so far:
			* corpus_1: 23
[2026-09-23 20:42:53,110 INFO] * Transform statistics for corpus_1(12.50%):
			* SubwordStats: 4217642 -> 5410662 tokens

[2026-09-23 20:42:53,110 INFO] Weighted corpora loaded so far:
			* corpus_1: 23
[2026-09-23 20:43:22,250 INFO] * Transform statistics for corpus_1(12.50%):
			* SubwordStats: 5619133 -> 7210168 tokens

[2026-09-23 20:43:22,250 INFO] Weighted corpora loaded so far:
			* corpus_1: 24
[2026-09-23 20:43:22,367 INFO] Step 16000/50000; acc: 98.7; ppl:   1.0; xent: 0.0; lr: 0.00070; sents: 10583426; bsz: 41582/36630/5292; 774036/681864 tok/s;   1234 sec;
/kaggle/working/site-packages/onmt/modules/sparse_activations.py:46: FutureWarning: `torch.cuda.amp.custom_fwd(args...)` is deprecated. Please use `torch.amp.custom_fwd(args..., device_type='cuda')` instead.
  @custom_fwd
/kaggle/working/site-packages/onmt/modules/sparse_activations.py:66: FutureWarning: `torch.cuda.amp.custom_bwd(args...)` is deprecated. Please use `torch.amp.custom_bwd(args..., device_type='cuda')` instead.
  @custom_bwd
/kaggle/working/site-packages/onmt/modules/sru.py:395: FutureWarning: `torch.cuda.amp.custom_fwd(args...)` is deprecated. Please use `torch.amp.custom_fwd(args..., device_type='cuda')` instead.
  @custom_fwd
/kaggle/working/site-packages/onmt/modules/sru.py:444: FutureWarning: `torch.cuda.amp.custom_bwd(args...)` is deprecated. Please use `torch.amp.custom_bwd(args..., device_type='cuda')` instead.
  @custom_bwd
/kaggle/working/site-packages/onmt/modules/sparse_losses.py:10: FutureWarning: `torch.cuda.amp.custom_fwd(args...)` is deprecated. Please use `torch.amp.custom_fwd(args..., device_type='cuda')` instead.
  @custom_fwd
/kaggle/working/site-packages/onmt/modules/sparse_losses.py:31: FutureWarning: `torch.cuda.amp.custom_bwd(args...)` is deprecated. Please use `torch.amp.custom_bwd(args..., device_type='cuda')` instead.
  @custom_bwd
/kaggle/working/site-packages/onmt/modules/sparse_activations.py:46: FutureWarning: `torch.cuda.amp.custom_fwd(args...)` is deprecated. Please use `torch.amp.custom_fwd(args..., device_type='cuda')` instead.
  @custom_fwd
/kaggle/working/site-packages/onmt/modules/sparse_activations.py:66: FutureWarning: `torch.cuda.amp.custom_bwd(args...)` is deprecated. Please use `torch.amp.custom_bwd(args..., device_type='cuda')` instead.
  @custom_bwd
/kaggle/working/site-packages/onmt/modules/sru.py:395: FutureWarning: `torch.cuda.amp.custom_fwd(args...)` is deprecated. Please use `torch.amp.custom_fwd(args..., device_type='cuda')` instead.
  @custom_fwd
/kaggle/working/site-packages/onmt/modules/sru.py:444: FutureWarning: `torch.cuda.amp.custom_bwd(args...)` is deprecated. Please use `torch.amp.custom_bwd(args..., device_type='cuda')` instead.
  @custom_bwd
/kaggle/working/site-packages/onmt/modules/sparse_losses.py:10: FutureWarning: `torch.cuda.amp.custom_fwd(args...)` is deprecated. Please use `torch.amp.custom_fwd(args..., device_type='cuda')` instead.
  @custom_fwd
/kaggle/working/site-packages/onmt/modules/sparse_losses.py:31: FutureWarning: `torch.cuda.amp.custom_bwd(args...)` is deprecated. Please use `torch.amp.custom_bwd(args..., device_type='cuda')` instead.
  @custom_bwd
/kaggle/working/site-packages/onmt/modules/sparse_activations.py:46: FutureWarning: `torch.cuda.amp.custom_fwd(args...)` is deprecated. Please use `torch.amp.custom_fwd(args..., device_type='cuda')` instead.
  @custom_fwd
/kaggle/working/site-packages/onmt/modules/sparse_activations.py:66: FutureWarning: `torch.cuda.amp.custom_bwd(args...)` is deprecated. Please use `torch.amp.custom_bwd(args..., device_type='cuda')` instead.
  @custom_bwd
/kaggle/working/site-packages/onmt/modules/sru.py:395: FutureWarning: `torch.cuda.amp.custom_fwd(args...)` is deprecated. Please use `torch.amp.custom_fwd(args..., device_type='cuda')` instead.
  @custom_fwd
/kaggle/working/site-packages/onmt/modules/sru.py:444: FutureWarning: `torch.cuda.amp.custom_bwd(args...)` is deprecated. Please use `torch.amp.custom_bwd(args..., device_type='cuda')` instead.
  @custom_bwd
/kaggle/working/site-packages/onmt/modules/sparse_losses.py:10: FutureWarning: `torch.cuda.amp.custom_fwd(args...)` is deprecated. Please use `torch.amp.custom_fwd(args..., device_type='cuda')` instead.
  @custom_fwd
/kaggle/working/site-packages/onmt/modules/sparse_losses.py:31: FutureWarning: `torch.cuda.amp.custom_bwd(args...)` is deprecated. Please use `torch.amp.custom_bwd(args..., device_type='cuda')` instead.
  @custom_bwd
/kaggle/working/site-packages/onmt/modules/sparse_activations.py:46: FutureWarning: `torch.cuda.amp.custom_fwd(args...)` is deprecated. Please use `torch.amp.custom_fwd(args..., device_type='cuda')` instead.
  @custom_fwd
/kaggle/working/site-packages/onmt/modules/sparse_activations.py:66: FutureWarning: `torch.cuda.amp.custom_bwd(args...)` is deprecated. Please use `torch.amp.custom_bwd(args..., device_type='cuda')` instead.
  @custom_bwd
/kaggle/working/site-packages/onmt/modules/sru.py:395: FutureWarning: `torch.cuda.amp.custom_fwd(args...)` is deprecated. Please use `torch.amp.custom_fwd(args..., device_type='cuda')` instead.
  @custom_fwd
/kaggle/working/site-packages/onmt/modules/sru.py:444: FutureWarning: `torch.cuda.amp.custom_bwd(args...)` is deprecated. Please use `torch.amp.custom_bwd(args..., device_type='cuda')` instead.
  @custom_bwd
/kaggle/working/site-packages/onmt/modules/sparse_losses.py:10: FutureWarning: `torch.cuda.amp.custom_fwd(args...)` is deprecated. Please use `torch.amp.custom_fwd(args..., device_type='cuda')` instead.
  @custom_fwd
/kaggle/working/site-packages/onmt/modules/sparse_losses.py:31: FutureWarning: `torch.cuda.amp.custom_bwd(args...)` is deprecated. Please use `torch.amp.custom_bwd(args..., device_type='cuda')` instead.
  @custom_bwd
/kaggle/working/site-packages/onmt/modules/sparse_activations.py:46: FutureWarning: `torch.cuda.amp.custom_fwd(args...)` is deprecated. Please use `torch.amp.custom_fwd(args..., device_type='cuda')` instead.
  @custom_fwd
/kaggle/working/site-packages/onmt/modules/sparse_activations.py:66: FutureWarning: `torch.cuda.amp.custom_bwd(args...)` is deprecated. Please use `torch.amp.custom_bwd(args..., device_type='cuda')` instead.
  @custom_bwd
/kaggle/working/site-packages/onmt/modules/sru.py:395: FutureWarning: `torch.cuda.amp.custom_fwd(args...)` is deprecated. Please use `torch.amp.custom_fwd(args..., device_type='cuda')` instead.
  @custom_fwd
/kaggle/working/site-packages/onmt/modules/sru.py:444: FutureWarning: `torch.cuda.amp.custom_bwd(args...)` is deprecated. Please use `torch.amp.custom_bwd(args..., device_type='cuda')` instead.
  @custom_bwd
/kaggle/working/site-packages/onmt/modules/sparse_losses.py:10: FutureWarning: `torch.cuda.amp.custom_fwd(args...)` is deprecated. Please use `torch.amp.custom_fwd(args..., device_type='cuda')` instead.
  @custom_fwd
/kaggle/working/site-packages/onmt/modules/sparse_losses.py:31: FutureWarning: `torch.cuda.amp.custom_bwd(args...)` is deprecated. Please use `torch.amp.custom_bwd(args..., device_type='cuda')` instead.
  @custom_bwd
[2026-09-23 20:43:31,120 INFO] * Transform statistics for corpus_1(12.50%):
			* SubwordStats: 5629553 -> 7221230 tokens

[2026-09-23 20:43:31,121 INFO] Weighted corpora loaded so far:
			* corpus_1: 24
/kaggle/working/site-packages/onmt/modules/sparse_activations.py:46: FutureWarning: `torch.cuda.amp.custom_fwd(args...)` is deprecated. Please use `torch.amp.custom_fwd(args..., device_type='cuda')` instead.
  @custom_fwd
/kaggle/working/site-packages/onmt/modules/sparse_activations.py:66: FutureWarning: `torch.cuda.amp.custom_bwd(args...)` is deprecated. Please use `torch.amp.custom_bwd(args..., device_type='cuda')` instead.
  @custom_bwd
/kaggle/working/site-packages/onmt/modules/sru.py:395: FutureWarning: `torch.cuda.amp.custom_fwd(args...)` is deprecated. Please use `torch.amp.custom_fwd(args..., device_type='cuda')` instead.
  @custom_fwd
/kaggle/working/site-packages/onmt/modules/sru.py:444: FutureWarning: `torch.cuda.amp.custom_bwd(args...)` is deprecated. Please use `torch.amp.custom_bwd(args..., device_type='cuda')` instead.
  @custom_bwd
/kaggle/working/site-packages/onmt/modules/sparse_losses.py:10: FutureWarning: `torch.cuda.amp.custom_fwd(args...)` is deprecated. Please use `torch.amp.custom_fwd(args..., device_type='cuda')` instead.
  @custom_fwd
/kaggle/working/site-packages/onmt/modules/sparse_losses.py:31: FutureWarning: `torch.cuda.amp.custom_bwd(args...)` is deprecated. Please use `torch.amp.custom_bwd(args..., device_type='cuda')` instead.
  @custom_bwd
[2026-09-23 20:43:32,435 INFO] * Transform statistics for corpus_1(12.50%):
			* SubwordStats: 5626156 -> 7218693 tokens

[2026-09-23 20:43:32,435 INFO] Weighted corpora loaded so far:
			* corpus_1: 24
[2026-09-23 20:43:32,718 INFO] * Transform statistics for corpus_1(12.50%):
			* SubwordStats: 5630555 -> 7230066 tokens

[2026-09-23 20:43:32,718 INFO] Weighted corpora loaded so far:
			* corpus_1: 24
/kaggle/working/site-packages/onmt/modules/sparse_activations.py:46: FutureWarning: `torch.cuda.amp.custom_fwd(args...)` is deprecated. Please use `torch.amp.custom_fwd(args..., device_type='cuda')` instead.
  @custom_fwd
/kaggle/working/site-packages/onmt/modules/sparse_activations.py:66: FutureWarning: `torch.cuda.amp.custom_bwd(args...)` is deprecated. Please use `torch.amp.custom_bwd(args..., device_type='cuda')` instead.
  @custom_bwd
/kaggle/working/site-packages/onmt/modules/sru.py:395: FutureWarning: `torch.cuda.amp.custom_fwd(args...)` is deprecated. Please use `torch.amp.custom_fwd(args..., device_type='cuda')` instead.
  @custom_fwd
/kaggle/working/site-packages/onmt/modules/sru.py:444: FutureWarning: `torch.cuda.amp.custom_bwd(args...)` is deprecated. Please use `torch.amp.custom_bwd(args..., device_type='cuda')` instead.
  @custom_bwd
/kaggle/working/site-packages/onmt/modules/sparse_losses.py:10: FutureWarning: `torch.cuda.amp.custom_fwd(args...)` is deprecated. Please use `torch.amp.custom_fwd(args..., device_type='cuda')` instead.
  @custom_fwd
/kaggle/working/site-packages/onmt/modules/sparse_losses.py:31: FutureWarning: `torch.cuda.amp.custom_bwd(args...)` is deprecated. Please use `torch.amp.custom_bwd(args..., device_type='cuda')` instead.
  @custom_bwd
[2026-09-23 20:43:34,526 INFO] * Transform statistics for corpus_1(12.50%):
			* SubwordStats: 5622257 -> 7215665 tokens

[2026-09-23 20:43:34,526 INFO] Weighted corpora loaded so far:
			* corpus_1: 24
/kaggle/working/site-packages/onmt/modules/sparse_activations.py:46: FutureWarning: `torch.cuda.amp.custom_fwd(args...)` is deprecated. Please use `torch.amp.custom_fwd(args..., device_type='cuda')` instead.
  @custom_fwd
/kaggle/working/site-packages/onmt/modules/sparse_activations.py:66: FutureWarning: `torch.cuda.amp.custom_bwd(args...)` is deprecated. Please use `torch.amp.custom_bwd(args..., device_type='cuda')` instead.
  @custom_bwd
/kaggle/working/site-packages/onmt/modules/sru.py:395: FutureWarning: `torch.cuda.amp.custom_fwd(args...)` is deprecated. Please use `torch.amp.custom_fwd(args..., device_type='cuda')` instead.
  @custom_fwd
/kaggle/working/site-packages/onmt/modules/sru.py:444: FutureWarning: `torch.cuda.amp.custom_bwd(args...)` is deprecated. Please use `torch.amp.custom_bwd(args..., device_type='cuda')` instead.
  @custom_bwd
/kaggle/working/site-packages/onmt/modules/sparse_losses.py:10: FutureWarning: `torch.cuda.amp.custom_fwd(args...)` is deprecated. Please use `torch.amp.custom_fwd(args..., device_type='cuda')` instead.
  @custom_fwd
/kaggle/working/site-packages/onmt/modules/sparse_losses.py:31: FutureWarning: `torch.cuda.amp.custom_bwd(args...)` is deprecated. Please use `torch.amp.custom_bwd(args..., device_type='cuda')` instead.
  @custom_bwd
[2026-09-23 20:43:35,198 INFO] * Transform statistics for corpus_1(12.50%):
			* SubwordStats: 5631399 -> 7222664 tokens

[2026-09-23 20:43:35,198 INFO] Weighted corpora loaded so far:
			* corpus_1: 24
[2026-09-23 20:43:36,095 INFO] * Transform statistics for corpus_1(12.50%):
			* SubwordStats: 5633568 -> 7229320 tokens

[2026-09-23 20:43:36,096 INFO] Weighted corpora loaded so far:
			* corpus_1: 24
[2026-09-23 20:43:37,202 INFO] * Transform statistics for corpus_1(12.50%):
			* SubwordStats: 5624134 -> 7214937 tokens

[2026-09-23 20:43:37,202 INFO] Weighted corpora loaded so far:
			* corpus_1: 24
[2026-09-23 20:43:40,439 INFO] valid stats calculation
                           took: 18.071332216262817 s.
[2026-09-23 20:43:40,439 INFO] Train perplexity: 1.65394
[2026-09-23 20:43:40,439 INFO] Train accuracy: 92.4025
[2026-09-23 20:43:40,439 INFO] Sentences processed: 8.43938e+07
[2026-09-23 20:43:40,439 INFO] Average bsz: 41422/36485/5275
[2026-09-23 20:43:40,439 INFO] Validation perplexity: 1.57933
[2026-09-23 20:43:40,439 INFO] Validation accuracy: 95.1289
[2026-09-23 20:44:06,518 INFO] * Transform statistics for corpus_1(12.50%):
			* SubwordStats: 5621162 -> 7212560 tokens

[2026-09-23 20:44:06,518 INFO] Weighted corpora loaded so far:
			* corpus_1: 25
[2026-09-23 20:44:20,835 INFO] * Transform statistics for corpus_1(12.50%):
			* SubwordStats: 5627347 -> 7217231 tokens

[2026-09-23 20:44:20,835 INFO] Weighted corpora loaded so far:
			* corpus_1: 25
[2026-09-23 20:44:23,891 INFO] * Transform statistics for corpus_1(12.50%):
			* SubwordStats: 5630599 -> 7228838 tokens

[2026-09-23 20:44:23,891 INFO] Weighted corpora loaded so far:
			* corpus_1: 25
[2026-09-23 20:44:24,094 INFO] * Transform statistics for corpus_1(12.50%):
			* SubwordStats: 5627131 -> 7220716 tokens

[2026-09-23 20:44:24,094 INFO] Weighted corpora loaded so far:
			* corpus_1: 25
[2026-09-23 20:44:34,050 INFO] * Transform statistics for corpus_1(12.50%):
			* SubwordStats: 5620531 -> 7213206 tokens

[2026-09-23 20:44:34,051 INFO] Weighted corpora loaded so far:
			* corpus_1: 25
[2026-09-23 20:44:35,975 INFO] * Transform statistics for corpus_1(12.50%):
			* SubwordStats: 5632187 -> 7229506 tokens

[2026-09-23 20:44:35,975 INFO] Weighted corpora loaded so far:
			* corpus_1: 25
[2026-09-23 20:44:36,051 INFO] * Transform statistics for corpus_1(12.50%):
			* SubwordStats: 5631039 -> 7223863 tokens

[2026-09-23 20:44:36,051 INFO] Weighted corpora loaded so far:
			* corpus_1: 25
[2026-09-23 20:44:36,903 INFO] * Transform statistics for corpus_1(12.50%):
			* SubwordStats: 5624925 -> 7215147 tokens

[2026-09-23 20:44:36,903 INFO] Weighted corpora loaded so far:
			* corpus_1: 25
[2026-09-23 20:45:36,795 INFO] * Transform statistics for corpus_1(12.50%):
			* SubwordStats: 5617589 -> 7208112 tokens

[2026-09-23 20:45:36,796 INFO] Weighted corpora loaded so far:
			* corpus_1: 26
[2026-09-23 20:46:02,633 INFO] * Transform statistics for corpus_1(12.50%):
			* SubwordStats: 5625330 -> 7215929 tokens

[2026-09-23 20:46:02,633 INFO] Weighted corpora loaded so far:
			* corpus_1: 26
[2026-09-23 20:46:04,575 INFO] * Transform statistics for corpus_1(12.50%):
			* SubwordStats: 5626845 -> 7220008 tokens

[2026-09-23 20:46:04,576 INFO] Weighted corpora loaded so far:
			* corpus_1: 26
[2026-09-23 20:46:05,850 INFO] * Transform statistics for corpus_1(12.50%):
			* SubwordStats: 5631625 -> 7231116 tokens

[2026-09-23 20:46:05,850 INFO] Weighted corpora loaded so far:
			* corpus_1: 26
[2026-09-23 20:46:07,743 INFO] * Transform statistics for corpus_1(12.50%):
			* SubwordStats: 5619784 -> 7212949 tokens

[2026-09-23 20:46:07,743 INFO] Weighted corpora loaded so far:
			* corpus_1: 26
[2026-09-23 20:46:17,488 INFO] * Transform statistics for corpus_1(12.50%):
			* SubwordStats: 5633423 -> 7230572 tokens

[2026-09-23 20:46:17,488 INFO] Weighted corpora loaded so far:
			* corpus_1: 26
[2026-09-23 20:46:17,773 INFO] * Transform statistics for corpus_1(12.50%):
			* SubwordStats: 5630480 -> 7221632 tokens

[2026-09-23 20:46:17,774 INFO] Weighted corpora loaded so far:
			* corpus_1: 26
[2026-09-23 20:46:18,792 INFO] * Transform statistics for corpus_1(12.50%):
			* SubwordStats: 5623960 -> 7213859 tokens

[2026-09-23 20:46:18,792 INFO] Weighted corpora loaded so far:
			* corpus_1: 26
[2026-09-23 20:47:20,538 INFO] * Transform statistics for corpus_1(12.50%):
			* SubwordStats: 5620988 -> 7213342 tokens

[2026-09-23 20:47:20,539 INFO] Weighted corpora loaded so far:
			* corpus_1: 27
[2026-09-23 20:47:37,592 INFO] Step 18000/50000; acc: 98.8; ppl:   1.0; xent: 0.0; lr: 0.00066; sents: 10503856; bsz: 41407/36471/5252; 324471/285798 tok/s;   1489 sec;
/kaggle/working/site-packages/onmt/modules/sparse_activations.py:46: FutureWarning: `torch.cuda.amp.custom_fwd(args...)` is deprecated. Please use `torch.amp.custom_fwd(args..., device_type='cuda')` instead.
  @custom_fwd
/kaggle/working/site-packages/onmt/modules/sparse_activations.py:66: FutureWarning: `torch.cuda.amp.custom_bwd(args...)` is deprecated. Please use `torch.amp.custom_bwd(args..., device_type='cuda')` instead.
  @custom_bwd
/kaggle/working/site-packages/onmt/modules/sru.py:395: FutureWarning: `torch.cuda.amp.custom_fwd(args...)` is deprecated. Please use `torch.amp.custom_fwd(args..., device_type='cuda')` instead.
  @custom_fwd
/kaggle/working/site-packages/onmt/modules/sru.py:444: FutureWarning: `torch.cuda.amp.custom_bwd(args...)` is deprecated. Please use `torch.amp.custom_bwd(args..., device_type='cuda')` instead.
  @custom_bwd
/kaggle/working/site-packages/onmt/modules/sparse_losses.py:10: FutureWarning: `torch.cuda.amp.custom_fwd(args...)` is deprecated. Please use `torch.amp.custom_fwd(args..., device_type='cuda')` instead.
  @custom_fwd
/kaggle/working/site-packages/onmt/modules/sparse_losses.py:31: FutureWarning: `torch.cuda.amp.custom_bwd(args...)` is deprecated. Please use `torch.amp.custom_bwd(args..., device_type='cuda')` instead.
  @custom_bwd
/kaggle/working/site-packages/onmt/modules/sparse_activations.py:46: FutureWarning: `torch.cuda.amp.custom_fwd(args...)` is deprecated. Please use `torch.amp.custom_fwd(args..., device_type='cuda')` instead.
  @custom_fwd
/kaggle/working/site-packages/onmt/modules/sparse_activations.py:66: FutureWarning: `torch.cuda.amp.custom_bwd(args...)` is deprecated. Please use `torch.amp.custom_bwd(args..., device_type='cuda')` instead.
  @custom_bwd
/kaggle/working/site-packages/onmt/modules/sru.py:395: FutureWarning: `torch.cuda.amp.custom_fwd(args...)` is deprecated. Please use `torch.amp.custom_fwd(args..., device_type='cuda')` instead.
  @custom_fwd
/kaggle/working/site-packages/onmt/modules/sru.py:444: FutureWarning: `torch.cuda.amp.custom_bwd(args...)` is deprecated. Please use `torch.amp.custom_bwd(args..., device_type='cuda')` instead.
  @custom_bwd
/kaggle/working/site-packages/onmt/modules/sparse_losses.py:10: FutureWarning: `torch.cuda.amp.custom_fwd(args...)` is deprecated. Please use `torch.amp.custom_fwd(args..., device_type='cuda')` instead.
  @custom_fwd
/kaggle/working/site-packages/onmt/modules/sparse_losses.py:31: FutureWarning: `torch.cuda.amp.custom_bwd(args...)` is deprecated. Please use `torch.amp.custom_bwd(args..., device_type='cuda')` instead.
  @custom_bwd
/kaggle/working/site-packages/onmt/modules/sparse_activations.py:46: FutureWarning: `torch.cuda.amp.custom_fwd(args...)` is deprecated. Please use `torch.amp.custom_fwd(args..., device_type='cuda')` instead.
  @custom_fwd
/kaggle/working/site-packages/onmt/modules/sparse_activations.py:66: FutureWarning: `torch.cuda.amp.custom_bwd(args...)` is deprecated. Please use `torch.amp.custom_bwd(args..., device_type='cuda')` instead.
  @custom_bwd
/kaggle/working/site-packages/onmt/modules/sru.py:395: FutureWarning: `torch.cuda.amp.custom_fwd(args...)` is deprecated. Please use `torch.amp.custom_fwd(args..., device_type='cuda')` instead.
  @custom_fwd
/kaggle/working/site-packages/onmt/modules/sru.py:444: FutureWarning: `torch.cuda.amp.custom_bwd(args...)` is deprecated. Please use `torch.amp.custom_bwd(args..., device_type='cuda')` instead.
  @custom_bwd
/kaggle/working/site-packages/onmt/modules/sparse_losses.py:10: FutureWarning: `torch.cuda.amp.custom_fwd(args...)` is deprecated. Please use `torch.amp.custom_fwd(args..., device_type='cuda')` instead.
  @custom_fwd
/kaggle/working/site-packages/onmt/modules/sparse_losses.py:31: FutureWarning: `torch.cuda.amp.custom_bwd(args...)` is deprecated. Please use `torch.amp.custom_bwd(args..., device_type='cuda')` instead.
  @custom_bwd
/kaggle/working/site-packages/onmt/modules/sparse_activations.py:46: FutureWarning: `torch.cuda.amp.custom_fwd(args...)` is deprecated. Please use `torch.amp.custom_fwd(args..., device_type='cuda')` instead.
  @custom_fwd
/kaggle/working/site-packages/onmt/modules/sparse_activations.py:66: FutureWarning: `torch.cuda.amp.custom_bwd(args...)` is deprecated. Please use `torch.amp.custom_bwd(args..., device_type='cuda')` instead.
  @custom_bwd
/kaggle/working/site-packages/onmt/modules/sru.py:395: FutureWarning: `torch.cuda.amp.custom_fwd(args...)` is deprecated. Please use `torch.amp.custom_fwd(args..., device_type='cuda')` instead.
  @custom_fwd
/kaggle/working/site-packages/onmt/modules/sru.py:444: FutureWarning: `torch.cuda.amp.custom_bwd(args...)` is deprecated. Please use `torch.amp.custom_bwd(args..., device_type='cuda')` instead.
  @custom_bwd
/kaggle/working/site-packages/onmt/modules/sparse_losses.py:10: FutureWarning: `torch.cuda.amp.custom_fwd(args...)` is deprecated. Please use `torch.amp.custom_fwd(args..., device_type='cuda')` instead.
  @custom_fwd
/kaggle/working/site-packages/onmt/modules/sparse_losses.py:31: FutureWarning: `torch.cuda.amp.custom_bwd(args...)` is deprecated. Please use `torch.amp.custom_bwd(args..., device_type='cuda')` instead.
  @custom_bwd
/kaggle/working/site-packages/onmt/modules/sparse_activations.py:46: FutureWarning: `torch.cuda.amp.custom_fwd(args...)` is deprecated. Please use `torch.amp.custom_fwd(args..., device_type='cuda')` instead.
  @custom_fwd
/kaggle/working/site-packages/onmt/modules/sparse_activations.py:66: FutureWarning: `torch.cuda.amp.custom_bwd(args...)` is deprecated. Please use `torch.amp.custom_bwd(args..., device_type='cuda')` instead.
  @custom_bwd
/kaggle/working/site-packages/onmt/modules/sru.py:395: FutureWarning: `torch.cuda.amp.custom_fwd(args...)` is deprecated. Please use `torch.amp.custom_fwd(args..., device_type='cuda')` instead.
  @custom_fwd
/kaggle/working/site-packages/onmt/modules/sru.py:444: FutureWarning: `torch.cuda.amp.custom_bwd(args...)` is deprecated. Please use `torch.amp.custom_bwd(args..., device_type='cuda')` instead.
  @custom_bwd
/kaggle/working/site-packages/onmt/modules/sparse_losses.py:10: FutureWarning: `torch.cuda.amp.custom_fwd(args...)` is deprecated. Please use `torch.amp.custom_fwd(args..., device_type='cuda')` instead.
  @custom_fwd
/kaggle/working/site-packages/onmt/modules/sparse_losses.py:31: FutureWarning: `torch.cuda.amp.custom_bwd(args...)` is deprecated. Please use `torch.amp.custom_bwd(args..., device_type='cuda')` instead.
  @custom_bwd
/kaggle/working/site-packages/onmt/modules/sparse_activations.py:46: FutureWarning: `torch.cuda.amp.custom_fwd(args...)` is deprecated. Please use `torch.amp.custom_fwd(args..., device_type='cuda')` instead.
  @custom_fwd
/kaggle/working/site-packages/onmt/modules/sparse_activations.py:66: FutureWarning: `torch.cuda.amp.custom_bwd(args...)` is deprecated. Please use `torch.amp.custom_bwd(args..., device_type='cuda')` instead.
  @custom_bwd
/kaggle/working/site-packages/onmt/modules/sru.py:395: FutureWarning: `torch.cuda.amp.custom_fwd(args...)` is deprecated. Please use `torch.amp.custom_fwd(args..., device_type='cuda')` instead.
  @custom_fwd
/kaggle/working/site-packages/onmt/modules/sru.py:444: FutureWarning: `torch.cuda.amp.custom_bwd(args...)` is deprecated. Please use `torch.amp.custom_bwd(args..., device_type='cuda')` instead.
  @custom_bwd
/kaggle/working/site-packages/onmt/modules/sparse_losses.py:10: FutureWarning: `torch.cuda.amp.custom_fwd(args...)` is deprecated. Please use `torch.amp.custom_fwd(args..., device_type='cuda')` instead.
  @custom_fwd
/kaggle/working/site-packages/onmt/modules/sparse_losses.py:31: FutureWarning: `torch.cuda.amp.custom_bwd(args...)` is deprecated. Please use `torch.amp.custom_bwd(args..., device_type='cuda')` instead.
  @custom_bwd
/kaggle/working/site-packages/onmt/modules/sparse_activations.py:46: FutureWarning: `torch.cuda.amp.custom_fwd(args...)` is deprecated. Please use `torch.amp.custom_fwd(args..., device_type='cuda')` instead.
  @custom_fwd
/kaggle/working/site-packages/onmt/modules/sparse_activations.py:66: FutureWarning: `torch.cuda.amp.custom_bwd(args...)` is deprecated. Please use `torch.amp.custom_bwd(args..., device_type='cuda')` instead.
  @custom_bwd
/kaggle/working/site-packages/onmt/modules/sru.py:395: FutureWarning: `torch.cuda.amp.custom_fwd(args...)` is deprecated. Please use `torch.amp.custom_fwd(args..., device_type='cuda')` instead.
  @custom_fwd
/kaggle/working/site-packages/onmt/modules/sru.py:444: FutureWarning: `torch.cuda.amp.custom_bwd(args...)` is deprecated. Please use `torch.amp.custom_bwd(args..., device_type='cuda')` instead.
  @custom_bwd
/kaggle/working/site-packages/onmt/modules/sparse_losses.py:10: FutureWarning: `torch.cuda.amp.custom_fwd(args...)` is deprecated. Please use `torch.amp.custom_fwd(args..., device_type='cuda')` instead.
  @custom_fwd
/kaggle/working/site-packages/onmt/modules/sparse_losses.py:31: FutureWarning: `torch.cuda.amp.custom_bwd(args...)` is deprecated. Please use `torch.amp.custom_bwd(args..., device_type='cuda')` instead.
  @custom_bwd
/kaggle/working/site-packages/onmt/modules/sparse_activations.py:46: FutureWarning: `torch.cuda.amp.custom_fwd(args...)` is deprecated. Please use `torch.amp.custom_fwd(args..., device_type='cuda')` instead.
  @custom_fwd
/kaggle/working/site-packages/onmt/modules/sparse_activations.py:66: FutureWarning: `torch.cuda.amp.custom_bwd(args...)` is deprecated. Please use `torch.amp.custom_bwd(args..., device_type='cuda')` instead.
  @custom_bwd
/kaggle/working/site-packages/onmt/modules/sru.py:395: FutureWarning: `torch.cuda.amp.custom_fwd(args...)` is deprecated. Please use `torch.amp.custom_fwd(args..., device_type='cuda')` instead.
  @custom_fwd
/kaggle/working/site-packages/onmt/modules/sru.py:444: FutureWarning: `torch.cuda.amp.custom_bwd(args...)` is deprecated. Please use `torch.amp.custom_bwd(args..., device_type='cuda')` instead.
  @custom_bwd
/kaggle/working/site-packages/onmt/modules/sparse_losses.py:10: FutureWarning: `torch.cuda.amp.custom_fwd(args...)` is deprecated. Please use `torch.amp.custom_fwd(args..., device_type='cuda')` instead.
  @custom_fwd
/kaggle/working/site-packages/onmt/modules/sparse_losses.py:31: FutureWarning: `torch.cuda.amp.custom_bwd(args...)` is deprecated. Please use `torch.amp.custom_bwd(args..., device_type='cuda')` instead.
  @custom_bwd
[2026-09-23 20:47:58,926 INFO] valid stats calculation
                           took: 21.332899808883667 s.
[2026-09-23 20:47:58,926 INFO] Train perplexity: 1.57133
[2026-09-23 20:47:58,926 INFO] Train accuracy: 93.116
[2026-09-23 20:47:58,926 INFO] Sentences processed: 9.48977e+07
[2026-09-23 20:47:58,926 INFO] Average bsz: 41420/36484/5272
[2026-09-23 20:47:58,926 INFO] Validation perplexity: 1.57011
[2026-09-23 20:47:58,926 INFO] Validation accuracy: 95.0869
[2026-09-23 20:48:01,245 INFO] * Transform statistics for corpus_1(12.50%):
			* SubwordStats: 5627941 -> 7218916 tokens

[2026-09-23 20:48:01,246 INFO] Weighted corpora loaded so far:
			* corpus_1: 27
[2026-09-23 20:48:02,479 INFO] * Transform statistics for corpus_1(12.50%):
			* SubwordStats: 5625256 -> 7218500 tokens

[2026-09-23 20:48:02,479 INFO] Weighted corpora loaded so far:
			* corpus_1: 27
[2026-09-23 20:48:03,447 INFO] * Transform statistics for corpus_1(12.50%):
			* SubwordStats: 5633118 -> 7232472 tokens

[2026-09-23 20:48:03,447 INFO] Weighted corpora loaded so far:
			* corpus_1: 27
[2026-09-23 20:48:05,665 INFO] * Transform statistics for corpus_1(12.50%):
			* SubwordStats: 5621202 -> 7214161 tokens

[2026-09-23 20:48:05,665 INFO] Weighted corpora loaded so far:
			* corpus_1: 27
[2026-09-23 20:48:06,578 INFO] * Transform statistics for corpus_1(12.50%):
			* SubwordStats: 5632411 -> 7229366 tokens

[2026-09-23 20:48:06,578 INFO] Weighted corpora loaded so far:
			* corpus_1: 27
[2026-09-23 20:48:07,571 INFO] * Transform statistics for corpus_1(12.50%):
			* SubwordStats: 5629589 -> 7220673 tokens

[2026-09-23 20:48:07,571 INFO] Weighted corpora loaded so far:
			* corpus_1: 27
[2026-09-23 20:48:11,343 INFO] * Transform statistics for corpus_1(12.50%):
			* SubwordStats: 5624071 -> 7213766 tokens

[2026-09-23 20:48:11,343 INFO] Weighted corpora loaded so far:
			* corpus_1: 27
[2026-09-23 20:48:26,769 INFO] * Transform statistics for corpus_1(12.50%):
			* SubwordStats: 4218483 -> 5412722 tokens

[2026-09-23 20:48:26,769 INFO] Weighted corpora loaded so far:
			* corpus_1: 28
[2026-09-23 20:48:36,448 INFO] * Transform statistics for corpus_1(12.50%):
			* SubwordStats: 4219422 -> 5412525 tokens

[2026-09-23 20:48:36,448 INFO] Weighted corpora loaded so far:
			* corpus_1: 28
[2026-09-23 20:48:38,349 INFO] * Transform statistics for corpus_1(12.50%):
			* SubwordStats: 4218672 -> 5415014 tokens

[2026-09-23 20:48:38,350 INFO] Weighted corpora loaded so far:
			* corpus_1: 28
[2026-09-23 20:48:39,412 INFO] * Transform statistics for corpus_1(12.50%):
			* SubwordStats: 4223391 -> 5421626 tokens

[2026-09-23 20:48:39,412 INFO] Weighted corpora loaded so far:
			* corpus_1: 28
[2026-09-23 20:48:40,921 INFO] * Transform statistics for corpus_1(12.50%):
			* SubwordStats: 4217714 -> 5413144 tokens

[2026-09-23 20:48:40,922 INFO] Weighted corpora loaded so far:
			* corpus_1: 28
[2026-09-23 20:48:41,881 INFO] * Transform statistics for corpus_1(12.50%):
			* SubwordStats: 4222406 -> 5419075 tokens

[2026-09-23 20:48:41,881 INFO] Weighted corpora loaded so far:
			* corpus_1: 28
[2026-09-23 20:48:44,062 INFO] * Transform statistics for corpus_1(12.50%):
			* SubwordStats: 4223171 -> 5415350 tokens

[2026-09-23 20:48:44,062 INFO] Weighted corpora loaded so far:
			* corpus_1: 28
[2026-09-23 20:48:46,913 INFO] * Transform statistics for corpus_1(12.50%):
			* SubwordStats: 4218755 -> 5410877 tokens

[2026-09-23 20:48:46,914 INFO] Weighted corpora loaded so far:
			* corpus_1: 28
[2026-09-23 20:49:11,001 INFO] * Transform statistics for corpus_1(12.50%):
			* SubwordStats: 5620233 -> 7211465 tokens

[2026-09-23 20:49:11,002 INFO] Weighted corpora loaded so far:
			* corpus_1: 29
[2026-09-23 20:49:21,210 INFO] * Transform statistics for corpus_1(12.50%):
			* SubwordStats: 5628575 -> 7220178 tokens

[2026-09-23 20:49:21,211 INFO] Weighted corpora loaded so far:
			* corpus_1: 29
[2026-09-23 20:49:22,667 INFO] * Transform statistics for corpus_1(12.50%):
			* SubwordStats: 5626519 -> 7220163 tokens

[2026-09-23 20:49:22,667 INFO] Weighted corpora loaded so far:
			* corpus_1: 29
[2026-09-23 20:49:22,708 INFO] * Transform statistics for corpus_1(12.50%):
			* SubwordStats: 5630172 -> 7229596 tokens

[2026-09-23 20:49:22,708 INFO] Weighted corpora loaded so far:
			* corpus_1: 29
[2026-09-23 20:49:25,208 INFO] * Transform statistics for corpus_1(12.50%):
			* SubwordStats: 5622238 -> 7215400 tokens

[2026-09-23 20:49:25,209 INFO] Weighted corpora loaded so far:
			* corpus_1: 29
[2026-09-23 20:49:26,080 INFO] * Transform statistics for corpus_1(12.50%):
			* SubwordStats: 5632213 -> 7229443 tokens

[2026-09-23 20:49:26,080 INFO] Weighted corpora loaded so far:
			* corpus_1: 29
[2026-09-23 20:49:27,479 INFO] * Transform statistics for corpus_1(12.50%):
			* SubwordStats: 5630659 -> 7222704 tokens

[2026-09-23 20:49:27,479 INFO] Weighted corpora loaded so far:
			* corpus_1: 29
[2026-09-23 20:49:30,529 INFO] * Transform statistics for corpus_1(12.50%):
			* SubwordStats: 5623119 -> 7214255 tokens

[2026-09-23 20:49:30,530 INFO] Weighted corpora loaded so far:
			* corpus_1: 29
[2026-09-23 20:49:58,754 INFO] Step 20000/50000; acc: 98.9; ppl:   1.0; xent: 0.0; lr: 0.00062; sents: 10579616; bsz: 41377/36462/5290; 586238/516603 tok/s;   1630 sec;
/kaggle/working/site-packages/onmt/modules/sparse_activations.py:46: FutureWarning: `torch.cuda.amp.custom_fwd(args...)` is deprecated. Please use `torch.amp.custom_fwd(args..., device_type='cuda')` instead.
  @custom_fwd
/kaggle/working/site-packages/onmt/modules/sparse_activations.py:66: FutureWarning: `torch.cuda.amp.custom_bwd(args...)` is deprecated. Please use `torch.amp.custom_bwd(args..., device_type='cuda')` instead.
  @custom_bwd
/kaggle/working/site-packages/onmt/modules/sru.py:395: FutureWarning: `torch.cuda.amp.custom_fwd(args...)` is deprecated. Please use `torch.amp.custom_fwd(args..., device_type='cuda')` instead.
  @custom_fwd
/kaggle/working/site-packages/onmt/modules/sru.py:444: FutureWarning: `torch.cuda.amp.custom_bwd(args...)` is deprecated. Please use `torch.amp.custom_bwd(args..., device_type='cuda')` instead.
  @custom_bwd
/kaggle/working/site-packages/onmt/modules/sparse_losses.py:10: FutureWarning: `torch.cuda.amp.custom_fwd(args...)` is deprecated. Please use `torch.amp.custom_fwd(args..., device_type='cuda')` instead.
  @custom_fwd
/kaggle/working/site-packages/onmt/modules/sparse_losses.py:31: FutureWarning: `torch.cuda.amp.custom_bwd(args...)` is deprecated. Please use `torch.amp.custom_bwd(args..., device_type='cuda')` instead.
  @custom_bwd
/kaggle/working/site-packages/onmt/modules/sparse_activations.py:46: FutureWarning: `torch.cuda.amp.custom_fwd(args...)` is deprecated. Please use `torch.amp.custom_fwd(args..., device_type='cuda')` instead.
  @custom_fwd
/kaggle/working/site-packages/onmt/modules/sparse_activations.py:66: FutureWarning: `torch.cuda.amp.custom_bwd(args...)` is deprecated. Please use `torch.amp.custom_bwd(args..., device_type='cuda')` instead.
  @custom_bwd
/kaggle/working/site-packages/onmt/modules/sru.py:395: FutureWarning: `torch.cuda.amp.custom_fwd(args...)` is deprecated. Please use `torch.amp.custom_fwd(args..., device_type='cuda')` instead.
  @custom_fwd
/kaggle/working/site-packages/onmt/modules/sru.py:444: FutureWarning: `torch.cuda.amp.custom_bwd(args...)` is deprecated. Please use `torch.amp.custom_bwd(args..., device_type='cuda')` instead.
  @custom_bwd
/kaggle/working/site-packages/onmt/modules/sparse_losses.py:10: FutureWarning: `torch.cuda.amp.custom_fwd(args...)` is deprecated. Please use `torch.amp.custom_fwd(args..., device_type='cuda')` instead.
  @custom_fwd
/kaggle/working/site-packages/onmt/modules/sparse_losses.py:31: FutureWarning: `torch.cuda.amp.custom_bwd(args...)` is deprecated. Please use `torch.amp.custom_bwd(args..., device_type='cuda')` instead.
  @custom_bwd
/kaggle/working/site-packages/onmt/modules/sparse_activations.py:46: FutureWarning: `torch.cuda.amp.custom_fwd(args...)` is deprecated. Please use `torch.amp.custom_fwd(args..., device_type='cuda')` instead.
  @custom_fwd
/kaggle/working/site-packages/onmt/modules/sparse_activations.py:66: FutureWarning: `torch.cuda.amp.custom_bwd(args...)` is deprecated. Please use `torch.amp.custom_bwd(args..., device_type='cuda')` instead.
  @custom_bwd
/kaggle/working/site-packages/onmt/modules/sru.py:395: FutureWarning: `torch.cuda.amp.custom_fwd(args...)` is deprecated. Please use `torch.amp.custom_fwd(args..., device_type='cuda')` instead.
  @custom_fwd
/kaggle/working/site-packages/onmt/modules/sru.py:444: FutureWarning: `torch.cuda.amp.custom_bwd(args...)` is deprecated. Please use `torch.amp.custom_bwd(args..., device_type='cuda')` instead.
  @custom_bwd
/kaggle/working/site-packages/onmt/modules/sparse_losses.py:10: FutureWarning: `torch.cuda.amp.custom_fwd(args...)` is deprecated. Please use `torch.amp.custom_fwd(args..., device_type='cuda')` instead.
  @custom_fwd
/kaggle/working/site-packages/onmt/modules/sparse_losses.py:31: FutureWarning: `torch.cuda.amp.custom_bwd(args...)` is deprecated. Please use `torch.amp.custom_bwd(args..., device_type='cuda')` instead.
  @custom_bwd
/kaggle/working/site-packages/onmt/modules/sparse_activations.py:46: FutureWarning: `torch.cuda.amp.custom_fwd(args...)` is deprecated. Please use `torch.amp.custom_fwd(args..., device_type='cuda')` instead.
  @custom_fwd
/kaggle/working/site-packages/onmt/modules/sparse_activations.py:66: FutureWarning: `torch.cuda.amp.custom_bwd(args...)` is deprecated. Please use `torch.amp.custom_bwd(args..., device_type='cuda')` instead.
  @custom_bwd
/kaggle/working/site-packages/onmt/modules/sru.py:395: FutureWarning: `torch.cuda.amp.custom_fwd(args...)` is deprecated. Please use `torch.amp.custom_fwd(args..., device_type='cuda')` instead.
  @custom_fwd
/kaggle/working/site-packages/onmt/modules/sru.py:444: FutureWarning: `torch.cuda.amp.custom_bwd(args...)` is deprecated. Please use `torch.amp.custom_bwd(args..., device_type='cuda')` instead.
  @custom_bwd
/kaggle/working/site-packages/onmt/modules/sparse_losses.py:10: FutureWarning: `torch.cuda.amp.custom_fwd(args...)` is deprecated. Please use `torch.amp.custom_fwd(args..., device_type='cuda')` instead.
  @custom_fwd
/kaggle/working/site-packages/onmt/modules/sparse_losses.py:31: FutureWarning: `torch.cuda.amp.custom_bwd(args...)` is deprecated. Please use `torch.amp.custom_bwd(args..., device_type='cuda')` instead.
  @custom_bwd
/kaggle/working/site-packages/onmt/modules/sparse_activations.py:46: FutureWarning: `torch.cuda.amp.custom_fwd(args...)` is deprecated. Please use `torch.amp.custom_fwd(args..., device_type='cuda')` instead.
  @custom_fwd
/kaggle/working/site-packages/onmt/modules/sparse_activations.py:66: FutureWarning: `torch.cuda.amp.custom_bwd(args...)` is deprecated. Please use `torch.amp.custom_bwd(args..., device_type='cuda')` instead.
  @custom_bwd
/kaggle/working/site-packages/onmt/modules/sru.py:395: FutureWarning: `torch.cuda.amp.custom_fwd(args...)` is deprecated. Please use `torch.amp.custom_fwd(args..., device_type='cuda')` instead.
  @custom_fwd
/kaggle/working/site-packages/onmt/modules/sru.py:444: FutureWarning: `torch.cuda.amp.custom_bwd(args...)` is deprecated. Please use `torch.amp.custom_bwd(args..., device_type='cuda')` instead.
  @custom_bwd
/kaggle/working/site-packages/onmt/modules/sparse_losses.py:10: FutureWarning: `torch.cuda.amp.custom_fwd(args...)` is deprecated. Please use `torch.amp.custom_fwd(args..., device_type='cuda')` instead.
  @custom_fwd
/kaggle/working/site-packages/onmt/modules/sparse_losses.py:31: FutureWarning: `torch.cuda.amp.custom_bwd(args...)` is deprecated. Please use `torch.amp.custom_bwd(args..., device_type='cuda')` instead.
  @custom_bwd
/kaggle/working/site-packages/onmt/modules/sparse_activations.py:46: FutureWarning: `torch.cuda.amp.custom_fwd(args...)` is deprecated. Please use `torch.amp.custom_fwd(args..., device_type='cuda')` instead.
  @custom_fwd
/kaggle/working/site-packages/onmt/modules/sparse_activations.py:66: FutureWarning: `torch.cuda.amp.custom_bwd(args...)` is deprecated. Please use `torch.amp.custom_bwd(args..., device_type='cuda')` instead.
  @custom_bwd
/kaggle/working/site-packages/onmt/modules/sru.py:395: FutureWarning: `torch.cuda.amp.custom_fwd(args...)` is deprecated. Please use `torch.amp.custom_fwd(args..., device_type='cuda')` instead.
  @custom_fwd
/kaggle/working/site-packages/onmt/modules/sru.py:444: FutureWarning: `torch.cuda.amp.custom_bwd(args...)` is deprecated. Please use `torch.amp.custom_bwd(args..., device_type='cuda')` instead.
  @custom_bwd
/kaggle/working/site-packages/onmt/modules/sparse_losses.py:10: FutureWarning: `torch.cuda.amp.custom_fwd(args...)` is deprecated. Please use `torch.amp.custom_fwd(args..., device_type='cuda')` instead.
  @custom_fwd
/kaggle/working/site-packages/onmt/modules/sparse_losses.py:31: FutureWarning: `torch.cuda.amp.custom_bwd(args...)` is deprecated. Please use `torch.amp.custom_bwd(args..., device_type='cuda')` instead.
  @custom_bwd
/kaggle/working/site-packages/onmt/modules/sparse_activations.py:46: FutureWarning: `torch.cuda.amp.custom_fwd(args...)` is deprecated. Please use `torch.amp.custom_fwd(args..., device_type='cuda')` instead.
  @custom_fwd
/kaggle/working/site-packages/onmt/modules/sparse_activations.py:66: FutureWarning: `torch.cuda.amp.custom_bwd(args...)` is deprecated. Please use `torch.amp.custom_bwd(args..., device_type='cuda')` instead.
  @custom_bwd
/kaggle/working/site-packages/onmt/modules/sru.py:395: FutureWarning: `torch.cuda.amp.custom_fwd(args...)` is deprecated. Please use `torch.amp.custom_fwd(args..., device_type='cuda')` instead.
  @custom_fwd
/kaggle/working/site-packages/onmt/modules/sru.py:444: FutureWarning: `torch.cuda.amp.custom_bwd(args...)` is deprecated. Please use `torch.amp.custom_bwd(args..., device_type='cuda')` instead.
  @custom_bwd
/kaggle/working/site-packages/onmt/modules/sparse_losses.py:10: FutureWarning: `torch.cuda.amp.custom_fwd(args...)` is deprecated. Please use `torch.amp.custom_fwd(args..., device_type='cuda')` instead.
  @custom_fwd
/kaggle/working/site-packages/onmt/modules/sparse_losses.py:31: FutureWarning: `torch.cuda.amp.custom_bwd(args...)` is deprecated. Please use `torch.amp.custom_bwd(args..., device_type='cuda')` instead.
  @custom_bwd
/kaggle/working/site-packages/onmt/modules/sparse_activations.py:46: FutureWarning: `torch.cuda.amp.custom_fwd(args...)` is deprecated. Please use `torch.amp.custom_fwd(args..., device_type='cuda')` instead.
  @custom_fwd
/kaggle/working/site-packages/onmt/modules/sparse_activations.py:66: FutureWarning: `torch.cuda.amp.custom_bwd(args...)` is deprecated. Please use `torch.amp.custom_bwd(args..., device_type='cuda')` instead.
  @custom_bwd
/kaggle/working/site-packages/onmt/modules/sru.py:395: FutureWarning: `torch.cuda.amp.custom_fwd(args...)` is deprecated. Please use `torch.amp.custom_fwd(args..., device_type='cuda')` instead.
  @custom_fwd
/kaggle/working/site-packages/onmt/modules/sru.py:444: FutureWarning: `torch.cuda.amp.custom_bwd(args...)` is deprecated. Please use `torch.amp.custom_bwd(args..., device_type='cuda')` instead.
  @custom_bwd
/kaggle/working/site-packages/onmt/modules/sparse_losses.py:10: FutureWarning: `torch.cuda.amp.custom_fwd(args...)` is deprecated. Please use `torch.amp.custom_fwd(args..., device_type='cuda')` instead.
  @custom_fwd
/kaggle/working/site-packages/onmt/modules/sparse_losses.py:31: FutureWarning: `torch.cuda.amp.custom_bwd(args...)` is deprecated. Please use `torch.amp.custom_bwd(args..., device_type='cuda')` instead.
  @custom_bwd
[2026-09-23 20:50:19,826 INFO] valid stats calculation
                           took: 21.07171082496643 s.
[2026-09-23 20:50:19,826 INFO] Train perplexity: 1.50786
[2026-09-23 20:50:19,826 INFO] Train accuracy: 93.693
[2026-09-23 20:50:19,826 INFO] Sentences processed: 1.05477e+08
[2026-09-23 20:50:19,826 INFO] Average bsz: 41416/36482/5274
[2026-09-23 20:50:19,826 INFO] Validation perplexity: 1.61358
[2026-09-23 20:50:19,826 INFO] Validation accuracy: 95.003
[2026-09-23 20:50:19,829 INFO] Saving checkpoint /kaggle/working/checkpoints/base_v3_production/reparos_base_v3_production_step_20000.pt
[2026-09-23 20:50:22,420 INFO] * Transform statistics for corpus_1(12.50%):
			* SubwordStats: 5619768 -> 7210728 tokens

[2026-09-23 20:50:22,420 INFO] Weighted corpora loaded so far:
			* corpus_1: 30
[2026-09-23 20:50:33,965 INFO] * Transform statistics for corpus_1(12.50%):
			* SubwordStats: 5627892 -> 7218665 tokens

[2026-09-23 20:50:33,965 INFO] Weighted corpora loaded so far:
			* corpus_1: 30
[2026-09-23 20:50:35,313 INFO] * Transform statistics for corpus_1(12.50%):
			* SubwordStats: 5630476 -> 7229095 tokens

[2026-09-23 20:50:35,313 INFO] Weighted corpora loaded so far:
			* corpus_1: 30
[2026-09-23 20:50:35,807 INFO] * Transform statistics for corpus_1(12.50%):
			* SubwordStats: 5628066 -> 7221234 tokens

[2026-09-23 20:50:35,808 INFO] Weighted corpora loaded so far:
			* corpus_1: 30
[2026-09-23 20:50:38,080 INFO] * Transform statistics for corpus_1(12.50%):
			* SubwordStats: 5621744 -> 7214585 tokens

[2026-09-23 20:50:38,080 INFO] Weighted corpora loaded so far:
			* corpus_1: 30
[2026-09-23 20:50:40,408 INFO] * Transform statistics for corpus_1(12.50%):
			* SubwordStats: 5632668 -> 7228690 tokens

[2026-09-23 20:50:40,408 INFO] Weighted corpora loaded so far:
			* corpus_1: 30
[2026-09-23 20:50:40,820 INFO] * Transform statistics for corpus_1(12.50%):
			* SubwordStats: 5631834 -> 7224320 tokens

[2026-09-23 20:50:40,820 INFO] Weighted corpora loaded so far:
			* corpus_1: 30
[2026-09-23 20:50:44,488 INFO] * Transform statistics for corpus_1(12.50%):
			* SubwordStats: 5624762 -> 7215666 tokens

[2026-09-23 20:50:44,488 INFO] Weighted corpora loaded so far:
			* corpus_1: 30
[2026-09-23 20:51:06,752 INFO] * Transform statistics for corpus_1(12.50%):
			* SubwordStats: 5619047 -> 7210283 tokens

[2026-09-23 20:51:06,752 INFO] Weighted corpora loaded so far:
			* corpus_1: 31
[2026-09-23 20:51:19,017 INFO] * Transform statistics for corpus_1(12.50%):
			* SubwordStats: 5625892 -> 7216061 tokens

[2026-09-23 20:51:19,017 INFO] Weighted corpora loaded so far:
			* corpus_1: 31
[2026-09-23 20:51:19,200 INFO] * Transform statistics for corpus_1(12.50%):
			* SubwordStats: 5625965 -> 7219464 tokens

[2026-09-23 20:51:19,200 INFO] Weighted corpora loaded so far:
			* corpus_1: 31
[2026-09-23 20:51:20,441 INFO] * Transform statistics for corpus_1(12.50%):
			* SubwordStats: 5631554 -> 7230723 tokens

[2026-09-23 20:51:20,441 INFO] Weighted corpora loaded so far:
			* corpus_1: 31
[2026-09-23 20:51:21,389 INFO] * Transform statistics for corpus_1(12.50%):
			* SubwordStats: 5619892 -> 7212855 tokens

[2026-09-23 20:51:21,389 INFO] Weighted corpora loaded so far:
			* corpus_1: 31
[2026-09-23 20:51:23,520 INFO] * Transform statistics for corpus_1(12.50%):
			* SubwordStats: 5632925 -> 7230537 tokens

[2026-09-23 20:51:23,520 INFO] Weighted corpora loaded so far:
			* corpus_1: 31
[2026-09-23 20:51:24,396 INFO] * Transform statistics for corpus_1(12.50%):
			* SubwordStats: 5630534 -> 7221983 tokens

[2026-09-23 20:51:24,396 INFO] Weighted corpora loaded so far:
			* corpus_1: 31
[2026-09-23 20:51:29,383 INFO] * Transform statistics for corpus_1(12.50%):
			* SubwordStats: 5623256 -> 7212112 tokens

[2026-09-23 20:51:29,383 INFO] Weighted corpora loaded so far:
			* corpus_1: 31
[2026-09-23 20:51:51,165 INFO] * Transform statistics for corpus_1(12.50%):
			* SubwordStats: 5619359 -> 7211086 tokens

[2026-09-23 20:51:51,166 INFO] Weighted corpora loaded so far:
			* corpus_1: 32
[2026-09-23 20:51:52,072 INFO] Step 22000/50000; acc: 99.0; ppl:   1.0; xent: 0.0; lr: 0.00060; sents: 10525417; bsz: 41373/36438/5263; 730215/643110 tok/s;   1743 sec;
/kaggle/working/site-packages/onmt/modules/sparse_activations.py:46: FutureWarning: `torch.cuda.amp.custom_fwd(args...)` is deprecated. Please use `torch.amp.custom_fwd(args..., device_type='cuda')` instead.
  @custom_fwd
/kaggle/working/site-packages/onmt/modules/sparse_activations.py:66: FutureWarning: `torch.cuda.amp.custom_bwd(args...)` is deprecated. Please use `torch.amp.custom_bwd(args..., device_type='cuda')` instead.
  @custom_bwd
/kaggle/working/site-packages/onmt/modules/sru.py:395: FutureWarning: `torch.cuda.amp.custom_fwd(args...)` is deprecated. Please use `torch.amp.custom_fwd(args..., device_type='cuda')` instead.
  @custom_fwd
/kaggle/working/site-packages/onmt/modules/sru.py:444: FutureWarning: `torch.cuda.amp.custom_bwd(args...)` is deprecated. Please use `torch.amp.custom_bwd(args..., device_type='cuda')` instead.
  @custom_bwd
/kaggle/working/site-packages/onmt/modules/sparse_losses.py:10: FutureWarning: `torch.cuda.amp.custom_fwd(args...)` is deprecated. Please use `torch.amp.custom_fwd(args..., device_type='cuda')` instead.
  @custom_fwd
/kaggle/working/site-packages/onmt/modules/sparse_losses.py:31: FutureWarning: `torch.cuda.amp.custom_bwd(args...)` is deprecated. Please use `torch.amp.custom_bwd(args..., device_type='cuda')` instead.
  @custom_bwd
/kaggle/working/site-packages/onmt/modules/sparse_activations.py:46: FutureWarning: `torch.cuda.amp.custom_fwd(args...)` is deprecated. Please use `torch.amp.custom_fwd(args..., device_type='cuda')` instead.
  @custom_fwd
/kaggle/working/site-packages/onmt/modules/sparse_activations.py:66: FutureWarning: `torch.cuda.amp.custom_bwd(args...)` is deprecated. Please use `torch.amp.custom_bwd(args..., device_type='cuda')` instead.
  @custom_bwd
/kaggle/working/site-packages/onmt/modules/sru.py:395: FutureWarning: `torch.cuda.amp.custom_fwd(args...)` is deprecated. Please use `torch.amp.custom_fwd(args..., device_type='cuda')` instead.
  @custom_fwd
/kaggle/working/site-packages/onmt/modules/sru.py:444: FutureWarning: `torch.cuda.amp.custom_bwd(args...)` is deprecated. Please use `torch.amp.custom_bwd(args..., device_type='cuda')` instead.
  @custom_bwd
/kaggle/working/site-packages/onmt/modules/sparse_losses.py:10: FutureWarning: `torch.cuda.amp.custom_fwd(args...)` is deprecated. Please use `torch.amp.custom_fwd(args..., device_type='cuda')` instead.
  @custom_fwd
/kaggle/working/site-packages/onmt/modules/sparse_losses.py:31: FutureWarning: `torch.cuda.amp.custom_bwd(args...)` is deprecated. Please use `torch.amp.custom_bwd(args..., device_type='cuda')` instead.
  @custom_bwd
/kaggle/working/site-packages/onmt/modules/sparse_activations.py:46: FutureWarning: `torch.cuda.amp.custom_fwd(args...)` is deprecated. Please use `torch.amp.custom_fwd(args..., device_type='cuda')` instead.
  @custom_fwd
/kaggle/working/site-packages/onmt/modules/sparse_activations.py:66: FutureWarning: `torch.cuda.amp.custom_bwd(args...)` is deprecated. Please use `torch.amp.custom_bwd(args..., device_type='cuda')` instead.
  @custom_bwd
/kaggle/working/site-packages/onmt/modules/sru.py:395: FutureWarning: `torch.cuda.amp.custom_fwd(args...)` is deprecated. Please use `torch.amp.custom_fwd(args..., device_type='cuda')` instead.
  @custom_fwd
/kaggle/working/site-packages/onmt/modules/sru.py:444: FutureWarning: `torch.cuda.amp.custom_bwd(args...)` is deprecated. Please use `torch.amp.custom_bwd(args..., device_type='cuda')` instead.
  @custom_bwd
/kaggle/working/site-packages/onmt/modules/sparse_losses.py:10: FutureWarning: `torch.cuda.amp.custom_fwd(args...)` is deprecated. Please use `torch.amp.custom_fwd(args..., device_type='cuda')` instead.
  @custom_fwd
/kaggle/working/site-packages/onmt/modules/sparse_losses.py:31: FutureWarning: `torch.cuda.amp.custom_bwd(args...)` is deprecated. Please use `torch.amp.custom_bwd(args..., device_type='cuda')` instead.
  @custom_bwd
/kaggle/working/site-packages/onmt/modules/sparse_activations.py:46: FutureWarning: `torch.cuda.amp.custom_fwd(args...)` is deprecated. Please use `torch.amp.custom_fwd(args..., device_type='cuda')` instead.
  @custom_fwd
/kaggle/working/site-packages/onmt/modules/sparse_activations.py:66: FutureWarning: `torch.cuda.amp.custom_bwd(args...)` is deprecated. Please use `torch.amp.custom_bwd(args..., device_type='cuda')` instead.
  @custom_bwd
/kaggle/working/site-packages/onmt/modules/sru.py:395: FutureWarning: `torch.cuda.amp.custom_fwd(args...)` is deprecated. Please use `torch.amp.custom_fwd(args..., device_type='cuda')` instead.
  @custom_fwd
/kaggle/working/site-packages/onmt/modules/sru.py:444: FutureWarning: `torch.cuda.amp.custom_bwd(args...)` is deprecated. Please use `torch.amp.custom_bwd(args..., device_type='cuda')` instead.
  @custom_bwd
/kaggle/working/site-packages/onmt/modules/sparse_losses.py:10: FutureWarning: `torch.cuda.amp.custom_fwd(args...)` is deprecated. Please use `torch.amp.custom_fwd(args..., device_type='cuda')` instead.
  @custom_fwd
/kaggle/working/site-packages/onmt/modules/sparse_losses.py:31: FutureWarning: `torch.cuda.amp.custom_bwd(args...)` is deprecated. Please use `torch.amp.custom_bwd(args..., device_type='cuda')` instead.
  @custom_bwd
/kaggle/working/site-packages/onmt/modules/sparse_activations.py:46: FutureWarning: `torch.cuda.amp.custom_fwd(args...)` is deprecated. Please use `torch.amp.custom_fwd(args..., device_type='cuda')` instead.
  @custom_fwd
/kaggle/working/site-packages/onmt/modules/sparse_activations.py:66: FutureWarning: `torch.cuda.amp.custom_bwd(args...)` is deprecated. Please use `torch.amp.custom_bwd(args..., device_type='cuda')` instead.
  @custom_bwd
/kaggle/working/site-packages/onmt/modules/sru.py:395: FutureWarning: `torch.cuda.amp.custom_fwd(args...)` is deprecated. Please use `torch.amp.custom_fwd(args..., device_type='cuda')` instead.
  @custom_fwd
/kaggle/working/site-packages/onmt/modules/sru.py:444: FutureWarning: `torch.cuda.amp.custom_bwd(args...)` is deprecated. Please use `torch.amp.custom_bwd(args..., device_type='cuda')` instead.
  @custom_bwd
/kaggle/working/site-packages/onmt/modules/sparse_losses.py:10: FutureWarning: `torch.cuda.amp.custom_fwd(args...)` is deprecated. Please use `torch.amp.custom_fwd(args..., device_type='cuda')` instead.
  @custom_fwd
/kaggle/working/site-packages/onmt/modules/sparse_losses.py:31: FutureWarning: `torch.cuda.amp.custom_bwd(args...)` is deprecated. Please use `torch.amp.custom_bwd(args..., device_type='cuda')` instead.
  @custom_bwd
/kaggle/working/site-packages/onmt/modules/sparse_activations.py:46: FutureWarning: `torch.cuda.amp.custom_fwd(args...)` is deprecated. Please use `torch.amp.custom_fwd(args..., device_type='cuda')` instead.
  @custom_fwd
/kaggle/working/site-packages/onmt/modules/sparse_activations.py:66: FutureWarning: `torch.cuda.amp.custom_bwd(args...)` is deprecated. Please use `torch.amp.custom_bwd(args..., device_type='cuda')` instead.
  @custom_bwd
/kaggle/working/site-packages/onmt/modules/sru.py:395: FutureWarning: `torch.cuda.amp.custom_fwd(args...)` is deprecated. Please use `torch.amp.custom_fwd(args..., device_type='cuda')` instead.
  @custom_fwd
/kaggle/working/site-packages/onmt/modules/sru.py:444: FutureWarning: `torch.cuda.amp.custom_bwd(args...)` is deprecated. Please use `torch.amp.custom_bwd(args..., device_type='cuda')` instead.
  @custom_bwd
/kaggle/working/site-packages/onmt/modules/sparse_losses.py:10: FutureWarning: `torch.cuda.amp.custom_fwd(args...)` is deprecated. Please use `torch.amp.custom_fwd(args..., device_type='cuda')` instead.
  @custom_fwd
/kaggle/working/site-packages/onmt/modules/sparse_losses.py:31: FutureWarning: `torch.cuda.amp.custom_bwd(args...)` is deprecated. Please use `torch.amp.custom_bwd(args..., device_type='cuda')` instead.
  @custom_bwd
/kaggle/working/site-packages/onmt/modules/sparse_activations.py:46: FutureWarning: `torch.cuda.amp.custom_fwd(args...)` is deprecated. Please use `torch.amp.custom_fwd(args..., device_type='cuda')` instead.
  @custom_fwd
/kaggle/working/site-packages/onmt/modules/sparse_activations.py:66: FutureWarning: `torch.cuda.amp.custom_bwd(args...)` is deprecated. Please use `torch.amp.custom_bwd(args..., device_type='cuda')` instead.
  @custom_bwd
/kaggle/working/site-packages/onmt/modules/sru.py:395: FutureWarning: `torch.cuda.amp.custom_fwd(args...)` is deprecated. Please use `torch.amp.custom_fwd(args..., device_type='cuda')` instead.
  @custom_fwd
/kaggle/working/site-packages/onmt/modules/sru.py:444: FutureWarning: `torch.cuda.amp.custom_bwd(args...)` is deprecated. Please use `torch.amp.custom_bwd(args..., device_type='cuda')` instead.
  @custom_bwd
/kaggle/working/site-packages/onmt/modules/sparse_losses.py:10: FutureWarning: `torch.cuda.amp.custom_fwd(args...)` is deprecated. Please use `torch.amp.custom_fwd(args..., device_type='cuda')` instead.
  @custom_fwd
/kaggle/working/site-packages/onmt/modules/sparse_losses.py:31: FutureWarning: `torch.cuda.amp.custom_bwd(args...)` is deprecated. Please use `torch.amp.custom_bwd(args..., device_type='cuda')` instead.
  @custom_bwd
[2026-09-23 20:52:03,490 INFO] * Transform statistics for corpus_1(12.50%):
			* SubwordStats: 5627356 -> 7217932 tokens

[2026-09-23 20:52:03,490 INFO] Weighted corpora loaded so far:
			* corpus_1: 32
[2026-09-23 20:52:03,524 INFO] * Transform statistics for corpus_1(12.50%):
			* SubwordStats: 5625075 -> 7217623 tokens

[2026-09-23 20:52:03,524 INFO] Weighted corpora loaded so far:
			* corpus_1: 32
/kaggle/working/site-packages/onmt/modules/sparse_activations.py:46: FutureWarning: `torch.cuda.amp.custom_fwd(args...)` is deprecated. Please use `torch.amp.custom_fwd(args..., device_type='cuda')` instead.
  @custom_fwd
/kaggle/working/site-packages/onmt/modules/sparse_activations.py:66: FutureWarning: `torch.cuda.amp.custom_bwd(args...)` is deprecated. Please use `torch.amp.custom_bwd(args..., device_type='cuda')` instead.
  @custom_bwd
/kaggle/working/site-packages/onmt/modules/sru.py:395: FutureWarning: `torch.cuda.amp.custom_fwd(args...)` is deprecated. Please use `torch.amp.custom_fwd(args..., device_type='cuda')` instead.
  @custom_fwd
/kaggle/working/site-packages/onmt/modules/sru.py:444: FutureWarning: `torch.cuda.amp.custom_bwd(args...)` is deprecated. Please use `torch.amp.custom_bwd(args..., device_type='cuda')` instead.
  @custom_bwd
/kaggle/working/site-packages/onmt/modules/sparse_losses.py:10: FutureWarning: `torch.cuda.amp.custom_fwd(args...)` is deprecated. Please use `torch.amp.custom_fwd(args..., device_type='cuda')` instead.
  @custom_fwd
/kaggle/working/site-packages/onmt/modules/sparse_losses.py:31: FutureWarning: `torch.cuda.amp.custom_bwd(args...)` is deprecated. Please use `torch.amp.custom_bwd(args..., device_type='cuda')` instead.
  @custom_bwd
[2026-09-23 20:52:05,218 INFO] * Transform statistics for corpus_1(12.50%):
			* SubwordStats: 5632902 -> 7232210 tokens

[2026-09-23 20:52:05,219 INFO] Weighted corpora loaded so far:
			* corpus_1: 32
[2026-09-23 20:52:05,317 INFO] * Transform statistics for corpus_1(12.50%):
			* SubwordStats: 5620173 -> 7213110 tokens

[2026-09-23 20:52:05,317 INFO] Weighted corpora loaded so far:
			* corpus_1: 32
[2026-09-23 20:52:08,199 INFO] * Transform statistics for corpus_1(12.50%):
			* SubwordStats: 5632832 -> 7229616 tokens

[2026-09-23 20:52:08,199 INFO] Weighted corpora loaded so far:
			* corpus_1: 32
[2026-09-23 20:52:08,546 INFO] * Transform statistics for corpus_1(12.50%):
			* SubwordStats: 5629513 -> 7221085 tokens

[2026-09-23 20:52:08,547 INFO] Weighted corpora loaded so far:
			* corpus_1: 32
[2026-09-23 20:52:10,011 INFO] valid stats calculation
                           took: 17.938530683517456 s.
[2026-09-23 20:52:10,011 INFO] Train perplexity: 1.45747
[2026-09-23 20:52:10,011 INFO] Train accuracy: 94.1721
[2026-09-23 20:52:10,011 INFO] Sentences processed: 1.16003e+08
[2026-09-23 20:52:10,011 INFO] Average bsz: 41412/36478/5273
[2026-09-23 20:52:10,011 INFO] Validation perplexity: 1.58485
[2026-09-23 20:52:10,011 INFO] Validation accuracy: 95.0581
[2026-09-23 20:52:14,082 INFO] * Transform statistics for corpus_1(12.50%):
			* SubwordStats: 5624898 -> 7215552 tokens

[2026-09-23 20:52:14,082 INFO] Weighted corpora loaded so far:
			* corpus_1: 32
[2026-09-23 20:52:50,291 INFO] * Transform statistics for corpus_1(12.50%):
			* SubwordStats: 5621852 -> 7213907 tokens

[2026-09-23 20:52:50,291 INFO] Weighted corpora loaded so far:
			* corpus_1: 33
[2026-09-23 20:53:11,158 INFO] * Transform statistics for corpus_1(12.50%):
			* SubwordStats: 5626385 -> 7217019 tokens

[2026-09-23 20:53:11,158 INFO] Weighted corpora loaded so far:
			* corpus_1: 33
[2026-09-23 20:53:20,123 INFO] * Transform statistics for corpus_1(12.50%):
			* SubwordStats: 5626672 -> 7220858 tokens

[2026-09-23 20:53:20,123 INFO] Weighted corpora loaded so far:
			* corpus_1: 33
[2026-09-23 20:53:21,450 INFO] * Transform statistics for corpus_1(12.50%):
			* SubwordStats: 5631460 -> 7231196 tokens

[2026-09-23 20:53:21,450 INFO] Weighted corpora loaded so far:
			* corpus_1: 33
[2026-09-23 20:53:23,289 INFO] * Transform statistics for corpus_1(12.50%):
			* SubwordStats: 5622387 -> 7215910 tokens

[2026-09-23 20:53:23,289 INFO] Weighted corpora loaded so far:
			* corpus_1: 33
[2026-09-23 20:53:34,973 INFO] * Transform statistics for corpus_1(12.50%):
			* SubwordStats: 5631445 -> 7222144 tokens

[2026-09-23 20:53:34,973 INFO] Weighted corpora loaded so far:
			* corpus_1: 33
[2026-09-23 20:53:35,111 INFO] * Transform statistics for corpus_1(12.50%):
			* SubwordStats: 5631401 -> 7228197 tokens

[2026-09-23 20:53:35,111 INFO] Weighted corpora loaded so far:
			* corpus_1: 33
[2026-09-23 20:53:36,246 INFO] * Transform statistics for corpus_1(12.50%):
			* SubwordStats: 5623993 -> 7213909 tokens

[2026-09-23 20:53:36,247 INFO] Weighted corpora loaded so far:
			* corpus_1: 33
[2026-09-23 20:53:47,784 INFO] * Transform statistics for corpus_1(12.50%):
			* SubwordStats: 4217896 -> 5411242 tokens

[2026-09-23 20:53:47,784 INFO] Weighted corpora loaded so far:
			* corpus_1: 34
[2026-09-23 20:54:17,476 INFO] * Transform statistics for corpus_1(12.50%):
			* SubwordStats: 4221148 -> 5415344 tokens

[2026-09-23 20:54:17,476 INFO] Weighted corpora loaded so far:
			* corpus_1: 34
[2026-09-23 20:54:26,970 INFO] * Transform statistics for corpus_1(12.50%):
			* SubwordStats: 4219781 -> 5416037 tokens

[2026-09-23 20:54:26,971 INFO] Weighted corpora loaded so far:
			* corpus_1: 34
[2026-09-23 20:54:29,976 INFO] * Transform statistics for corpus_1(12.50%):
			* SubwordStats: 4222560 -> 5420606 tokens

[2026-09-23 20:54:29,977 INFO] Weighted corpora loaded so far:
			* corpus_1: 34
[2026-09-23 20:54:32,551 INFO] * Transform statistics for corpus_1(12.50%):
			* SubwordStats: 4217884 -> 5412589 tokens

[2026-09-23 20:54:32,551 INFO] Weighted corpora loaded so far:
			* corpus_1: 34
[2026-09-23 20:54:41,722 INFO] * Transform statistics for corpus_1(12.50%):
			* SubwordStats: 4222768 -> 5416007 tokens

[2026-09-23 20:54:41,723 INFO] Weighted corpora loaded so far:
			* corpus_1: 34
[2026-09-23 20:54:41,940 INFO] * Transform statistics for corpus_1(12.50%):
			* SubwordStats: 4223029 -> 5420010 tokens

[2026-09-23 20:54:41,940 INFO] Weighted corpora loaded so far:
			* corpus_1: 34
[2026-09-23 20:54:44,245 INFO] * Transform statistics for corpus_1(12.50%):
			* SubwordStats: 4217527 -> 5410281 tokens

[2026-09-23 20:54:44,245 INFO] Weighted corpora loaded so far:
			* corpus_1: 34
[2026-09-23 20:55:21,652 INFO] * Transform statistics for corpus_1(12.50%):
			* SubwordStats: 5619922 -> 7211111 tokens

[2026-09-23 20:55:21,652 INFO] Weighted corpora loaded so far:
			* corpus_1: 35
[2026-09-23 20:55:55,450 INFO] * Transform statistics for corpus_1(12.50%):
			* SubwordStats: 5627700 -> 7218966 tokens

[2026-09-23 20:55:55,450 INFO] Weighted corpora loaded so far:
			* corpus_1: 35
[2026-09-23 20:55:57,048 INFO] Step 24000/50000; acc: 99.0; ppl:   1.0; xent: 0.0; lr: 0.00057; sents: 10580275; bsz: 41372/36501/5290; 337761/297992 tok/s;   1988 sec;
/kaggle/working/site-packages/onmt/modules/sparse_activations.py:46: FutureWarning: `torch.cuda.amp.custom_fwd(args...)` is deprecated. Please use `torch.amp.custom_fwd(args..., device_type='cuda')` instead.
  @custom_fwd
/kaggle/working/site-packages/onmt/modules/sparse_activations.py:66: FutureWarning: `torch.cuda.amp.custom_bwd(args...)` is deprecated. Please use `torch.amp.custom_bwd(args..., device_type='cuda')` instead.
  @custom_bwd
/kaggle/working/site-packages/onmt/modules/sru.py:395: FutureWarning: `torch.cuda.amp.custom_fwd(args...)` is deprecated. Please use `torch.amp.custom_fwd(args..., device_type='cuda')` instead.
  @custom_fwd
/kaggle/working/site-packages/onmt/modules/sru.py:444: FutureWarning: `torch.cuda.amp.custom_bwd(args...)` is deprecated. Please use `torch.amp.custom_bwd(args..., device_type='cuda')` instead.
  @custom_bwd
/kaggle/working/site-packages/onmt/modules/sparse_losses.py:10: FutureWarning: `torch.cuda.amp.custom_fwd(args...)` is deprecated. Please use `torch.amp.custom_fwd(args..., device_type='cuda')` instead.
  @custom_fwd
/kaggle/working/site-packages/onmt/modules/sparse_losses.py:31: FutureWarning: `torch.cuda.amp.custom_bwd(args...)` is deprecated. Please use `torch.amp.custom_bwd(args..., device_type='cuda')` instead.
  @custom_bwd
/kaggle/working/site-packages/onmt/modules/sparse_activations.py:46: FutureWarning: `torch.cuda.amp.custom_fwd(args...)` is deprecated. Please use `torch.amp.custom_fwd(args..., device_type='cuda')` instead.
  @custom_fwd
/kaggle/working/site-packages/onmt/modules/sparse_activations.py:66: FutureWarning: `torch.cuda.amp.custom_bwd(args...)` is deprecated. Please use `torch.amp.custom_bwd(args..., device_type='cuda')` instead.
  @custom_bwd
/kaggle/working/site-packages/onmt/modules/sru.py:395: FutureWarning: `torch.cuda.amp.custom_fwd(args...)` is deprecated. Please use `torch.amp.custom_fwd(args..., device_type='cuda')` instead.
  @custom_fwd
/kaggle/working/site-packages/onmt/modules/sru.py:444: FutureWarning: `torch.cuda.amp.custom_bwd(args...)` is deprecated. Please use `torch.amp.custom_bwd(args..., device_type='cuda')` instead.
  @custom_bwd
/kaggle/working/site-packages/onmt/modules/sparse_losses.py:10: FutureWarning: `torch.cuda.amp.custom_fwd(args...)` is deprecated. Please use `torch.amp.custom_fwd(args..., device_type='cuda')` instead.
  @custom_fwd
/kaggle/working/site-packages/onmt/modules/sparse_losses.py:31: FutureWarning: `torch.cuda.amp.custom_bwd(args...)` is deprecated. Please use `torch.amp.custom_bwd(args..., device_type='cuda')` instead.
  @custom_bwd
/kaggle/working/site-packages/onmt/modules/sparse_activations.py:46: FutureWarning: `torch.cuda.amp.custom_fwd(args...)` is deprecated. Please use `torch.amp.custom_fwd(args..., device_type='cuda')` instead.
  @custom_fwd
/kaggle/working/site-packages/onmt/modules/sparse_activations.py:66: FutureWarning: `torch.cuda.amp.custom_bwd(args...)` is deprecated. Please use `torch.amp.custom_bwd(args..., device_type='cuda')` instead.
  @custom_bwd
/kaggle/working/site-packages/onmt/modules/sru.py:395: FutureWarning: `torch.cuda.amp.custom_fwd(args...)` is deprecated. Please use `torch.amp.custom_fwd(args..., device_type='cuda')` instead.
  @custom_fwd
/kaggle/working/site-packages/onmt/modules/sru.py:444: FutureWarning: `torch.cuda.amp.custom_bwd(args...)` is deprecated. Please use `torch.amp.custom_bwd(args..., device_type='cuda')` instead.
  @custom_bwd
/kaggle/working/site-packages/onmt/modules/sparse_losses.py:10: FutureWarning: `torch.cuda.amp.custom_fwd(args...)` is deprecated. Please use `torch.amp.custom_fwd(args..., device_type='cuda')` instead.
  @custom_fwd
/kaggle/working/site-packages/onmt/modules/sparse_losses.py:31: FutureWarning: `torch.cuda.amp.custom_bwd(args...)` is deprecated. Please use `torch.amp.custom_bwd(args..., device_type='cuda')` instead.
  @custom_bwd
/kaggle/working/site-packages/onmt/modules/sparse_activations.py:46: FutureWarning: `torch.cuda.amp.custom_fwd(args...)` is deprecated. Please use `torch.amp.custom_fwd(args..., device_type='cuda')` instead.
  @custom_fwd
/kaggle/working/site-packages/onmt/modules/sparse_activations.py:66: FutureWarning: `torch.cuda.amp.custom_bwd(args...)` is deprecated. Please use `torch.amp.custom_bwd(args..., device_type='cuda')` instead.
  @custom_bwd
/kaggle/working/site-packages/onmt/modules/sru.py:395: FutureWarning: `torch.cuda.amp.custom_fwd(args...)` is deprecated. Please use `torch.amp.custom_fwd(args..., device_type='cuda')` instead.
  @custom_fwd
/kaggle/working/site-packages/onmt/modules/sru.py:444: FutureWarning: `torch.cuda.amp.custom_bwd(args...)` is deprecated. Please use `torch.amp.custom_bwd(args..., device_type='cuda')` instead.
  @custom_bwd
/kaggle/working/site-packages/onmt/modules/sparse_losses.py:10: FutureWarning: `torch.cuda.amp.custom_fwd(args...)` is deprecated. Please use `torch.amp.custom_fwd(args..., device_type='cuda')` instead.
  @custom_fwd
/kaggle/working/site-packages/onmt/modules/sparse_losses.py:31: FutureWarning: `torch.cuda.amp.custom_bwd(args...)` is deprecated. Please use `torch.amp.custom_bwd(args..., device_type='cuda')` instead.
  @custom_bwd
/kaggle/working/site-packages/onmt/modules/sparse_activations.py:46: FutureWarning: `torch.cuda.amp.custom_fwd(args...)` is deprecated. Please use `torch.amp.custom_fwd(args..., device_type='cuda')` instead.
  @custom_fwd
/kaggle/working/site-packages/onmt/modules/sparse_activations.py:66: FutureWarning: `torch.cuda.amp.custom_bwd(args...)` is deprecated. Please use `torch.amp.custom_bwd(args..., device_type='cuda')` instead.
  @custom_bwd
/kaggle/working/site-packages/onmt/modules/sru.py:395: FutureWarning: `torch.cuda.amp.custom_fwd(args...)` is deprecated. Please use `torch.amp.custom_fwd(args..., device_type='cuda')` instead.
  @custom_fwd
/kaggle/working/site-packages/onmt/modules/sru.py:444: FutureWarning: `torch.cuda.amp.custom_bwd(args...)` is deprecated. Please use `torch.amp.custom_bwd(args..., device_type='cuda')` instead.
  @custom_bwd
/kaggle/working/site-packages/onmt/modules/sparse_losses.py:10: FutureWarning: `torch.cuda.amp.custom_fwd(args...)` is deprecated. Please use `torch.amp.custom_fwd(args..., device_type='cuda')` instead.
  @custom_fwd
/kaggle/working/site-packages/onmt/modules/sparse_losses.py:31: FutureWarning: `torch.cuda.amp.custom_bwd(args...)` is deprecated. Please use `torch.amp.custom_bwd(args..., device_type='cuda')` instead.
  @custom_bwd
/kaggle/working/site-packages/onmt/modules/sparse_activations.py:46: FutureWarning: `torch.cuda.amp.custom_fwd(args...)` is deprecated. Please use `torch.amp.custom_fwd(args..., device_type='cuda')` instead.
  @custom_fwd
/kaggle/working/site-packages/onmt/modules/sparse_activations.py:66: FutureWarning: `torch.cuda.amp.custom_bwd(args...)` is deprecated. Please use `torch.amp.custom_bwd(args..., device_type='cuda')` instead.
  @custom_bwd
/kaggle/working/site-packages/onmt/modules/sru.py:395: FutureWarning: `torch.cuda.amp.custom_fwd(args...)` is deprecated. Please use `torch.amp.custom_fwd(args..., device_type='cuda')` instead.
  @custom_fwd
/kaggle/working/site-packages/onmt/modules/sru.py:444: FutureWarning: `torch.cuda.amp.custom_bwd(args...)` is deprecated. Please use `torch.amp.custom_bwd(args..., device_type='cuda')` instead.
  @custom_bwd
/kaggle/working/site-packages/onmt/modules/sparse_losses.py:10: FutureWarning: `torch.cuda.amp.custom_fwd(args...)` is deprecated. Please use `torch.amp.custom_fwd(args..., device_type='cuda')` instead.
  @custom_fwd
/kaggle/working/site-packages/onmt/modules/sparse_losses.py:31: FutureWarning: `torch.cuda.amp.custom_bwd(args...)` is deprecated. Please use `torch.amp.custom_bwd(args..., device_type='cuda')` instead.
  @custom_bwd
/kaggle/working/site-packages/onmt/modules/sparse_activations.py:46: FutureWarning: `torch.cuda.amp.custom_fwd(args...)` is deprecated. Please use `torch.amp.custom_fwd(args..., device_type='cuda')` instead.
  @custom_fwd
/kaggle/working/site-packages/onmt/modules/sparse_activations.py:66: FutureWarning: `torch.cuda.amp.custom_bwd(args...)` is deprecated. Please use `torch.amp.custom_bwd(args..., device_type='cuda')` instead.
  @custom_bwd
/kaggle/working/site-packages/onmt/modules/sru.py:395: FutureWarning: `torch.cuda.amp.custom_fwd(args...)` is deprecated. Please use `torch.amp.custom_fwd(args..., device_type='cuda')` instead.
  @custom_fwd
/kaggle/working/site-packages/onmt/modules/sru.py:444: FutureWarning: `torch.cuda.amp.custom_bwd(args...)` is deprecated. Please use `torch.amp.custom_bwd(args..., device_type='cuda')` instead.
  @custom_bwd
/kaggle/working/site-packages/onmt/modules/sparse_losses.py:10: FutureWarning: `torch.cuda.amp.custom_fwd(args...)` is deprecated. Please use `torch.amp.custom_fwd(args..., device_type='cuda')` instead.
  @custom_fwd
/kaggle/working/site-packages/onmt/modules/sparse_losses.py:31: FutureWarning: `torch.cuda.amp.custom_bwd(args...)` is deprecated. Please use `torch.amp.custom_bwd(args..., device_type='cuda')` instead.
  @custom_bwd
/kaggle/working/site-packages/onmt/modules/sparse_activations.py:46: FutureWarning: `torch.cuda.amp.custom_fwd(args...)` is deprecated. Please use `torch.amp.custom_fwd(args..., device_type='cuda')` instead.
  @custom_fwd
/kaggle/working/site-packages/onmt/modules/sparse_activations.py:66: FutureWarning: `torch.cuda.amp.custom_bwd(args...)` is deprecated. Please use `torch.amp.custom_bwd(args..., device_type='cuda')` instead.
  @custom_bwd
/kaggle/working/site-packages/onmt/modules/sru.py:395: FutureWarning: `torch.cuda.amp.custom_fwd(args...)` is deprecated. Please use `torch.amp.custom_fwd(args..., device_type='cuda')` instead.
  @custom_fwd
/kaggle/working/site-packages/onmt/modules/sru.py:444: FutureWarning: `torch.cuda.amp.custom_bwd(args...)` is deprecated. Please use `torch.amp.custom_bwd(args..., device_type='cuda')` instead.
  @custom_bwd
/kaggle/working/site-packages/onmt/modules/sparse_losses.py:10: FutureWarning: `torch.cuda.amp.custom_fwd(args...)` is deprecated. Please use `torch.amp.custom_fwd(args..., device_type='cuda')` instead.
  @custom_fwd
/kaggle/working/site-packages/onmt/modules/sparse_losses.py:31: FutureWarning: `torch.cuda.amp.custom_bwd(args...)` is deprecated. Please use `torch.amp.custom_bwd(args..., device_type='cuda')` instead.
  @custom_bwd
[2026-09-23 20:56:17,044 INFO] valid stats calculation
                           took: 19.995319604873657 s.
[2026-09-23 20:56:17,045 INFO] Train perplexity: 1.41649
[2026-09-23 20:56:17,045 INFO] Train accuracy: 94.5758
[2026-09-23 20:56:17,045 INFO] Sentences processed: 1.26583e+08
[2026-09-23 20:56:17,045 INFO] Average bsz: 41409/36480/5274
[2026-09-23 20:56:17,045 INFO] Validation perplexity: 1.62339
[2026-09-23 20:56:17,045 INFO] Validation accuracy: 94.9217
[2026-09-23 20:56:20,605 INFO] * Transform statistics for corpus_1(12.50%):
			* SubwordStats: 5626388 -> 7219249 tokens

[2026-09-23 20:56:20,605 INFO] Weighted corpora loaded so far:
			* corpus_1: 35
[2026-09-23 20:56:21,134 INFO] * Transform statistics for corpus_1(12.50%):
			* SubwordStats: 5630486 -> 7230075 tokens

[2026-09-23 20:56:21,134 INFO] Weighted corpora loaded so far:
			* corpus_1: 35
[2026-09-23 20:56:22,997 INFO] * Transform statistics for corpus_1(12.50%):
			* SubwordStats: 5621429 -> 7214735 tokens

[2026-09-23 20:56:22,997 INFO] Weighted corpora loaded so far:
			* corpus_1: 35
[2026-09-23 20:56:26,290 INFO] * Transform statistics for corpus_1(12.50%):
			* SubwordStats: 5633590 -> 7229268 tokens

[2026-09-23 20:56:26,290 INFO] Weighted corpora loaded so far:
			* corpus_1: 35
[2026-09-23 20:56:26,523 INFO] * Transform statistics for corpus_1(12.50%):
			* SubwordStats: 5631442 -> 7223413 tokens

[2026-09-23 20:56:26,523 INFO] Weighted corpora loaded so far:
			* corpus_1: 35
[2026-09-23 20:56:30,189 INFO] * Transform statistics for corpus_1(12.50%):
			* SubwordStats: 5624792 -> 7215454 tokens

[2026-09-23 20:56:30,189 INFO] Weighted corpora loaded so far:
			* corpus_1: 35
[2026-09-23 20:56:47,684 INFO] * Transform statistics for corpus_1(12.50%):
			* SubwordStats: 5619989 -> 7210984 tokens

[2026-09-23 20:56:47,684 INFO] Weighted corpora loaded so far:
			* corpus_1: 36
[2026-09-23 20:56:59,268 INFO] * Transform statistics for corpus_1(12.50%):
			* SubwordStats: 5627608 -> 7217501 tokens

[2026-09-23 20:56:59,268 INFO] Weighted corpora loaded so far:
			* corpus_1: 36
[2026-09-23 20:57:00,170 INFO] Saving checkpoint /kaggle/working/checkpoints/base_v3_production/reparos_base_v3_production_step_25000.pt
[2026-09-23 20:57:04,092 INFO] * Transform statistics for corpus_1(12.50%):
			* SubwordStats: 5627036 -> 7221071 tokens

[2026-09-23 20:57:04,092 INFO] Weighted corpora loaded so far:
			* corpus_1: 36
[2026-09-23 20:57:04,948 INFO] * Transform statistics for corpus_1(12.50%):
			* SubwordStats: 5631005 -> 7228929 tokens

[2026-09-23 20:57:04,948 INFO] Weighted corpora loaded so far:
			* corpus_1: 36
[2026-09-23 20:57:07,550 INFO] * Transform statistics for corpus_1(12.50%):
			* SubwordStats: 5620586 -> 7213429 tokens

[2026-09-23 20:57:07,550 INFO] Weighted corpora loaded so far:
			* corpus_1: 36
[2026-09-23 20:57:11,006 INFO] * Transform statistics for corpus_1(12.50%):
			* SubwordStats: 5630679 -> 7222860 tokens

[2026-09-23 20:57:11,007 INFO] Weighted corpora loaded so far:
			* corpus_1: 36
[2026-09-23 20:57:11,822 INFO] * Transform statistics for corpus_1(12.50%):
			* SubwordStats: 5631428 -> 7229102 tokens

[2026-09-23 20:57:11,822 INFO] Weighted corpora loaded so far:
			* corpus_1: 36
[2026-09-23 20:57:15,241 INFO] * Transform statistics for corpus_1(12.50%):
			* SubwordStats: 5623952 -> 7213866 tokens

[2026-09-23 20:57:15,242 INFO] Weighted corpora loaded so far:
			* corpus_1: 36
[2026-09-23 20:57:32,189 INFO] * Transform statistics for corpus_1(12.50%):
			* SubwordStats: 5618240 -> 7209453 tokens

[2026-09-23 20:57:32,189 INFO] Weighted corpora loaded so far:
			* corpus_1: 37
[2026-09-23 20:57:42,616 INFO] * Transform statistics for corpus_1(12.50%):
			* SubwordStats: 5625676 -> 7216207 tokens

[2026-09-23 20:57:42,617 INFO] Weighted corpora loaded so far:
			* corpus_1: 37
[2026-09-23 20:57:42,877 INFO] Step 26000/50000; acc: 99.1; ppl:   1.0; xent: 0.0; lr: 0.00055; sents: 10524370; bsz: 41478/36499/5262; 783881/689779 tok/s;   2094 sec;
/kaggle/working/site-packages/onmt/modules/sparse_activations.py:46: FutureWarning: `torch.cuda.amp.custom_fwd(args...)` is deprecated. Please use `torch.amp.custom_fwd(args..., device_type='cuda')` instead.
  @custom_fwd
/kaggle/working/site-packages/onmt/modules/sparse_activations.py:66: FutureWarning: `torch.cuda.amp.custom_bwd(args...)` is deprecated. Please use `torch.amp.custom_bwd(args..., device_type='cuda')` instead.
  @custom_bwd
/kaggle/working/site-packages/onmt/modules/sru.py:395: FutureWarning: `torch.cuda.amp.custom_fwd(args...)` is deprecated. Please use `torch.amp.custom_fwd(args..., device_type='cuda')` instead.
  @custom_fwd
/kaggle/working/site-packages/onmt/modules/sru.py:444: FutureWarning: `torch.cuda.amp.custom_bwd(args...)` is deprecated. Please use `torch.amp.custom_bwd(args..., device_type='cuda')` instead.
  @custom_bwd
/kaggle/working/site-packages/onmt/modules/sparse_losses.py:10: FutureWarning: `torch.cuda.amp.custom_fwd(args...)` is deprecated. Please use `torch.amp.custom_fwd(args..., device_type='cuda')` instead.
  @custom_fwd
/kaggle/working/site-packages/onmt/modules/sparse_losses.py:31: FutureWarning: `torch.cuda.amp.custom_bwd(args...)` is deprecated. Please use `torch.amp.custom_bwd(args..., device_type='cuda')` instead.
  @custom_bwd
/kaggle/working/site-packages/onmt/modules/sparse_activations.py:46: FutureWarning: `torch.cuda.amp.custom_fwd(args...)` is deprecated. Please use `torch.amp.custom_fwd(args..., device_type='cuda')` instead.
  @custom_fwd
/kaggle/working/site-packages/onmt/modules/sparse_activations.py:66: FutureWarning: `torch.cuda.amp.custom_bwd(args...)` is deprecated. Please use `torch.amp.custom_bwd(args..., device_type='cuda')` instead.
  @custom_bwd
/kaggle/working/site-packages/onmt/modules/sru.py:395: FutureWarning: `torch.cuda.amp.custom_fwd(args...)` is deprecated. Please use `torch.amp.custom_fwd(args..., device_type='cuda')` instead.
  @custom_fwd
/kaggle/working/site-packages/onmt/modules/sru.py:444: FutureWarning: `torch.cuda.amp.custom_bwd(args...)` is deprecated. Please use `torch.amp.custom_bwd(args..., device_type='cuda')` instead.
  @custom_bwd
/kaggle/working/site-packages/onmt/modules/sparse_losses.py:10: FutureWarning: `torch.cuda.amp.custom_fwd(args...)` is deprecated. Please use `torch.amp.custom_fwd(args..., device_type='cuda')` instead.
  @custom_fwd
/kaggle/working/site-packages/onmt/modules/sparse_losses.py:31: FutureWarning: `torch.cuda.amp.custom_bwd(args...)` is deprecated. Please use `torch.amp.custom_bwd(args..., device_type='cuda')` instead.
  @custom_bwd
/kaggle/working/site-packages/onmt/modules/sparse_activations.py:46: FutureWarning: `torch.cuda.amp.custom_fwd(args...)` is deprecated. Please use `torch.amp.custom_fwd(args..., device_type='cuda')` instead.
  @custom_fwd
/kaggle/working/site-packages/onmt/modules/sparse_activations.py:66: FutureWarning: `torch.cuda.amp.custom_bwd(args...)` is deprecated. Please use `torch.amp.custom_bwd(args..., device_type='cuda')` instead.
  @custom_bwd
/kaggle/working/site-packages/onmt/modules/sru.py:395: FutureWarning: `torch.cuda.amp.custom_fwd(args...)` is deprecated. Please use `torch.amp.custom_fwd(args..., device_type='cuda')` instead.
  @custom_fwd
/kaggle/working/site-packages/onmt/modules/sru.py:444: FutureWarning: `torch.cuda.amp.custom_bwd(args...)` is deprecated. Please use `torch.amp.custom_bwd(args..., device_type='cuda')` instead.
  @custom_bwd
/kaggle/working/site-packages/onmt/modules/sparse_losses.py:10: FutureWarning: `torch.cuda.amp.custom_fwd(args...)` is deprecated. Please use `torch.amp.custom_fwd(args..., device_type='cuda')` instead.
  @custom_fwd
/kaggle/working/site-packages/onmt/modules/sparse_losses.py:31: FutureWarning: `torch.cuda.amp.custom_bwd(args...)` is deprecated. Please use `torch.amp.custom_bwd(args..., device_type='cuda')` instead.
  @custom_bwd
[2026-09-23 20:57:48,072 INFO] * Transform statistics for corpus_1(12.50%):
			* SubwordStats: 5631781 -> 7231431 tokens

[2026-09-23 20:57:48,072 INFO] Weighted corpora loaded so far:
			* corpus_1: 37
/kaggle/working/site-packages/onmt/modules/sparse_activations.py:46: FutureWarning: `torch.cuda.amp.custom_fwd(args...)` is deprecated. Please use `torch.amp.custom_fwd(args..., device_type='cuda')` instead.
  @custom_fwd
/kaggle/working/site-packages/onmt/modules/sparse_activations.py:66: FutureWarning: `torch.cuda.amp.custom_bwd(args...)` is deprecated. Please use `torch.amp.custom_bwd(args..., device_type='cuda')` instead.
  @custom_bwd
/kaggle/working/site-packages/onmt/modules/sru.py:395: FutureWarning: `torch.cuda.amp.custom_fwd(args...)` is deprecated. Please use `torch.amp.custom_fwd(args..., device_type='cuda')` instead.
  @custom_fwd
/kaggle/working/site-packages/onmt/modules/sru.py:444: FutureWarning: `torch.cuda.amp.custom_bwd(args...)` is deprecated. Please use `torch.amp.custom_bwd(args..., device_type='cuda')` instead.
  @custom_bwd
/kaggle/working/site-packages/onmt/modules/sparse_losses.py:10: FutureWarning: `torch.cuda.amp.custom_fwd(args...)` is deprecated. Please use `torch.amp.custom_fwd(args..., device_type='cuda')` instead.
  @custom_fwd
/kaggle/working/site-packages/onmt/modules/sparse_losses.py:31: FutureWarning: `torch.cuda.amp.custom_bwd(args...)` is deprecated. Please use `torch.amp.custom_bwd(args..., device_type='cuda')` instead.
  @custom_bwd
[2026-09-23 20:57:48,904 INFO] * Transform statistics for corpus_1(12.50%):
			* SubwordStats: 5625968 -> 7218781 tokens

[2026-09-23 20:57:48,904 INFO] Weighted corpora loaded so far:
			* corpus_1: 37
/kaggle/working/site-packages/onmt/modules/sparse_activations.py:46: FutureWarning: `torch.cuda.amp.custom_fwd(args...)` is deprecated. Please use `torch.amp.custom_fwd(args..., device_type='cuda')` instead.
  @custom_fwd
/kaggle/working/site-packages/onmt/modules/sparse_activations.py:66: FutureWarning: `torch.cuda.amp.custom_bwd(args...)` is deprecated. Please use `torch.amp.custom_bwd(args..., device_type='cuda')` instead.
  @custom_bwd
/kaggle/working/site-packages/onmt/modules/sru.py:395: FutureWarning: `torch.cuda.amp.custom_fwd(args...)` is deprecated. Please use `torch.amp.custom_fwd(args..., device_type='cuda')` instead.
  @custom_fwd
/kaggle/working/site-packages/onmt/modules/sru.py:444: FutureWarning: `torch.cuda.amp.custom_bwd(args...)` is deprecated. Please use `torch.amp.custom_bwd(args..., device_type='cuda')` instead.
  @custom_bwd
/kaggle/working/site-packages/onmt/modules/sparse_losses.py:10: FutureWarning: `torch.cuda.amp.custom_fwd(args...)` is deprecated. Please use `torch.amp.custom_fwd(args..., device_type='cuda')` instead.
  @custom_fwd
/kaggle/working/site-packages/onmt/modules/sparse_losses.py:31: FutureWarning: `torch.cuda.amp.custom_bwd(args...)` is deprecated. Please use `torch.amp.custom_bwd(args..., device_type='cuda')` instead.
  @custom_bwd
/kaggle/working/site-packages/onmt/modules/sparse_activations.py:46: FutureWarning: `torch.cuda.amp.custom_fwd(args...)` is deprecated. Please use `torch.amp.custom_fwd(args..., device_type='cuda')` instead.
  @custom_fwd
/kaggle/working/site-packages/onmt/modules/sparse_activations.py:66: FutureWarning: `torch.cuda.amp.custom_bwd(args...)` is deprecated. Please use `torch.amp.custom_bwd(args..., device_type='cuda')` instead.
  @custom_bwd
/kaggle/working/site-packages/onmt/modules/sru.py:395: FutureWarning: `torch.cuda.amp.custom_fwd(args...)` is deprecated. Please use `torch.amp.custom_fwd(args..., device_type='cuda')` instead.
  @custom_fwd
/kaggle/working/site-packages/onmt/modules/sru.py:444: FutureWarning: `torch.cuda.amp.custom_bwd(args...)` is deprecated. Please use `torch.amp.custom_bwd(args..., device_type='cuda')` instead.
  @custom_bwd
/kaggle/working/site-packages/onmt/modules/sparse_losses.py:10: FutureWarning: `torch.cuda.amp.custom_fwd(args...)` is deprecated. Please use `torch.amp.custom_fwd(args..., device_type='cuda')` instead.
  @custom_fwd
/kaggle/working/site-packages/onmt/modules/sparse_losses.py:31: FutureWarning: `torch.cuda.amp.custom_bwd(args...)` is deprecated. Please use `torch.amp.custom_bwd(args..., device_type='cuda')` instead.
  @custom_bwd
[2026-09-23 20:57:52,930 INFO] * Transform statistics for corpus_1(12.50%):
			* SubwordStats: 5619777 -> 7212813 tokens

[2026-09-23 20:57:52,930 INFO] Weighted corpora loaded so far:
			* corpus_1: 37
/kaggle/working/site-packages/onmt/modules/sparse_activations.py:46: FutureWarning: `torch.cuda.amp.custom_fwd(args...)` is deprecated. Please use `torch.amp.custom_fwd(args..., device_type='cuda')` instead.
  @custom_fwd
/kaggle/working/site-packages/onmt/modules/sparse_activations.py:66: FutureWarning: `torch.cuda.amp.custom_bwd(args...)` is deprecated. Please use `torch.amp.custom_bwd(args..., device_type='cuda')` instead.
  @custom_bwd
/kaggle/working/site-packages/onmt/modules/sru.py:395: FutureWarning: `torch.cuda.amp.custom_fwd(args...)` is deprecated. Please use `torch.amp.custom_fwd(args..., device_type='cuda')` instead.
  @custom_fwd
/kaggle/working/site-packages/onmt/modules/sru.py:444: FutureWarning: `torch.cuda.amp.custom_bwd(args...)` is deprecated. Please use `torch.amp.custom_bwd(args..., device_type='cuda')` instead.
  @custom_bwd
/kaggle/working/site-packages/onmt/modules/sparse_losses.py:10: FutureWarning: `torch.cuda.amp.custom_fwd(args...)` is deprecated. Please use `torch.amp.custom_fwd(args..., device_type='cuda')` instead.
  @custom_fwd
/kaggle/working/site-packages/onmt/modules/sparse_losses.py:31: FutureWarning: `torch.cuda.amp.custom_bwd(args...)` is deprecated. Please use `torch.amp.custom_bwd(args..., device_type='cuda')` instead.
  @custom_bwd
[2026-09-23 20:57:54,792 INFO] * Transform statistics for corpus_1(12.50%):
			* SubwordStats: 5630735 -> 7222707 tokens

[2026-09-23 20:57:54,792 INFO] Weighted corpora loaded so far:
			* corpus_1: 37
/kaggle/working/site-packages/onmt/modules/sparse_activations.py:46: FutureWarning: `torch.cuda.amp.custom_fwd(args...)` is deprecated. Please use `torch.amp.custom_fwd(args..., device_type='cuda')` instead.
  @custom_fwd
/kaggle/working/site-packages/onmt/modules/sparse_activations.py:66: FutureWarning: `torch.cuda.amp.custom_bwd(args...)` is deprecated. Please use `torch.amp.custom_bwd(args..., device_type='cuda')` instead.
  @custom_bwd
/kaggle/working/site-packages/onmt/modules/sru.py:395: FutureWarning: `torch.cuda.amp.custom_fwd(args...)` is deprecated. Please use `torch.amp.custom_fwd(args..., device_type='cuda')` instead.
  @custom_fwd
/kaggle/working/site-packages/onmt/modules/sru.py:444: FutureWarning: `torch.cuda.amp.custom_bwd(args...)` is deprecated. Please use `torch.amp.custom_bwd(args..., device_type='cuda')` instead.
  @custom_bwd
/kaggle/working/site-packages/onmt/modules/sparse_losses.py:10: FutureWarning: `torch.cuda.amp.custom_fwd(args...)` is deprecated. Please use `torch.amp.custom_fwd(args..., device_type='cuda')` instead.
  @custom_fwd
/kaggle/working/site-packages/onmt/modules/sparse_losses.py:31: FutureWarning: `torch.cuda.amp.custom_bwd(args...)` is deprecated. Please use `torch.amp.custom_bwd(args..., device_type='cuda')` instead.
  @custom_bwd
[2026-09-23 20:57:57,735 INFO] * Transform statistics for corpus_1(12.50%):
			* SubwordStats: 5633532 -> 7230097 tokens

[2026-09-23 20:57:57,736 INFO] Weighted corpora loaded so far:
			* corpus_1: 37
[2026-09-23 20:58:00,648 INFO] * Transform statistics for corpus_1(12.50%):
			* SubwordStats: 5624194 -> 7214686 tokens

[2026-09-23 20:58:00,649 INFO] Weighted corpora loaded so far:
			* corpus_1: 37
[2026-09-23 20:58:00,914 INFO] valid stats calculation
                           took: 18.03661298751831 s.
[2026-09-23 20:58:00,914 INFO] Train perplexity: 1.38253
[2026-09-23 20:58:00,914 INFO] Train accuracy: 94.9212
[2026-09-23 20:58:00,914 INFO] Sentences processed: 1.37107e+08
[2026-09-23 20:58:00,914 INFO] Average bsz: 41414/36481/5273
[2026-09-23 20:58:00,914 INFO] Validation perplexity: 1.69518
[2026-09-23 20:58:00,914 INFO] Validation accuracy: 94.7225
[2026-09-23 20:58:18,142 INFO] * Transform statistics for corpus_1(12.50%):
			* SubwordStats: 5621191 -> 7213094 tokens

[2026-09-23 20:58:18,142 INFO] Weighted corpora loaded so far:
			* corpus_1: 38
[2026-09-23 20:58:50,501 INFO] * Transform statistics for corpus_1(12.50%):
			* SubwordStats: 5628632 -> 7219656 tokens

[2026-09-23 20:58:50,501 INFO] Weighted corpora loaded so far:
			* corpus_1: 38
[2026-09-23 20:59:02,072 INFO] * Transform statistics for corpus_1(12.50%):
			* SubwordStats: 5626190 -> 7219494 tokens

[2026-09-23 20:59:02,072 INFO] Weighted corpora loaded so far:
			* corpus_1: 38
[2026-09-23 20:59:03,984 INFO] * Transform statistics for corpus_1(12.50%):
			* SubwordStats: 5632486 -> 7232346 tokens

[2026-09-23 20:59:03,984 INFO] Weighted corpora loaded so far:
			* corpus_1: 38
[2026-09-23 20:59:10,583 INFO] * Transform statistics for corpus_1(12.50%):
			* SubwordStats: 5621595 -> 7214597 tokens

[2026-09-23 20:59:10,583 INFO] Weighted corpora loaded so far:
			* corpus_1: 38
[2026-09-23 20:59:20,091 INFO] * Transform statistics for corpus_1(12.50%):
			* SubwordStats: 5629446 -> 7219769 tokens

[2026-09-23 20:59:20,091 INFO] Weighted corpora loaded so far:
			* corpus_1: 38
[2026-09-23 20:59:23,184 INFO] * Transform statistics for corpus_1(12.50%):
			* SubwordStats: 5632128 -> 7229470 tokens

[2026-09-23 20:59:23,184 INFO] Weighted corpora loaded so far:
			* corpus_1: 38
[2026-09-23 20:59:27,699 INFO] * Transform statistics for corpus_1(12.50%):
			* SubwordStats: 5624454 -> 7213591 tokens

[2026-09-23 20:59:27,699 INFO] Weighted corpora loaded so far:
			* corpus_1: 38
[2026-09-23 20:59:45,080 INFO] * Transform statistics for corpus_1(12.50%):
			* SubwordStats: 4218833 -> 5413070 tokens

[2026-09-23 20:59:45,080 INFO] Weighted corpora loaded so far:
			* corpus_1: 39
[2026-09-23 21:00:08,891 INFO] * Transform statistics for corpus_1(12.50%):
			* SubwordStats: 4218652 -> 5412164 tokens

[2026-09-23 21:00:08,891 INFO] Weighted corpora loaded so far:
			* corpus_1: 39
[2026-09-23 21:00:14,355 INFO] * Transform statistics for corpus_1(12.50%):
			* SubwordStats: 4218700 -> 5415227 tokens

[2026-09-23 21:00:14,355 INFO] Weighted corpora loaded so far:
			* corpus_1: 39
[2026-09-23 21:00:16,562 INFO] * Transform statistics for corpus_1(12.50%):
			* SubwordStats: 4223098 -> 5420571 tokens

[2026-09-23 21:00:16,562 INFO] Weighted corpora loaded so far:
			* corpus_1: 39
[2026-09-23 21:00:24,610 INFO] * Transform statistics for corpus_1(12.50%):
			* SubwordStats: 4218269 -> 5413782 tokens

[2026-09-23 21:00:24,610 INFO] Weighted corpora loaded so far:
			* corpus_1: 39
[2026-09-23 21:00:29,861 INFO] * Transform statistics for corpus_1(12.50%):
			* SubwordStats: 4223712 -> 5416344 tokens

[2026-09-23 21:00:29,861 INFO] Weighted corpora loaded so far:
			* corpus_1: 39
[2026-09-23 21:00:33,387 INFO] * Transform statistics for corpus_1(12.50%):
			* SubwordStats: 4222423 -> 5419036 tokens

[2026-09-23 21:00:33,387 INFO] Weighted corpora loaded so far:
			* corpus_1: 39
[2026-09-23 21:00:42,634 INFO] * Transform statistics for corpus_1(12.50%):
			* SubwordStats: 4217456 -> 5409881 tokens

[2026-09-23 21:00:42,634 INFO] Weighted corpora loaded so far:
			* corpus_1: 39
[2026-09-23 21:01:10,381 INFO] * Transform statistics for corpus_1(12.50%):
			* SubwordStats: 5620228 -> 7211366 tokens

[2026-09-23 21:01:10,382 INFO] Weighted corpora loaded so far:
			* corpus_1: 40
[2026-09-23 21:01:33,298 INFO] * Transform statistics for corpus_1(12.50%):
			* SubwordStats: 5629054 -> 7220626 tokens

[2026-09-23 21:01:33,298 INFO] Weighted corpora loaded so far:
			* corpus_1: 40
[2026-09-23 21:01:35,434 INFO] * Transform statistics for corpus_1(12.50%):
			* SubwordStats: 5626855 -> 7220140 tokens

[2026-09-23 21:01:35,434 INFO] Weighted corpora loaded so far:
			* corpus_1: 40
[2026-09-23 21:01:35,625 INFO] * Transform statistics for corpus_1(12.50%):
			* SubwordStats: 5631439 -> 7231543 tokens

[2026-09-23 21:01:35,625 INFO] Weighted corpora loaded so far:
			* corpus_1: 40
[2026-09-23 21:01:46,779 INFO] * Transform statistics for corpus_1(12.50%):
			* SubwordStats: 5621365 -> 7214679 tokens

[2026-09-23 21:01:46,779 INFO] Weighted corpora loaded so far:
			* corpus_1: 40
[2026-09-23 21:01:49,705 INFO] Step 28000/50000; acc: 99.1; ppl:   1.0; xent: 0.0; lr: 0.00053; sents: 10553906; bsz: 41368/36461/5277; 335198/295434 tok/s;   2341 sec;
[2026-09-23 21:01:49,931 INFO] * Transform statistics for corpus_1(12.50%):
			* SubwordStats: 5631997 -> 7228592 tokens

[2026-09-23 21:01:49,932 INFO] Weighted corpora loaded so far:
			* corpus_1: 40
[2026-09-23 21:01:50,111 INFO] * Transform statistics for corpus_1(12.50%):
			* SubwordStats: 5630705 -> 7222302 tokens

[2026-09-23 21:01:50,111 INFO] Weighted corpora loaded so far:
			* corpus_1: 40
/kaggle/working/site-packages/onmt/modules/sparse_activations.py:46: FutureWarning: `torch.cuda.amp.custom_fwd(args...)` is deprecated. Please use `torch.amp.custom_fwd(args..., device_type='cuda')` instead.
  @custom_fwd
/kaggle/working/site-packages/onmt/modules/sparse_activations.py:66: FutureWarning: `torch.cuda.amp.custom_bwd(args...)` is deprecated. Please use `torch.amp.custom_bwd(args..., device_type='cuda')` instead.
  @custom_bwd
/kaggle/working/site-packages/onmt/modules/sru.py:395: FutureWarning: `torch.cuda.amp.custom_fwd(args...)` is deprecated. Please use `torch.amp.custom_fwd(args..., device_type='cuda')` instead.
  @custom_fwd
/kaggle/working/site-packages/onmt/modules/sru.py:444: FutureWarning: `torch.cuda.amp.custom_bwd(args...)` is deprecated. Please use `torch.amp.custom_bwd(args..., device_type='cuda')` instead.
  @custom_bwd
/kaggle/working/site-packages/onmt/modules/sparse_losses.py:10: FutureWarning: `torch.cuda.amp.custom_fwd(args...)` is deprecated. Please use `torch.amp.custom_fwd(args..., device_type='cuda')` instead.
  @custom_fwd
/kaggle/working/site-packages/onmt/modules/sparse_losses.py:31: FutureWarning: `torch.cuda.amp.custom_bwd(args...)` is deprecated. Please use `torch.amp.custom_bwd(args..., device_type='cuda')` instead.
  @custom_bwd
/kaggle/working/site-packages/onmt/modules/sparse_activations.py:46: FutureWarning: `torch.cuda.amp.custom_fwd(args...)` is deprecated. Please use `torch.amp.custom_fwd(args..., device_type='cuda')` instead.
  @custom_fwd
/kaggle/working/site-packages/onmt/modules/sparse_activations.py:66: FutureWarning: `torch.cuda.amp.custom_bwd(args...)` is deprecated. Please use `torch.amp.custom_bwd(args..., device_type='cuda')` instead.
  @custom_bwd
/kaggle/working/site-packages/onmt/modules/sru.py:395: FutureWarning: `torch.cuda.amp.custom_fwd(args...)` is deprecated. Please use `torch.amp.custom_fwd(args..., device_type='cuda')` instead.
  @custom_fwd
/kaggle/working/site-packages/onmt/modules/sru.py:444: FutureWarning: `torch.cuda.amp.custom_bwd(args...)` is deprecated. Please use `torch.amp.custom_bwd(args..., device_type='cuda')` instead.
  @custom_bwd
/kaggle/working/site-packages/onmt/modules/sparse_losses.py:10: FutureWarning: `torch.cuda.amp.custom_fwd(args...)` is deprecated. Please use `torch.amp.custom_fwd(args..., device_type='cuda')` instead.
  @custom_fwd
/kaggle/working/site-packages/onmt/modules/sparse_losses.py:31: FutureWarning: `torch.cuda.amp.custom_bwd(args...)` is deprecated. Please use `torch.amp.custom_bwd(args..., device_type='cuda')` instead.
  @custom_bwd
/kaggle/working/site-packages/onmt/modules/sparse_activations.py:46: FutureWarning: `torch.cuda.amp.custom_fwd(args...)` is deprecated. Please use `torch.amp.custom_fwd(args..., device_type='cuda')` instead.
  @custom_fwd
/kaggle/working/site-packages/onmt/modules/sparse_activations.py:66: FutureWarning: `torch.cuda.amp.custom_bwd(args...)` is deprecated. Please use `torch.amp.custom_bwd(args..., device_type='cuda')` instead.
  @custom_bwd
/kaggle/working/site-packages/onmt/modules/sru.py:395: FutureWarning: `torch.cuda.amp.custom_fwd(args...)` is deprecated. Please use `torch.amp.custom_fwd(args..., device_type='cuda')` instead.
  @custom_fwd
/kaggle/working/site-packages/onmt/modules/sru.py:444: FutureWarning: `torch.cuda.amp.custom_bwd(args...)` is deprecated. Please use `torch.amp.custom_bwd(args..., device_type='cuda')` instead.
  @custom_bwd
/kaggle/working/site-packages/onmt/modules/sparse_losses.py:10: FutureWarning: `torch.cuda.amp.custom_fwd(args...)` is deprecated. Please use `torch.amp.custom_fwd(args..., device_type='cuda')` instead.
  @custom_fwd
/kaggle/working/site-packages/onmt/modules/sparse_losses.py:31: FutureWarning: `torch.cuda.amp.custom_bwd(args...)` is deprecated. Please use `torch.amp.custom_bwd(args..., device_type='cuda')` instead.
  @custom_bwd
/kaggle/working/site-packages/onmt/modules/sparse_activations.py:46: FutureWarning: `torch.cuda.amp.custom_fwd(args...)` is deprecated. Please use `torch.amp.custom_fwd(args..., device_type='cuda')` instead.
  @custom_fwd
/kaggle/working/site-packages/onmt/modules/sparse_activations.py:66: FutureWarning: `torch.cuda.amp.custom_bwd(args...)` is deprecated. Please use `torch.amp.custom_bwd(args..., device_type='cuda')` instead.
  @custom_bwd
/kaggle/working/site-packages/onmt/modules/sru.py:395: FutureWarning: `torch.cuda.amp.custom_fwd(args...)` is deprecated. Please use `torch.amp.custom_fwd(args..., device_type='cuda')` instead.
  @custom_fwd
/kaggle/working/site-packages/onmt/modules/sru.py:444: FutureWarning: `torch.cuda.amp.custom_bwd(args...)` is deprecated. Please use `torch.amp.custom_bwd(args..., device_type='cuda')` instead.
  @custom_bwd
/kaggle/working/site-packages/onmt/modules/sparse_losses.py:10: FutureWarning: `torch.cuda.amp.custom_fwd(args...)` is deprecated. Please use `torch.amp.custom_fwd(args..., device_type='cuda')` instead.
  @custom_fwd
/kaggle/working/site-packages/onmt/modules/sparse_losses.py:31: FutureWarning: `torch.cuda.amp.custom_bwd(args...)` is deprecated. Please use `torch.amp.custom_bwd(args..., device_type='cuda')` instead.
  @custom_bwd
/kaggle/working/site-packages/onmt/modules/sparse_activations.py:46: FutureWarning: `torch.cuda.amp.custom_fwd(args...)` is deprecated. Please use `torch.amp.custom_fwd(args..., device_type='cuda')` instead.
  @custom_fwd
/kaggle/working/site-packages/onmt/modules/sparse_activations.py:66: FutureWarning: `torch.cuda.amp.custom_bwd(args...)` is deprecated. Please use `torch.amp.custom_bwd(args..., device_type='cuda')` instead.
  @custom_bwd
/kaggle/working/site-packages/onmt/modules/sru.py:395: FutureWarning: `torch.cuda.amp.custom_fwd(args...)` is deprecated. Please use `torch.amp.custom_fwd(args..., device_type='cuda')` instead.
  @custom_fwd
/kaggle/working/site-packages/onmt/modules/sru.py:444: FutureWarning: `torch.cuda.amp.custom_bwd(args...)` is deprecated. Please use `torch.amp.custom_bwd(args..., device_type='cuda')` instead.
  @custom_bwd
/kaggle/working/site-packages/onmt/modules/sparse_losses.py:10: FutureWarning: `torch.cuda.amp.custom_fwd(args...)` is deprecated. Please use `torch.amp.custom_fwd(args..., device_type='cuda')` instead.
  @custom_fwd
/kaggle/working/site-packages/onmt/modules/sparse_losses.py:31: FutureWarning: `torch.cuda.amp.custom_bwd(args...)` is deprecated. Please use `torch.amp.custom_bwd(args..., device_type='cuda')` instead.
  @custom_bwd
/kaggle/working/site-packages/onmt/modules/sparse_activations.py:46: FutureWarning: `torch.cuda.amp.custom_fwd(args...)` is deprecated. Please use `torch.amp.custom_fwd(args..., device_type='cuda')` instead.
  @custom_fwd
/kaggle/working/site-packages/onmt/modules/sparse_activations.py:66: FutureWarning: `torch.cuda.amp.custom_bwd(args...)` is deprecated. Please use `torch.amp.custom_bwd(args..., device_type='cuda')` instead.
  @custom_bwd
/kaggle/working/site-packages/onmt/modules/sru.py:395: FutureWarning: `torch.cuda.amp.custom_fwd(args...)` is deprecated. Please use `torch.amp.custom_fwd(args..., device_type='cuda')` instead.
  @custom_fwd
/kaggle/working/site-packages/onmt/modules/sru.py:444: FutureWarning: `torch.cuda.amp.custom_bwd(args...)` is deprecated. Please use `torch.amp.custom_bwd(args..., device_type='cuda')` instead.
  @custom_bwd
/kaggle/working/site-packages/onmt/modules/sparse_losses.py:10: FutureWarning: `torch.cuda.amp.custom_fwd(args...)` is deprecated. Please use `torch.amp.custom_fwd(args..., device_type='cuda')` instead.
  @custom_fwd
/kaggle/working/site-packages/onmt/modules/sparse_losses.py:31: FutureWarning: `torch.cuda.amp.custom_bwd(args...)` is deprecated. Please use `torch.amp.custom_bwd(args..., device_type='cuda')` instead.
  @custom_bwd
/kaggle/working/site-packages/onmt/modules/sparse_activations.py:46: FutureWarning: `torch.cuda.amp.custom_fwd(args...)` is deprecated. Please use `torch.amp.custom_fwd(args..., device_type='cuda')` instead.
  @custom_fwd
/kaggle/working/site-packages/onmt/modules/sparse_activations.py:66: FutureWarning: `torch.cuda.amp.custom_bwd(args...)` is deprecated. Please use `torch.amp.custom_bwd(args..., device_type='cuda')` instead.
  @custom_bwd
/kaggle/working/site-packages/onmt/modules/sru.py:395: FutureWarning: `torch.cuda.amp.custom_fwd(args...)` is deprecated. Please use `torch.amp.custom_fwd(args..., device_type='cuda')` instead.
  @custom_fwd
/kaggle/working/site-packages/onmt/modules/sru.py:444: FutureWarning: `torch.cuda.amp.custom_bwd(args...)` is deprecated. Please use `torch.amp.custom_bwd(args..., device_type='cuda')` instead.
  @custom_bwd
/kaggle/working/site-packages/onmt/modules/sparse_losses.py:10: FutureWarning: `torch.cuda.amp.custom_fwd(args...)` is deprecated. Please use `torch.amp.custom_fwd(args..., device_type='cuda')` instead.
  @custom_fwd
/kaggle/working/site-packages/onmt/modules/sparse_losses.py:31: FutureWarning: `torch.cuda.amp.custom_bwd(args...)` is deprecated. Please use `torch.amp.custom_bwd(args..., device_type='cuda')` instead.
  @custom_bwd
/kaggle/working/site-packages/onmt/modules/sparse_activations.py:46: FutureWarning: `torch.cuda.amp.custom_fwd(args...)` is deprecated. Please use `torch.amp.custom_fwd(args..., device_type='cuda')` instead.
  @custom_fwd
/kaggle/working/site-packages/onmt/modules/sparse_activations.py:66: FutureWarning: `torch.cuda.amp.custom_bwd(args...)` is deprecated. Please use `torch.amp.custom_bwd(args..., device_type='cuda')` instead.
  @custom_bwd
/kaggle/working/site-packages/onmt/modules/sru.py:395: FutureWarning: `torch.cuda.amp.custom_fwd(args...)` is deprecated. Please use `torch.amp.custom_fwd(args..., device_type='cuda')` instead.
  @custom_fwd
/kaggle/working/site-packages/onmt/modules/sru.py:444: FutureWarning: `torch.cuda.amp.custom_bwd(args...)` is deprecated. Please use `torch.amp.custom_bwd(args..., device_type='cuda')` instead.
  @custom_bwd
/kaggle/working/site-packages/onmt/modules/sparse_losses.py:10: FutureWarning: `torch.cuda.amp.custom_fwd(args...)` is deprecated. Please use `torch.amp.custom_fwd(args..., device_type='cuda')` instead.
  @custom_fwd
/kaggle/working/site-packages/onmt/modules/sparse_losses.py:31: FutureWarning: `torch.cuda.amp.custom_bwd(args...)` is deprecated. Please use `torch.amp.custom_bwd(args..., device_type='cuda')` instead.
  @custom_bwd
[2026-09-23 21:02:11,126 INFO] valid stats calculation
                           took: 21.419809341430664 s.
[2026-09-23 21:02:11,126 INFO] Train perplexity: 1.35396
[2026-09-23 21:02:11,126 INFO] Train accuracy: 95.2195
[2026-09-23 21:02:11,126 INFO] Sentences processed: 1.47661e+08
[2026-09-23 21:02:11,126 INFO] Average bsz: 41411/36480/5274
[2026-09-23 21:02:11,126 INFO] Validation perplexity: 1.65116
[2026-09-23 21:02:11,126 INFO] Validation accuracy: 95.1656
[2026-09-23 21:02:13,259 INFO] * Transform statistics for corpus_1(12.50%):
			* SubwordStats: 5624727 -> 7216107 tokens

[2026-09-23 21:02:13,259 INFO] Weighted corpora loaded so far:
			* corpus_1: 40
[2026-09-23 21:02:26,903 INFO] * Transform statistics for corpus_1(12.50%):
			* SubwordStats: 5620041 -> 7211412 tokens

[2026-09-23 21:02:26,903 INFO] Weighted corpora loaded so far:
			* corpus_1: 41
[2026-09-23 21:02:42,743 INFO] * Transform statistics for corpus_1(12.50%):
			* SubwordStats: 5627201 -> 7217842 tokens

[2026-09-23 21:02:42,744 INFO] Weighted corpora loaded so far:
			* corpus_1: 41
[2026-09-23 21:02:45,598 INFO] * Transform statistics for corpus_1(12.50%):
			* SubwordStats: 5627304 -> 7220475 tokens

[2026-09-23 21:02:45,598 INFO] Weighted corpora loaded so far:
			* corpus_1: 41
[2026-09-23 21:02:47,992 INFO] * Transform statistics for corpus_1(12.50%):
			* SubwordStats: 5629281 -> 7227510 tokens

[2026-09-23 21:02:47,992 INFO] Weighted corpora loaded so far:
			* corpus_1: 41
[2026-09-23 21:02:49,923 INFO] * Transform statistics for corpus_1(12.50%):
			* SubwordStats: 5621367 -> 7213796 tokens

[2026-09-23 21:02:49,923 INFO] Weighted corpora loaded so far:
			* corpus_1: 41
[2026-09-23 21:02:53,220 INFO] * Transform statistics for corpus_1(12.50%):
			* SubwordStats: 5633738 -> 7230428 tokens

[2026-09-23 21:02:53,220 INFO] Weighted corpora loaded so far:
			* corpus_1: 41
[2026-09-23 21:02:53,981 INFO] * Transform statistics for corpus_1(12.50%):
			* SubwordStats: 5631512 -> 7224172 tokens

[2026-09-23 21:02:53,981 INFO] Weighted corpora loaded so far:
			* corpus_1: 41
[2026-09-23 21:02:57,437 INFO] * Transform statistics for corpus_1(12.50%):
			* SubwordStats: 5624164 -> 7214406 tokens

[2026-09-23 21:02:57,437 INFO] Weighted corpora loaded so far:
			* corpus_1: 41
[2026-09-23 21:03:12,964 INFO] * Transform statistics for corpus_1(12.50%):
			* SubwordStats: 5618448 -> 7209226 tokens

[2026-09-23 21:03:12,964 INFO] Weighted corpora loaded so far:
			* corpus_1: 42
[2026-09-23 21:03:26,469 INFO] * Transform statistics for corpus_1(12.50%):
			* SubwordStats: 5626152 -> 7216346 tokens

[2026-09-23 21:03:26,470 INFO] Weighted corpora loaded so far:
			* corpus_1: 42
[2026-09-23 21:03:29,836 INFO] * Transform statistics for corpus_1(12.50%):
			* SubwordStats: 5626122 -> 7219325 tokens

[2026-09-23 21:03:29,836 INFO] Weighted corpora loaded so far:
			* corpus_1: 42
[2026-09-23 21:03:33,216 INFO] * Transform statistics for corpus_1(12.50%):
			* SubwordStats: 5619279 -> 7212471 tokens

[2026-09-23 21:03:33,216 INFO] Weighted corpora loaded so far:
			* corpus_1: 42
[2026-09-23 21:03:34,186 INFO] * Transform statistics for corpus_1(12.50%):
			* SubwordStats: 5632089 -> 7231233 tokens

[2026-09-23 21:03:34,186 INFO] Weighted corpora loaded so far:
			* corpus_1: 42
[2026-09-23 21:03:36,508 INFO] * Transform statistics for corpus_1(12.50%):
			* SubwordStats: 5632803 -> 7230444 tokens

[2026-09-23 21:03:36,508 INFO] Weighted corpora loaded so far:
			* corpus_1: 42
[2026-09-23 21:03:37,260 INFO] Step 30000/50000; acc: 99.1; ppl:   1.0; xent: 0.0; lr: 0.00051; sents: 10524137; bsz: 41367/36396/5262; 769232/676783 tok/s;   2448 sec;
/kaggle/working/site-packages/onmt/modules/sparse_activations.py:46: FutureWarning: `torch.cuda.amp.custom_fwd(args...)` is deprecated. Please use `torch.amp.custom_fwd(args..., device_type='cuda')` instead.
  @custom_fwd
/kaggle/working/site-packages/onmt/modules/sparse_activations.py:66: FutureWarning: `torch.cuda.amp.custom_bwd(args...)` is deprecated. Please use `torch.amp.custom_bwd(args..., device_type='cuda')` instead.
  @custom_bwd
/kaggle/working/site-packages/onmt/modules/sru.py:395: FutureWarning: `torch.cuda.amp.custom_fwd(args...)` is deprecated. Please use `torch.amp.custom_fwd(args..., device_type='cuda')` instead.
  @custom_fwd
/kaggle/working/site-packages/onmt/modules/sru.py:444: FutureWarning: `torch.cuda.amp.custom_bwd(args...)` is deprecated. Please use `torch.amp.custom_bwd(args..., device_type='cuda')` instead.
  @custom_bwd
/kaggle/working/site-packages/onmt/modules/sparse_losses.py:10: FutureWarning: `torch.cuda.amp.custom_fwd(args...)` is deprecated. Please use `torch.amp.custom_fwd(args..., device_type='cuda')` instead.
  @custom_fwd
/kaggle/working/site-packages/onmt/modules/sparse_losses.py:31: FutureWarning: `torch.cuda.amp.custom_bwd(args...)` is deprecated. Please use `torch.amp.custom_bwd(args..., device_type='cuda')` instead.
  @custom_bwd
[2026-09-23 21:03:39,283 INFO] * Transform statistics for corpus_1(12.50%):
			* SubwordStats: 5631112 -> 7222614 tokens

[2026-09-23 21:03:39,283 INFO] Weighted corpora loaded so far:
			* corpus_1: 42
/kaggle/working/site-packages/onmt/modules/sparse_activations.py:46: FutureWarning: `torch.cuda.amp.custom_fwd(args...)` is deprecated. Please use `torch.amp.custom_fwd(args..., device_type='cuda')` instead.
  @custom_fwd
/kaggle/working/site-packages/onmt/modules/sparse_activations.py:66: FutureWarning: `torch.cuda.amp.custom_bwd(args...)` is deprecated. Please use `torch.amp.custom_bwd(args..., device_type='cuda')` instead.
  @custom_bwd
/kaggle/working/site-packages/onmt/modules/sru.py:395: FutureWarning: `torch.cuda.amp.custom_fwd(args...)` is deprecated. Please use `torch.amp.custom_fwd(args..., device_type='cuda')` instead.
  @custom_fwd
/kaggle/working/site-packages/onmt/modules/sru.py:444: FutureWarning: `torch.cuda.amp.custom_bwd(args...)` is deprecated. Please use `torch.amp.custom_bwd(args..., device_type='cuda')` instead.
  @custom_bwd
/kaggle/working/site-packages/onmt/modules/sparse_losses.py:10: FutureWarning: `torch.cuda.amp.custom_fwd(args...)` is deprecated. Please use `torch.amp.custom_fwd(args..., device_type='cuda')` instead.
  @custom_fwd
/kaggle/working/site-packages/onmt/modules/sparse_losses.py:31: FutureWarning: `torch.cuda.amp.custom_bwd(args...)` is deprecated. Please use `torch.amp.custom_bwd(args..., device_type='cuda')` instead.
  @custom_bwd
[2026-09-23 21:03:41,092 INFO] * Transform statistics for corpus_1(12.50%):
			* SubwordStats: 5624050 -> 7213538 tokens

[2026-09-23 21:03:41,092 INFO] Weighted corpora loaded so far:
			* corpus_1: 42
/kaggle/working/site-packages/onmt/modules/sparse_activations.py:46: FutureWarning: `torch.cuda.amp.custom_fwd(args...)` is deprecated. Please use `torch.amp.custom_fwd(args..., device_type='cuda')` instead.
  @custom_fwd
/kaggle/working/site-packages/onmt/modules/sparse_activations.py:66: FutureWarning: `torch.cuda.amp.custom_bwd(args...)` is deprecated. Please use `torch.amp.custom_bwd(args..., device_type='cuda')` instead.
  @custom_bwd
/kaggle/working/site-packages/onmt/modules/sru.py:395: FutureWarning: `torch.cuda.amp.custom_fwd(args...)` is deprecated. Please use `torch.amp.custom_fwd(args..., device_type='cuda')` instead.
  @custom_fwd
/kaggle/working/site-packages/onmt/modules/sru.py:444: FutureWarning: `torch.cuda.amp.custom_bwd(args...)` is deprecated. Please use `torch.amp.custom_bwd(args..., device_type='cuda')` instead.
  @custom_bwd
/kaggle/working/site-packages/onmt/modules/sparse_losses.py:10: FutureWarning: `torch.cuda.amp.custom_fwd(args...)` is deprecated. Please use `torch.amp.custom_fwd(args..., device_type='cuda')` instead.
  @custom_fwd
/kaggle/working/site-packages/onmt/modules/sparse_losses.py:31: FutureWarning: `torch.cuda.amp.custom_bwd(args...)` is deprecated. Please use `torch.amp.custom_bwd(args..., device_type='cuda')` instead.
  @custom_bwd
/kaggle/working/site-packages/onmt/modules/sparse_activations.py:46: FutureWarning: `torch.cuda.amp.custom_fwd(args...)` is deprecated. Please use `torch.amp.custom_fwd(args..., device_type='cuda')` instead.
  @custom_fwd
/kaggle/working/site-packages/onmt/modules/sparse_activations.py:66: FutureWarning: `torch.cuda.amp.custom_bwd(args...)` is deprecated. Please use `torch.amp.custom_bwd(args..., device_type='cuda')` instead.
  @custom_bwd
/kaggle/working/site-packages/onmt/modules/sru.py:395: FutureWarning: `torch.cuda.amp.custom_fwd(args...)` is deprecated. Please use `torch.amp.custom_fwd(args..., device_type='cuda')` instead.
  @custom_fwd
/kaggle/working/site-packages/onmt/modules/sru.py:444: FutureWarning: `torch.cuda.amp.custom_bwd(args...)` is deprecated. Please use `torch.amp.custom_bwd(args..., device_type='cuda')` instead.
  @custom_bwd
/kaggle/working/site-packages/onmt/modules/sparse_losses.py:10: FutureWarning: `torch.cuda.amp.custom_fwd(args...)` is deprecated. Please use `torch.amp.custom_fwd(args..., device_type='cuda')` instead.
  @custom_fwd
/kaggle/working/site-packages/onmt/modules/sparse_losses.py:31: FutureWarning: `torch.cuda.amp.custom_bwd(args...)` is deprecated. Please use `torch.amp.custom_bwd(args..., device_type='cuda')` instead.
  @custom_bwd
/kaggle/working/site-packages/onmt/modules/sparse_activations.py:46: FutureWarning: `torch.cuda.amp.custom_fwd(args...)` is deprecated. Please use `torch.amp.custom_fwd(args..., device_type='cuda')` instead.
  @custom_fwd
/kaggle/working/site-packages/onmt/modules/sparse_activations.py:66: FutureWarning: `torch.cuda.amp.custom_bwd(args...)` is deprecated. Please use `torch.amp.custom_bwd(args..., device_type='cuda')` instead.
  @custom_bwd
/kaggle/working/site-packages/onmt/modules/sru.py:395: FutureWarning: `torch.cuda.amp.custom_fwd(args...)` is deprecated. Please use `torch.amp.custom_fwd(args..., device_type='cuda')` instead.
  @custom_fwd
/kaggle/working/site-packages/onmt/modules/sru.py:444: FutureWarning: `torch.cuda.amp.custom_bwd(args...)` is deprecated. Please use `torch.amp.custom_bwd(args..., device_type='cuda')` instead.
  @custom_bwd
/kaggle/working/site-packages/onmt/modules/sparse_losses.py:10: FutureWarning: `torch.cuda.amp.custom_fwd(args...)` is deprecated. Please use `torch.amp.custom_fwd(args..., device_type='cuda')` instead.
  @custom_fwd
/kaggle/working/site-packages/onmt/modules/sparse_losses.py:31: FutureWarning: `torch.cuda.amp.custom_bwd(args...)` is deprecated. Please use `torch.amp.custom_bwd(args..., device_type='cuda')` instead.
  @custom_bwd
/kaggle/working/site-packages/onmt/modules/sparse_activations.py:46: FutureWarning: `torch.cuda.amp.custom_fwd(args...)` is deprecated. Please use `torch.amp.custom_fwd(args..., device_type='cuda')` instead.
  @custom_fwd
/kaggle/working/site-packages/onmt/modules/sparse_activations.py:66: FutureWarning: `torch.cuda.amp.custom_bwd(args...)` is deprecated. Please use `torch.amp.custom_bwd(args..., device_type='cuda')` instead.
  @custom_bwd
/kaggle/working/site-packages/onmt/modules/sru.py:395: FutureWarning: `torch.cuda.amp.custom_fwd(args...)` is deprecated. Please use `torch.amp.custom_fwd(args..., device_type='cuda')` instead.
  @custom_fwd
/kaggle/working/site-packages/onmt/modules/sru.py:444: FutureWarning: `torch.cuda.amp.custom_bwd(args...)` is deprecated. Please use `torch.amp.custom_bwd(args..., device_type='cuda')` instead.
  @custom_bwd
/kaggle/working/site-packages/onmt/modules/sparse_losses.py:10: FutureWarning: `torch.cuda.amp.custom_fwd(args...)` is deprecated. Please use `torch.amp.custom_fwd(args..., device_type='cuda')` instead.
  @custom_fwd
/kaggle/working/site-packages/onmt/modules/sparse_losses.py:31: FutureWarning: `torch.cuda.amp.custom_bwd(args...)` is deprecated. Please use `torch.amp.custom_bwd(args..., device_type='cuda')` instead.
  @custom_bwd
/kaggle/working/site-packages/onmt/modules/sparse_activations.py:46: FutureWarning: `torch.cuda.amp.custom_fwd(args...)` is deprecated. Please use `torch.amp.custom_fwd(args..., device_type='cuda')` instead.
  @custom_fwd
/kaggle/working/site-packages/onmt/modules/sparse_activations.py:66: FutureWarning: `torch.cuda.amp.custom_bwd(args...)` is deprecated. Please use `torch.amp.custom_bwd(args..., device_type='cuda')` instead.
  @custom_bwd
/kaggle/working/site-packages/onmt/modules/sru.py:395: FutureWarning: `torch.cuda.amp.custom_fwd(args...)` is deprecated. Please use `torch.amp.custom_fwd(args..., device_type='cuda')` instead.
  @custom_fwd
/kaggle/working/site-packages/onmt/modules/sru.py:444: FutureWarning: `torch.cuda.amp.custom_bwd(args...)` is deprecated. Please use `torch.amp.custom_bwd(args..., device_type='cuda')` instead.
  @custom_bwd
/kaggle/working/site-packages/onmt/modules/sparse_losses.py:10: FutureWarning: `torch.cuda.amp.custom_fwd(args...)` is deprecated. Please use `torch.amp.custom_fwd(args..., device_type='cuda')` instead.
  @custom_fwd
/kaggle/working/site-packages/onmt/modules/sparse_losses.py:31: FutureWarning: `torch.cuda.amp.custom_bwd(args...)` is deprecated. Please use `torch.amp.custom_bwd(args..., device_type='cuda')` instead.
  @custom_bwd
/kaggle/working/site-packages/onmt/modules/sparse_activations.py:46: FutureWarning: `torch.cuda.amp.custom_fwd(args...)` is deprecated. Please use `torch.amp.custom_fwd(args..., device_type='cuda')` instead.
  @custom_fwd
/kaggle/working/site-packages/onmt/modules/sparse_activations.py:66: FutureWarning: `torch.cuda.amp.custom_bwd(args...)` is deprecated. Please use `torch.amp.custom_bwd(args..., device_type='cuda')` instead.
  @custom_bwd
/kaggle/working/site-packages/onmt/modules/sru.py:395: FutureWarning: `torch.cuda.amp.custom_fwd(args...)` is deprecated. Please use `torch.amp.custom_fwd(args..., device_type='cuda')` instead.
  @custom_fwd
/kaggle/working/site-packages/onmt/modules/sru.py:444: FutureWarning: `torch.cuda.amp.custom_bwd(args...)` is deprecated. Please use `torch.amp.custom_bwd(args..., device_type='cuda')` instead.
  @custom_bwd
/kaggle/working/site-packages/onmt/modules/sparse_losses.py:10: FutureWarning: `torch.cuda.amp.custom_fwd(args...)` is deprecated. Please use `torch.amp.custom_fwd(args..., device_type='cuda')` instead.
  @custom_fwd
/kaggle/working/site-packages/onmt/modules/sparse_losses.py:31: FutureWarning: `torch.cuda.amp.custom_bwd(args...)` is deprecated. Please use `torch.amp.custom_bwd(args..., device_type='cuda')` instead.
  @custom_bwd
[2026-09-23 21:03:55,381 INFO] valid stats calculation
                           took: 18.11997127532959 s.
[2026-09-23 21:03:55,381 INFO] Train perplexity: 1.32961
[2026-09-23 21:03:55,381 INFO] Train accuracy: 95.4797
[2026-09-23 21:03:55,381 INFO] Sentences processed: 1.58185e+08
[2026-09-23 21:03:55,381 INFO] Average bsz: 41408/36474/5273
[2026-09-23 21:03:55,381 INFO] Validation perplexity: 1.62206
[2026-09-23 21:03:55,381 INFO] Validation accuracy: 95.1813
[2026-09-23 21:03:55,383 INFO] Saving checkpoint /kaggle/working/checkpoints/base_v3_production/reparos_base_v3_production_step_30000.pt
[2026-09-23 21:03:58,638 INFO] * Transform statistics for corpus_1(12.50%):
			* SubwordStats: 5619213 -> 7210973 tokens

[2026-09-23 21:03:58,638 INFO] Weighted corpora loaded so far:
			* corpus_1: 43
[2026-09-23 21:04:12,762 INFO] * Transform statistics for corpus_1(12.50%):
			* SubwordStats: 5627543 -> 7218346 tokens

[2026-09-23 21:04:12,762 INFO] Weighted corpora loaded so far:
			* corpus_1: 43
[2026-09-23 21:04:13,928 INFO] * Transform statistics for corpus_1(12.50%):
			* SubwordStats: 5625062 -> 7218050 tokens

[2026-09-23 21:04:13,928 INFO] Weighted corpora loaded so far:
			* corpus_1: 43
[2026-09-23 21:04:17,954 INFO] * Transform statistics for corpus_1(12.50%):
			* SubwordStats: 5621152 -> 7214357 tokens

[2026-09-23 21:04:17,954 INFO] Weighted corpora loaded so far:
			* corpus_1: 43
[2026-09-23 21:04:19,400 INFO] * Transform statistics for corpus_1(12.50%):
			* SubwordStats: 5632994 -> 7232286 tokens

[2026-09-23 21:04:19,400 INFO] Weighted corpora loaded so far:
			* corpus_1: 43
[2026-09-23 21:04:19,685 INFO] * Transform statistics for corpus_1(12.50%):
			* SubwordStats: 5632508 -> 7229125 tokens

[2026-09-23 21:04:19,686 INFO] Weighted corpora loaded so far:
			* corpus_1: 43
[2026-09-23 21:04:23,626 INFO] * Transform statistics for corpus_1(12.50%):
			* SubwordStats: 5629182 -> 7220213 tokens

[2026-09-23 21:04:23,627 INFO] Weighted corpora loaded so far:
			* corpus_1: 43
[2026-09-23 21:04:32,464 INFO] * Transform statistics for corpus_1(12.50%):
			* SubwordStats: 5624278 -> 7214276 tokens

[2026-09-23 21:04:32,464 INFO] Weighted corpora loaded so far:
			* corpus_1: 43
[2026-09-23 21:05:03,493 INFO] * Transform statistics for corpus_1(12.50%):
			* SubwordStats: 5621431 -> 7213743 tokens

[2026-09-23 21:05:03,494 INFO] Weighted corpora loaded so far:
			* corpus_1: 44
[2026-09-23 21:05:38,991 INFO] * Transform statistics for corpus_1(12.50%):
			* SubwordStats: 5626081 -> 7216358 tokens

[2026-09-23 21:05:38,991 INFO] Weighted corpora loaded so far:
			* corpus_1: 44
[2026-09-23 21:05:47,070 INFO] * Transform statistics for corpus_1(12.50%):
			* SubwordStats: 5627469 -> 7221738 tokens

[2026-09-23 21:05:47,070 INFO] Weighted corpora loaded so far:
			* corpus_1: 44
[2026-09-23 21:05:54,247 INFO] * Transform statistics for corpus_1(12.50%):
			* SubwordStats: 5631492 -> 7230907 tokens

[2026-09-23 21:05:54,247 INFO] Weighted corpora loaded so far:
			* corpus_1: 44
[2026-09-23 21:05:57,841 INFO] * Transform statistics for corpus_1(12.50%):
			* SubwordStats: 5622367 -> 7215749 tokens

[2026-09-23 21:05:57,841 INFO] Weighted corpora loaded so far:
			* corpus_1: 44
[2026-09-23 21:06:09,320 INFO] * Transform statistics for corpus_1(12.50%):
			* SubwordStats: 5631733 -> 7222456 tokens

[2026-09-23 21:06:09,320 INFO] Weighted corpora loaded so far:
			* corpus_1: 44
[2026-09-23 21:06:09,448 INFO] * Transform statistics for corpus_1(12.50%):
			* SubwordStats: 5632107 -> 7228839 tokens

[2026-09-23 21:06:09,449 INFO] Weighted corpora loaded so far:
			* corpus_1: 44
[2026-09-23 21:06:14,773 INFO] * Transform statistics for corpus_1(12.50%):
			* SubwordStats: 5623614 -> 7214142 tokens

[2026-09-23 21:06:14,773 INFO] Weighted corpora loaded so far:
			* corpus_1: 44
[2026-09-23 21:06:22,158 INFO] * Transform statistics for corpus_1(12.50%):
			* SubwordStats: 4218187 -> 5411634 tokens

[2026-09-23 21:06:22,158 INFO] Weighted corpora loaded so far:
			* corpus_1: 45
[2026-09-23 21:06:58,005 INFO] * Transform statistics for corpus_1(12.50%):
			* SubwordStats: 4221684 -> 5416107 tokens

[2026-09-23 21:06:58,005 INFO] Weighted corpora loaded so far:
			* corpus_1: 45
[2026-09-23 21:07:00,281 INFO] * Transform statistics for corpus_1(12.50%):
			* SubwordStats: 4218536 -> 5414494 tokens

[2026-09-23 21:07:00,282 INFO] Weighted corpora loaded so far:
			* corpus_1: 45
[2026-09-23 21:07:01,642 INFO] * Transform statistics for corpus_1(12.50%):
			* SubwordStats: 4222301 -> 5420534 tokens

[2026-09-23 21:07:01,642 INFO] Weighted corpora loaded so far:
			* corpus_1: 45
[2026-09-23 21:07:08,120 INFO] * Transform statistics for corpus_1(12.50%):
			* SubwordStats: 4218456 -> 5413481 tokens

[2026-09-23 21:07:08,120 INFO] Weighted corpora loaded so far:
			* corpus_1: 45
[2026-09-23 21:07:16,712 INFO] * Transform statistics for corpus_1(12.50%):
			* SubwordStats: 4222063 -> 5415474 tokens

[2026-09-23 21:07:16,712 INFO] Weighted corpora loaded so far:
			* corpus_1: 45
[2026-09-23 21:07:16,864 INFO] * Transform statistics for corpus_1(12.50%):
			* SubwordStats: 4222697 -> 5419552 tokens

[2026-09-23 21:07:16,865 INFO] Weighted corpora loaded so far:
			* corpus_1: 45
[2026-09-23 21:07:18,673 INFO] * Transform statistics for corpus_1(12.50%):
			* SubwordStats: 4217921 -> 5410394 tokens

[2026-09-23 21:07:18,673 INFO] Weighted corpora loaded so far:
			* corpus_1: 45
[2026-09-23 21:07:41,567 INFO] Step 32000/50000; acc: 99.2; ppl:   1.0; xent: 0.0; lr: 0.00049; sents: 10543433; bsz: 41541/36557/5272; 340070/299272 tok/s;   2693 sec;
/kaggle/working/site-packages/onmt/modules/sparse_activations.py:46: FutureWarning: `torch.cuda.amp.custom_fwd(args...)` is deprecated. Please use `torch.amp.custom_fwd(args..., device_type='cuda')` instead.
  @custom_fwd
/kaggle/working/site-packages/onmt/modules/sparse_activations.py:66: FutureWarning: `torch.cuda.amp.custom_bwd(args...)` is deprecated. Please use `torch.amp.custom_bwd(args..., device_type='cuda')` instead.
  @custom_bwd
/kaggle/working/site-packages/onmt/modules/sru.py:395: FutureWarning: `torch.cuda.amp.custom_fwd(args...)` is deprecated. Please use `torch.amp.custom_fwd(args..., device_type='cuda')` instead.
  @custom_fwd
/kaggle/working/site-packages/onmt/modules/sru.py:444: FutureWarning: `torch.cuda.amp.custom_bwd(args...)` is deprecated. Please use `torch.amp.custom_bwd(args..., device_type='cuda')` instead.
  @custom_bwd
/kaggle/working/site-packages/onmt/modules/sparse_losses.py:10: FutureWarning: `torch.cuda.amp.custom_fwd(args...)` is deprecated. Please use `torch.amp.custom_fwd(args..., device_type='cuda')` instead.
  @custom_fwd
/kaggle/working/site-packages/onmt/modules/sparse_losses.py:31: FutureWarning: `torch.cuda.amp.custom_bwd(args...)` is deprecated. Please use `torch.amp.custom_bwd(args..., device_type='cuda')` instead.
  @custom_bwd
/kaggle/working/site-packages/onmt/modules/sparse_activations.py:46: FutureWarning: `torch.cuda.amp.custom_fwd(args...)` is deprecated. Please use `torch.amp.custom_fwd(args..., device_type='cuda')` instead.
  @custom_fwd
/kaggle/working/site-packages/onmt/modules/sparse_activations.py:66: FutureWarning: `torch.cuda.amp.custom_bwd(args...)` is deprecated. Please use `torch.amp.custom_bwd(args..., device_type='cuda')` instead.
  @custom_bwd
/kaggle/working/site-packages/onmt/modules/sru.py:395: FutureWarning: `torch.cuda.amp.custom_fwd(args...)` is deprecated. Please use `torch.amp.custom_fwd(args..., device_type='cuda')` instead.
  @custom_fwd
/kaggle/working/site-packages/onmt/modules/sru.py:444: FutureWarning: `torch.cuda.amp.custom_bwd(args...)` is deprecated. Please use `torch.amp.custom_bwd(args..., device_type='cuda')` instead.
  @custom_bwd
/kaggle/working/site-packages/onmt/modules/sparse_losses.py:10: FutureWarning: `torch.cuda.amp.custom_fwd(args...)` is deprecated. Please use `torch.amp.custom_fwd(args..., device_type='cuda')` instead.
  @custom_fwd
/kaggle/working/site-packages/onmt/modules/sparse_losses.py:31: FutureWarning: `torch.cuda.amp.custom_bwd(args...)` is deprecated. Please use `torch.amp.custom_bwd(args..., device_type='cuda')` instead.
  @custom_bwd
/kaggle/working/site-packages/onmt/modules/sparse_activations.py:46: FutureWarning: `torch.cuda.amp.custom_fwd(args...)` is deprecated. Please use `torch.amp.custom_fwd(args..., device_type='cuda')` instead.
  @custom_fwd
/kaggle/working/site-packages/onmt/modules/sparse_activations.py:66: FutureWarning: `torch.cuda.amp.custom_bwd(args...)` is deprecated. Please use `torch.amp.custom_bwd(args..., device_type='cuda')` instead.
  @custom_bwd
/kaggle/working/site-packages/onmt/modules/sru.py:395: FutureWarning: `torch.cuda.amp.custom_fwd(args...)` is deprecated. Please use `torch.amp.custom_fwd(args..., device_type='cuda')` instead.
  @custom_fwd
/kaggle/working/site-packages/onmt/modules/sru.py:444: FutureWarning: `torch.cuda.amp.custom_bwd(args...)` is deprecated. Please use `torch.amp.custom_bwd(args..., device_type='cuda')` instead.
  @custom_bwd
/kaggle/working/site-packages/onmt/modules/sparse_losses.py:10: FutureWarning: `torch.cuda.amp.custom_fwd(args...)` is deprecated. Please use `torch.amp.custom_fwd(args..., device_type='cuda')` instead.
  @custom_fwd
/kaggle/working/site-packages/onmt/modules/sparse_losses.py:31: FutureWarning: `torch.cuda.amp.custom_bwd(args...)` is deprecated. Please use `torch.amp.custom_bwd(args..., device_type='cuda')` instead.
  @custom_bwd
/kaggle/working/site-packages/onmt/modules/sparse_activations.py:46: FutureWarning: `torch.cuda.amp.custom_fwd(args...)` is deprecated. Please use `torch.amp.custom_fwd(args..., device_type='cuda')` instead.
  @custom_fwd
/kaggle/working/site-packages/onmt/modules/sparse_activations.py:66: FutureWarning: `torch.cuda.amp.custom_bwd(args...)` is deprecated. Please use `torch.amp.custom_bwd(args..., device_type='cuda')` instead.
  @custom_bwd
/kaggle/working/site-packages/onmt/modules/sru.py:395: FutureWarning: `torch.cuda.amp.custom_fwd(args...)` is deprecated. Please use `torch.amp.custom_fwd(args..., device_type='cuda')` instead.
  @custom_fwd
/kaggle/working/site-packages/onmt/modules/sru.py:444: FutureWarning: `torch.cuda.amp.custom_bwd(args...)` is deprecated. Please use `torch.amp.custom_bwd(args..., device_type='cuda')` instead.
  @custom_bwd
/kaggle/working/site-packages/onmt/modules/sparse_losses.py:10: FutureWarning: `torch.cuda.amp.custom_fwd(args...)` is deprecated. Please use `torch.amp.custom_fwd(args..., device_type='cuda')` instead.
  @custom_fwd
/kaggle/working/site-packages/onmt/modules/sparse_losses.py:31: FutureWarning: `torch.cuda.amp.custom_bwd(args...)` is deprecated. Please use `torch.amp.custom_bwd(args..., device_type='cuda')` instead.
  @custom_bwd
/kaggle/working/site-packages/onmt/modules/sparse_activations.py:46: FutureWarning: `torch.cuda.amp.custom_fwd(args...)` is deprecated. Please use `torch.amp.custom_fwd(args..., device_type='cuda')` instead.
  @custom_fwd
/kaggle/working/site-packages/onmt/modules/sparse_activations.py:66: FutureWarning: `torch.cuda.amp.custom_bwd(args...)` is deprecated. Please use `torch.amp.custom_bwd(args..., device_type='cuda')` instead.
  @custom_bwd
/kaggle/working/site-packages/onmt/modules/sru.py:395: FutureWarning: `torch.cuda.amp.custom_fwd(args...)` is deprecated. Please use `torch.amp.custom_fwd(args..., device_type='cuda')` instead.
  @custom_fwd
/kaggle/working/site-packages/onmt/modules/sru.py:444: FutureWarning: `torch.cuda.amp.custom_bwd(args...)` is deprecated. Please use `torch.amp.custom_bwd(args..., device_type='cuda')` instead.
  @custom_bwd
/kaggle/working/site-packages/onmt/modules/sparse_losses.py:10: FutureWarning: `torch.cuda.amp.custom_fwd(args...)` is deprecated. Please use `torch.amp.custom_fwd(args..., device_type='cuda')` instead.
  @custom_fwd
/kaggle/working/site-packages/onmt/modules/sparse_losses.py:31: FutureWarning: `torch.cuda.amp.custom_bwd(args...)` is deprecated. Please use `torch.amp.custom_bwd(args..., device_type='cuda')` instead.
  @custom_bwd
/kaggle/working/site-packages/onmt/modules/sparse_activations.py:46: FutureWarning: `torch.cuda.amp.custom_fwd(args...)` is deprecated. Please use `torch.amp.custom_fwd(args..., device_type='cuda')` instead.
  @custom_fwd
/kaggle/working/site-packages/onmt/modules/sparse_activations.py:66: FutureWarning: `torch.cuda.amp.custom_bwd(args...)` is deprecated. Please use `torch.amp.custom_bwd(args..., device_type='cuda')` instead.
  @custom_bwd
/kaggle/working/site-packages/onmt/modules/sru.py:395: FutureWarning: `torch.cuda.amp.custom_fwd(args...)` is deprecated. Please use `torch.amp.custom_fwd(args..., device_type='cuda')` instead.
  @custom_fwd
/kaggle/working/site-packages/onmt/modules/sru.py:444: FutureWarning: `torch.cuda.amp.custom_bwd(args...)` is deprecated. Please use `torch.amp.custom_bwd(args..., device_type='cuda')` instead.
  @custom_bwd
/kaggle/working/site-packages/onmt/modules/sparse_losses.py:10: FutureWarning: `torch.cuda.amp.custom_fwd(args...)` is deprecated. Please use `torch.amp.custom_fwd(args..., device_type='cuda')` instead.
  @custom_fwd
/kaggle/working/site-packages/onmt/modules/sparse_losses.py:31: FutureWarning: `torch.cuda.amp.custom_bwd(args...)` is deprecated. Please use `torch.amp.custom_bwd(args..., device_type='cuda')` instead.
  @custom_bwd
/kaggle/working/site-packages/onmt/modules/sparse_activations.py:46: FutureWarning: `torch.cuda.amp.custom_fwd(args...)` is deprecated. Please use `torch.amp.custom_fwd(args..., device_type='cuda')` instead.
  @custom_fwd
/kaggle/working/site-packages/onmt/modules/sparse_activations.py:66: FutureWarning: `torch.cuda.amp.custom_bwd(args...)` is deprecated. Please use `torch.amp.custom_bwd(args..., device_type='cuda')` instead.
  @custom_bwd
/kaggle/working/site-packages/onmt/modules/sru.py:395: FutureWarning: `torch.cuda.amp.custom_fwd(args...)` is deprecated. Please use `torch.amp.custom_fwd(args..., device_type='cuda')` instead.
  @custom_fwd
/kaggle/working/site-packages/onmt/modules/sru.py:444: FutureWarning: `torch.cuda.amp.custom_bwd(args...)` is deprecated. Please use `torch.amp.custom_bwd(args..., device_type='cuda')` instead.
  @custom_bwd
/kaggle/working/site-packages/onmt/modules/sparse_losses.py:10: FutureWarning: `torch.cuda.amp.custom_fwd(args...)` is deprecated. Please use `torch.amp.custom_fwd(args..., device_type='cuda')` instead.
  @custom_fwd
/kaggle/working/site-packages/onmt/modules/sparse_losses.py:31: FutureWarning: `torch.cuda.amp.custom_bwd(args...)` is deprecated. Please use `torch.amp.custom_bwd(args..., device_type='cuda')` instead.
  @custom_bwd
/kaggle/working/site-packages/onmt/modules/sparse_activations.py:46: FutureWarning: `torch.cuda.amp.custom_fwd(args...)` is deprecated. Please use `torch.amp.custom_fwd(args..., device_type='cuda')` instead.
  @custom_fwd
/kaggle/working/site-packages/onmt/modules/sparse_activations.py:66: FutureWarning: `torch.cuda.amp.custom_bwd(args...)` is deprecated. Please use `torch.amp.custom_bwd(args..., device_type='cuda')` instead.
  @custom_bwd
/kaggle/working/site-packages/onmt/modules/sru.py:395: FutureWarning: `torch.cuda.amp.custom_fwd(args...)` is deprecated. Please use `torch.amp.custom_fwd(args..., device_type='cuda')` instead.
  @custom_fwd
/kaggle/working/site-packages/onmt/modules/sru.py:444: FutureWarning: `torch.cuda.amp.custom_bwd(args...)` is deprecated. Please use `torch.amp.custom_bwd(args..., device_type='cuda')` instead.
  @custom_bwd
/kaggle/working/site-packages/onmt/modules/sparse_losses.py:10: FutureWarning: `torch.cuda.amp.custom_fwd(args...)` is deprecated. Please use `torch.amp.custom_fwd(args..., device_type='cuda')` instead.
  @custom_fwd
/kaggle/working/site-packages/onmt/modules/sparse_losses.py:31: FutureWarning: `torch.cuda.amp.custom_bwd(args...)` is deprecated. Please use `torch.amp.custom_bwd(args..., device_type='cuda')` instead.
  @custom_bwd
[2026-09-23 21:07:59,308 INFO] valid stats calculation
                           took: 17.739924907684326 s.
[2026-09-23 21:07:59,308 INFO] Train perplexity: 1.30847
[2026-09-23 21:07:59,308 INFO] Train accuracy: 95.7105
[2026-09-23 21:07:59,308 INFO] Sentences processed: 1.68729e+08
[2026-09-23 21:07:59,308 INFO] Average bsz: 41416/36479/5273
[2026-09-23 21:07:59,308 INFO] Validation perplexity: 1.63971
[2026-09-23 21:07:59,308 INFO] Validation accuracy: 95.1026
[2026-09-23 21:08:00,274 INFO] * Transform statistics for corpus_1(12.50%):
			* SubwordStats: 5620303 -> 7211393 tokens

[2026-09-23 21:08:00,274 INFO] Weighted corpora loaded so far:
			* corpus_1: 46
[2026-09-23 21:08:17,907 INFO] * Transform statistics for corpus_1(12.50%):
			* SubwordStats: 5627567 -> 7218198 tokens

[2026-09-23 21:08:17,907 INFO] Weighted corpora loaded so far:
			* corpus_1: 46
[2026-09-23 21:08:20,226 INFO] * Transform statistics for corpus_1(12.50%):
			* SubwordStats: 5626707 -> 7219780 tokens

[2026-09-23 21:08:20,227 INFO] Weighted corpora loaded so far:
			* corpus_1: 46
[2026-09-23 21:08:23,741 INFO] * Transform statistics for corpus_1(12.50%):
			* SubwordStats: 5630354 -> 7230000 tokens

[2026-09-23 21:08:23,741 INFO] Weighted corpora loaded so far:
			* corpus_1: 46
[2026-09-23 21:08:27,258 INFO] * Transform statistics for corpus_1(12.50%):
			* SubwordStats: 5621000 -> 7213762 tokens

[2026-09-23 21:08:27,259 INFO] Weighted corpora loaded so far:
			* corpus_1: 46
[2026-09-23 21:08:31,002 INFO] * Transform statistics for corpus_1(12.50%):
			* SubwordStats: 5632637 -> 7228584 tokens

[2026-09-23 21:08:31,002 INFO] Weighted corpora loaded so far:
			* corpus_1: 46
[2026-09-23 21:08:31,448 INFO] * Transform statistics for corpus_1(12.50%):
			* SubwordStats: 5631422 -> 7223664 tokens

[2026-09-23 21:08:31,448 INFO] Weighted corpora loaded so far:
			* corpus_1: 46
[2026-09-23 21:08:34,312 INFO] * Transform statistics for corpus_1(12.50%):
			* SubwordStats: 5624643 -> 7215533 tokens

[2026-09-23 21:08:34,312 INFO] Weighted corpora loaded so far:
			* corpus_1: 46
[2026-09-23 21:08:44,891 INFO] * Transform statistics for corpus_1(12.50%):
			* SubwordStats: 5619280 -> 7210230 tokens

[2026-09-23 21:08:44,892 INFO] Weighted corpora loaded so far:
			* corpus_1: 47
[2026-09-23 21:09:02,017 INFO] * Transform statistics for corpus_1(12.50%):
			* SubwordStats: 5627093 -> 7220967 tokens

[2026-09-23 21:09:02,017 INFO] Weighted corpora loaded so far:
			* corpus_1: 47
[2026-09-23 21:09:02,592 INFO] * Transform statistics for corpus_1(12.50%):
			* SubwordStats: 5626958 -> 7217030 tokens

[2026-09-23 21:09:02,592 INFO] Weighted corpora loaded so far:
			* corpus_1: 47
[2026-09-23 21:09:08,059 INFO] * Transform statistics for corpus_1(12.50%):
			* SubwordStats: 5630982 -> 7229312 tokens

[2026-09-23 21:09:08,059 INFO] Weighted corpora loaded so far:
			* corpus_1: 47
[2026-09-23 21:09:11,311 INFO] * Transform statistics for corpus_1(12.50%):
			* SubwordStats: 5620504 -> 7213402 tokens

[2026-09-23 21:09:11,311 INFO] Weighted corpora loaded so far:
			* corpus_1: 47
[2026-09-23 21:09:15,805 INFO] * Transform statistics for corpus_1(12.50%):
			* SubwordStats: 5631049 -> 7222969 tokens

[2026-09-23 21:09:15,806 INFO] Weighted corpora loaded so far:
			* corpus_1: 47
[2026-09-23 21:09:15,948 INFO] * Transform statistics for corpus_1(12.50%):
			* SubwordStats: 5631993 -> 7229517 tokens

[2026-09-23 21:09:15,948 INFO] Weighted corpora loaded so far:
			* corpus_1: 47
[2026-09-23 21:09:17,879 INFO] * Transform statistics for corpus_1(12.50%):
			* SubwordStats: 5624365 -> 7213764 tokens

[2026-09-23 21:09:17,879 INFO] Weighted corpora loaded so far:
			* corpus_1: 47
[2026-09-23 21:09:29,859 INFO] * Transform statistics for corpus_1(12.50%):
			* SubwordStats: 5619093 -> 7210355 tokens

[2026-09-23 21:09:29,860 INFO] Weighted corpora loaded so far:
			* corpus_1: 48
[2026-09-23 21:09:53,626 INFO] * Transform statistics for corpus_1(12.50%):
			* SubwordStats: 5626676 -> 7217337 tokens

[2026-09-23 21:09:53,626 INFO] Weighted corpora loaded so far:
			* corpus_1: 48
[2026-09-23 21:09:54,677 INFO] * Transform statistics for corpus_1(12.50%):
			* SubwordStats: 5625234 -> 7217581 tokens

[2026-09-23 21:09:54,677 INFO] Weighted corpora loaded so far:
			* corpus_1: 48
[2026-09-23 21:09:56,511 INFO] Step 34000/50000; acc: 99.2; ppl:   1.0; xent: 0.0; lr: 0.00048; sents: 10546398; bsz: 41353/36436/5273; 612892/540020 tok/s;   2828 sec;
[2026-09-23 21:09:57,161 INFO] * Transform statistics for corpus_1(12.50%):
			* SubwordStats: 5633343 -> 7232434 tokens

[2026-09-23 21:09:57,162 INFO] Weighted corpora loaded so far:
			* corpus_1: 48
/kaggle/working/site-packages/onmt/modules/sparse_activations.py:46: FutureWarning: `torch.cuda.amp.custom_fwd(args...)` is deprecated. Please use `torch.amp.custom_fwd(args..., device_type='cuda')` instead.
  @custom_fwd
/kaggle/working/site-packages/onmt/modules/sparse_activations.py:66: FutureWarning: `torch.cuda.amp.custom_bwd(args...)` is deprecated. Please use `torch.amp.custom_bwd(args..., device_type='cuda')` instead.
  @custom_bwd
/kaggle/working/site-packages/onmt/modules/sru.py:395: FutureWarning: `torch.cuda.amp.custom_fwd(args...)` is deprecated. Please use `torch.amp.custom_fwd(args..., device_type='cuda')` instead.
  @custom_fwd
/kaggle/working/site-packages/onmt/modules/sru.py:444: FutureWarning: `torch.cuda.amp.custom_bwd(args...)` is deprecated. Please use `torch.amp.custom_bwd(args..., device_type='cuda')` instead.
  @custom_bwd
/kaggle/working/site-packages/onmt/modules/sparse_losses.py:10: FutureWarning: `torch.cuda.amp.custom_fwd(args...)` is deprecated. Please use `torch.amp.custom_fwd(args..., device_type='cuda')` instead.
  @custom_fwd
/kaggle/working/site-packages/onmt/modules/sparse_losses.py:31: FutureWarning: `torch.cuda.amp.custom_bwd(args...)` is deprecated. Please use `torch.amp.custom_bwd(args..., device_type='cuda')` instead.
  @custom_bwd
/kaggle/working/site-packages/onmt/modules/sparse_activations.py:46: FutureWarning: `torch.cuda.amp.custom_fwd(args...)` is deprecated. Please use `torch.amp.custom_fwd(args..., device_type='cuda')` instead.
  @custom_fwd
/kaggle/working/site-packages/onmt/modules/sparse_activations.py:66: FutureWarning: `torch.cuda.amp.custom_bwd(args...)` is deprecated. Please use `torch.amp.custom_bwd(args..., device_type='cuda')` instead.
  @custom_bwd
/kaggle/working/site-packages/onmt/modules/sru.py:395: FutureWarning: `torch.cuda.amp.custom_fwd(args...)` is deprecated. Please use `torch.amp.custom_fwd(args..., device_type='cuda')` instead.
  @custom_fwd
/kaggle/working/site-packages/onmt/modules/sru.py:444: FutureWarning: `torch.cuda.amp.custom_bwd(args...)` is deprecated. Please use `torch.amp.custom_bwd(args..., device_type='cuda')` instead.
  @custom_bwd
/kaggle/working/site-packages/onmt/modules/sparse_losses.py:10: FutureWarning: `torch.cuda.amp.custom_fwd(args...)` is deprecated. Please use `torch.amp.custom_fwd(args..., device_type='cuda')` instead.
  @custom_fwd
/kaggle/working/site-packages/onmt/modules/sparse_losses.py:31: FutureWarning: `torch.cuda.amp.custom_bwd(args...)` is deprecated. Please use `torch.amp.custom_bwd(args..., device_type='cuda')` instead.
  @custom_bwd
/kaggle/working/site-packages/onmt/modules/sparse_activations.py:46: FutureWarning: `torch.cuda.amp.custom_fwd(args...)` is deprecated. Please use `torch.amp.custom_fwd(args..., device_type='cuda')` instead.
  @custom_fwd
/kaggle/working/site-packages/onmt/modules/sparse_activations.py:66: FutureWarning: `torch.cuda.amp.custom_bwd(args...)` is deprecated. Please use `torch.amp.custom_bwd(args..., device_type='cuda')` instead.
  @custom_bwd
/kaggle/working/site-packages/onmt/modules/sru.py:395: FutureWarning: `torch.cuda.amp.custom_fwd(args...)` is deprecated. Please use `torch.amp.custom_fwd(args..., device_type='cuda')` instead.
  @custom_fwd
/kaggle/working/site-packages/onmt/modules/sru.py:444: FutureWarning: `torch.cuda.amp.custom_bwd(args...)` is deprecated. Please use `torch.amp.custom_bwd(args..., device_type='cuda')` instead.
  @custom_bwd
/kaggle/working/site-packages/onmt/modules/sparse_losses.py:10: FutureWarning: `torch.cuda.amp.custom_fwd(args...)` is deprecated. Please use `torch.amp.custom_fwd(args..., device_type='cuda')` instead.
  @custom_fwd
/kaggle/working/site-packages/onmt/modules/sparse_losses.py:31: FutureWarning: `torch.cuda.amp.custom_bwd(args...)` is deprecated. Please use `torch.amp.custom_bwd(args..., device_type='cuda')` instead.
  @custom_bwd
/kaggle/working/site-packages/onmt/modules/sparse_activations.py:46: FutureWarning: `torch.cuda.amp.custom_fwd(args...)` is deprecated. Please use `torch.amp.custom_fwd(args..., device_type='cuda')` instead.
  @custom_fwd
/kaggle/working/site-packages/onmt/modules/sparse_activations.py:66: FutureWarning: `torch.cuda.amp.custom_bwd(args...)` is deprecated. Please use `torch.amp.custom_bwd(args..., device_type='cuda')` instead.
  @custom_bwd
/kaggle/working/site-packages/onmt/modules/sru.py:395: FutureWarning: `torch.cuda.amp.custom_fwd(args...)` is deprecated. Please use `torch.amp.custom_fwd(args..., device_type='cuda')` instead.
  @custom_fwd
/kaggle/working/site-packages/onmt/modules/sru.py:444: FutureWarning: `torch.cuda.amp.custom_bwd(args...)` is deprecated. Please use `torch.amp.custom_bwd(args..., device_type='cuda')` instead.
  @custom_bwd
/kaggle/working/site-packages/onmt/modules/sparse_losses.py:10: FutureWarning: `torch.cuda.amp.custom_fwd(args...)` is deprecated. Please use `torch.amp.custom_fwd(args..., device_type='cuda')` instead.
  @custom_fwd
/kaggle/working/site-packages/onmt/modules/sparse_losses.py:31: FutureWarning: `torch.cuda.amp.custom_bwd(args...)` is deprecated. Please use `torch.amp.custom_bwd(args..., device_type='cuda')` instead.
  @custom_bwd
/kaggle/working/site-packages/onmt/modules/sparse_activations.py:46: FutureWarning: `torch.cuda.amp.custom_fwd(args...)` is deprecated. Please use `torch.amp.custom_fwd(args..., device_type='cuda')` instead.
  @custom_fwd
/kaggle/working/site-packages/onmt/modules/sparse_activations.py:66: FutureWarning: `torch.cuda.amp.custom_bwd(args...)` is deprecated. Please use `torch.amp.custom_bwd(args..., device_type='cuda')` instead.
  @custom_bwd
/kaggle/working/site-packages/onmt/modules/sru.py:395: FutureWarning: `torch.cuda.amp.custom_fwd(args...)` is deprecated. Please use `torch.amp.custom_fwd(args..., device_type='cuda')` instead.
  @custom_fwd
/kaggle/working/site-packages/onmt/modules/sru.py:444: FutureWarning: `torch.cuda.amp.custom_bwd(args...)` is deprecated. Please use `torch.amp.custom_bwd(args..., device_type='cuda')` instead.
  @custom_bwd
/kaggle/working/site-packages/onmt/modules/sparse_losses.py:10: FutureWarning: `torch.cuda.amp.custom_fwd(args...)` is deprecated. Please use `torch.amp.custom_fwd(args..., device_type='cuda')` instead.
  @custom_fwd
/kaggle/working/site-packages/onmt/modules/sparse_losses.py:31: FutureWarning: `torch.cuda.amp.custom_bwd(args...)` is deprecated. Please use `torch.amp.custom_bwd(args..., device_type='cuda')` instead.
  @custom_bwd
/kaggle/working/site-packages/onmt/modules/sparse_activations.py:46: FutureWarning: `torch.cuda.amp.custom_fwd(args...)` is deprecated. Please use `torch.amp.custom_fwd(args..., device_type='cuda')` instead.
  @custom_fwd
/kaggle/working/site-packages/onmt/modules/sparse_activations.py:66: FutureWarning: `torch.cuda.amp.custom_bwd(args...)` is deprecated. Please use `torch.amp.custom_bwd(args..., device_type='cuda')` instead.
  @custom_bwd
/kaggle/working/site-packages/onmt/modules/sru.py:395: FutureWarning: `torch.cuda.amp.custom_fwd(args...)` is deprecated. Please use `torch.amp.custom_fwd(args..., device_type='cuda')` instead.
  @custom_fwd
/kaggle/working/site-packages/onmt/modules/sru.py:444: FutureWarning: `torch.cuda.amp.custom_bwd(args...)` is deprecated. Please use `torch.amp.custom_bwd(args..., device_type='cuda')` instead.
  @custom_bwd
/kaggle/working/site-packages/onmt/modules/sparse_losses.py:10: FutureWarning: `torch.cuda.amp.custom_fwd(args...)` is deprecated. Please use `torch.amp.custom_fwd(args..., device_type='cuda')` instead.
  @custom_fwd
/kaggle/working/site-packages/onmt/modules/sparse_losses.py:31: FutureWarning: `torch.cuda.amp.custom_bwd(args...)` is deprecated. Please use `torch.amp.custom_bwd(args..., device_type='cuda')` instead.
  @custom_bwd
/kaggle/working/site-packages/onmt/modules/sparse_activations.py:46: FutureWarning: `torch.cuda.amp.custom_fwd(args...)` is deprecated. Please use `torch.amp.custom_fwd(args..., device_type='cuda')` instead.
  @custom_fwd
/kaggle/working/site-packages/onmt/modules/sparse_activations.py:66: FutureWarning: `torch.cuda.amp.custom_bwd(args...)` is deprecated. Please use `torch.amp.custom_bwd(args..., device_type='cuda')` instead.
  @custom_bwd
/kaggle/working/site-packages/onmt/modules/sru.py:395: FutureWarning: `torch.cuda.amp.custom_fwd(args...)` is deprecated. Please use `torch.amp.custom_fwd(args..., device_type='cuda')` instead.
  @custom_fwd
/kaggle/working/site-packages/onmt/modules/sru.py:444: FutureWarning: `torch.cuda.amp.custom_bwd(args...)` is deprecated. Please use `torch.amp.custom_bwd(args..., device_type='cuda')` instead.
  @custom_bwd
/kaggle/working/site-packages/onmt/modules/sparse_losses.py:10: FutureWarning: `torch.cuda.amp.custom_fwd(args...)` is deprecated. Please use `torch.amp.custom_fwd(args..., device_type='cuda')` instead.
  @custom_fwd
/kaggle/working/site-packages/onmt/modules/sparse_losses.py:31: FutureWarning: `torch.cuda.amp.custom_bwd(args...)` is deprecated. Please use `torch.amp.custom_bwd(args..., device_type='cuda')` instead.
  @custom_bwd
/kaggle/working/site-packages/onmt/modules/sparse_activations.py:46: FutureWarning: `torch.cuda.amp.custom_fwd(args...)` is deprecated. Please use `torch.amp.custom_fwd(args..., device_type='cuda')` instead.
  @custom_fwd
/kaggle/working/site-packages/onmt/modules/sparse_activations.py:66: FutureWarning: `torch.cuda.amp.custom_bwd(args...)` is deprecated. Please use `torch.amp.custom_bwd(args..., device_type='cuda')` instead.
  @custom_bwd
/kaggle/working/site-packages/onmt/modules/sru.py:395: FutureWarning: `torch.cuda.amp.custom_fwd(args...)` is deprecated. Please use `torch.amp.custom_fwd(args..., device_type='cuda')` instead.
  @custom_fwd
/kaggle/working/site-packages/onmt/modules/sru.py:444: FutureWarning: `torch.cuda.amp.custom_bwd(args...)` is deprecated. Please use `torch.amp.custom_bwd(args..., device_type='cuda')` instead.
  @custom_bwd
/kaggle/working/site-packages/onmt/modules/sparse_losses.py:10: FutureWarning: `torch.cuda.amp.custom_fwd(args...)` is deprecated. Please use `torch.amp.custom_fwd(args..., device_type='cuda')` instead.
  @custom_fwd
/kaggle/working/site-packages/onmt/modules/sparse_losses.py:31: FutureWarning: `torch.cuda.amp.custom_bwd(args...)` is deprecated. Please use `torch.amp.custom_bwd(args..., device_type='cuda')` instead.
  @custom_bwd
[2026-09-23 21:10:18,327 INFO] valid stats calculation
                           took: 21.815682411193848 s.
[2026-09-23 21:10:18,327 INFO] Train perplexity: 1.2901
[2026-09-23 21:10:18,327 INFO] Train accuracy: 95.9148
[2026-09-23 21:10:18,327 INFO] Sentences processed: 1.79275e+08
[2026-09-23 21:10:18,327 INFO] Average bsz: 41412/36477/5273
[2026-09-23 21:10:18,327 INFO] Validation perplexity: 1.67549
[2026-09-23 21:10:18,327 INFO] Validation accuracy: 94.7382
[2026-09-23 21:10:20,881 INFO] * Transform statistics for corpus_1(12.50%):
			* SubwordStats: 5619996 -> 7213138 tokens

[2026-09-23 21:10:20,881 INFO] Weighted corpora loaded so far:
			* corpus_1: 48
[2026-09-23 21:10:25,395 INFO] * Transform statistics for corpus_1(12.50%):
			* SubwordStats: 5633474 -> 7230331 tokens

[2026-09-23 21:10:25,395 INFO] Weighted corpora loaded so far:
			* corpus_1: 48
[2026-09-23 21:10:26,485 INFO] * Transform statistics for corpus_1(12.50%):
			* SubwordStats: 5629974 -> 7221763 tokens

[2026-09-23 21:10:26,486 INFO] Weighted corpora loaded so far:
			* corpus_1: 48
[2026-09-23 21:10:30,095 INFO] * Transform statistics for corpus_1(12.50%):
			* SubwordStats: 5624469 -> 7215390 tokens

[2026-09-23 21:10:30,096 INFO] Weighted corpora loaded so far:
			* corpus_1: 48
[2026-09-23 21:10:35,925 INFO] * Transform statistics for corpus_1(12.50%):
			* SubwordStats: 5621198 -> 7213493 tokens

[2026-09-23 21:10:35,926 INFO] Weighted corpora loaded so far:
			* corpus_1: 49
[2026-09-23 21:10:55,909 INFO] * Transform statistics for corpus_1(12.50%):
			* SubwordStats: 5627539 -> 7218319 tokens

[2026-09-23 21:10:55,910 INFO] Weighted corpora loaded so far:
			* corpus_1: 49
[2026-09-23 21:10:58,351 INFO] * Transform statistics for corpus_1(12.50%):
			* SubwordStats: 5626372 -> 7220238 tokens

[2026-09-23 21:10:58,351 INFO] Weighted corpora loaded so far:
			* corpus_1: 49
[2026-09-23 21:11:00,409 INFO] * Transform statistics for corpus_1(12.50%):
			* SubwordStats: 5631022 -> 7231105 tokens

[2026-09-23 21:11:00,409 INFO] Weighted corpora loaded so far:
			* corpus_1: 49
[2026-09-23 21:11:01,081 INFO] Saving checkpoint /kaggle/working/checkpoints/base_v3_production/reparos_base_v3_production_step_35000.pt
[2026-09-23 21:11:06,478 INFO] * Transform statistics for corpus_1(12.50%):
			* SubwordStats: 5621659 -> 7215113 tokens

[2026-09-23 21:11:06,478 INFO] Weighted corpora loaded so far:
			* corpus_1: 49
[2026-09-23 21:11:09,505 INFO] * Transform statistics for corpus_1(12.50%):
			* SubwordStats: 5631803 -> 7229253 tokens

[2026-09-23 21:11:09,505 INFO] Weighted corpora loaded so far:
			* corpus_1: 49
[2026-09-23 21:11:10,933 INFO] * Transform statistics for corpus_1(12.50%):
			* SubwordStats: 4218405 -> 5412315 tokens

[2026-09-23 21:11:10,933 INFO] Weighted corpora loaded so far:
			* corpus_1: 50
[2026-09-23 21:11:11,392 INFO] * Transform statistics for corpus_1(12.50%):
			* SubwordStats: 5630806 -> 7221113 tokens

[2026-09-23 21:11:11,392 INFO] Weighted corpora loaded so far:
			* corpus_1: 49
[2026-09-23 21:11:14,476 INFO] * Transform statistics for corpus_1(12.50%):
			* SubwordStats: 5624268 -> 7213167 tokens

[2026-09-23 21:11:14,476 INFO] Weighted corpora loaded so far:
			* corpus_1: 49
[2026-09-23 21:11:32,606 INFO] * Transform statistics for corpus_1(12.50%):
			* SubwordStats: 4219320 -> 5413300 tokens

[2026-09-23 21:11:32,606 INFO] Weighted corpora loaded so far:
			* corpus_1: 50
[2026-09-23 21:11:33,364 INFO] * Transform statistics for corpus_1(12.50%):
			* SubwordStats: 4219571 -> 5416429 tokens

[2026-09-23 21:11:33,365 INFO] Weighted corpora loaded so far:
			* corpus_1: 50
[2026-09-23 21:11:36,445 INFO] * Transform statistics for corpus_1(12.50%):
			* SubwordStats: 4223200 -> 5421001 tokens

[2026-09-23 21:11:36,445 INFO] Weighted corpora loaded so far:
			* corpus_1: 50
[2026-09-23 21:11:42,865 INFO] * Transform statistics for corpus_1(12.50%):
			* SubwordStats: 4217705 -> 5412609 tokens

[2026-09-23 21:11:42,865 INFO] Weighted corpora loaded so far:
			* corpus_1: 50
[2026-09-23 21:11:46,151 INFO] * Transform statistics for corpus_1(12.50%):
			* SubwordStats: 4222351 -> 5418805 tokens

[2026-09-23 21:11:46,151 INFO] Weighted corpora loaded so far:
			* corpus_1: 50
[2026-09-23 21:11:46,853 INFO] * Transform statistics for corpus_1(12.50%):
			* SubwordStats: 4222901 -> 5416177 tokens

[2026-09-23 21:11:46,853 INFO] Weighted corpora loaded so far:
			* corpus_1: 50
[2026-09-23 21:11:49,959 INFO] * Transform statistics for corpus_1(12.50%):
			* SubwordStats: 4217183 -> 5410256 tokens

[2026-09-23 21:11:49,960 INFO] Weighted corpora loaded so far:
			* corpus_1: 50
[2026-09-23 21:11:54,735 INFO] * Transform statistics for corpus_1(12.50%):
			* SubwordStats: 5619173 -> 7209927 tokens

[2026-09-23 21:11:54,736 INFO] Weighted corpora loaded so far:
			* corpus_1: 51
[2026-09-23 21:12:20,195 INFO] Step 36000/50000; acc: 99.2; ppl:   1.0; xent: 0.0; lr: 0.00047; sents: 10559254; bsz: 41345/36446/5280; 575494/507308 tok/s;   2971 sec;
/kaggle/working/site-packages/onmt/modules/sparse_activations.py:46: FutureWarning: `torch.cuda.amp.custom_fwd(args...)` is deprecated. Please use `torch.amp.custom_fwd(args..., device_type='cuda')` instead.
  @custom_fwd
/kaggle/working/site-packages/onmt/modules/sparse_activations.py:66: FutureWarning: `torch.cuda.amp.custom_bwd(args...)` is deprecated. Please use `torch.amp.custom_bwd(args..., device_type='cuda')` instead.
  @custom_bwd
/kaggle/working/site-packages/onmt/modules/sru.py:395: FutureWarning: `torch.cuda.amp.custom_fwd(args...)` is deprecated. Please use `torch.amp.custom_fwd(args..., device_type='cuda')` instead.
  @custom_fwd
/kaggle/working/site-packages/onmt/modules/sru.py:444: FutureWarning: `torch.cuda.amp.custom_bwd(args...)` is deprecated. Please use `torch.amp.custom_bwd(args..., device_type='cuda')` instead.
  @custom_bwd
/kaggle/working/site-packages/onmt/modules/sparse_losses.py:10: FutureWarning: `torch.cuda.amp.custom_fwd(args...)` is deprecated. Please use `torch.amp.custom_fwd(args..., device_type='cuda')` instead.
  @custom_fwd
/kaggle/working/site-packages/onmt/modules/sparse_losses.py:31: FutureWarning: `torch.cuda.amp.custom_bwd(args...)` is deprecated. Please use `torch.amp.custom_bwd(args..., device_type='cuda')` instead.
  @custom_bwd
/kaggle/working/site-packages/onmt/modules/sparse_activations.py:46: FutureWarning: `torch.cuda.amp.custom_fwd(args...)` is deprecated. Please use `torch.amp.custom_fwd(args..., device_type='cuda')` instead.
  @custom_fwd
/kaggle/working/site-packages/onmt/modules/sparse_activations.py:66: FutureWarning: `torch.cuda.amp.custom_bwd(args...)` is deprecated. Please use `torch.amp.custom_bwd(args..., device_type='cuda')` instead.
  @custom_bwd
/kaggle/working/site-packages/onmt/modules/sru.py:395: FutureWarning: `torch.cuda.amp.custom_fwd(args...)` is deprecated. Please use `torch.amp.custom_fwd(args..., device_type='cuda')` instead.
  @custom_fwd
/kaggle/working/site-packages/onmt/modules/sru.py:444: FutureWarning: `torch.cuda.amp.custom_bwd(args...)` is deprecated. Please use `torch.amp.custom_bwd(args..., device_type='cuda')` instead.
  @custom_bwd
/kaggle/working/site-packages/onmt/modules/sparse_losses.py:10: FutureWarning: `torch.cuda.amp.custom_fwd(args...)` is deprecated. Please use `torch.amp.custom_fwd(args..., device_type='cuda')` instead.
  @custom_fwd
/kaggle/working/site-packages/onmt/modules/sparse_losses.py:31: FutureWarning: `torch.cuda.amp.custom_bwd(args...)` is deprecated. Please use `torch.amp.custom_bwd(args..., device_type='cuda')` instead.
  @custom_bwd
/kaggle/working/site-packages/onmt/modules/sparse_activations.py:46: FutureWarning: `torch.cuda.amp.custom_fwd(args...)` is deprecated. Please use `torch.amp.custom_fwd(args..., device_type='cuda')` instead.
  @custom_fwd
/kaggle/working/site-packages/onmt/modules/sparse_activations.py:66: FutureWarning: `torch.cuda.amp.custom_bwd(args...)` is deprecated. Please use `torch.amp.custom_bwd(args..., device_type='cuda')` instead.
  @custom_bwd
/kaggle/working/site-packages/onmt/modules/sru.py:395: FutureWarning: `torch.cuda.amp.custom_fwd(args...)` is deprecated. Please use `torch.amp.custom_fwd(args..., device_type='cuda')` instead.
  @custom_fwd
/kaggle/working/site-packages/onmt/modules/sru.py:444: FutureWarning: `torch.cuda.amp.custom_bwd(args...)` is deprecated. Please use `torch.amp.custom_bwd(args..., device_type='cuda')` instead.
  @custom_bwd
/kaggle/working/site-packages/onmt/modules/sparse_losses.py:10: FutureWarning: `torch.cuda.amp.custom_fwd(args...)` is deprecated. Please use `torch.amp.custom_fwd(args..., device_type='cuda')` instead.
  @custom_fwd
/kaggle/working/site-packages/onmt/modules/sparse_losses.py:31: FutureWarning: `torch.cuda.amp.custom_bwd(args...)` is deprecated. Please use `torch.amp.custom_bwd(args..., device_type='cuda')` instead.
  @custom_bwd
/kaggle/working/site-packages/onmt/modules/sparse_activations.py:46: FutureWarning: `torch.cuda.amp.custom_fwd(args...)` is deprecated. Please use `torch.amp.custom_fwd(args..., device_type='cuda')` instead.
  @custom_fwd
/kaggle/working/site-packages/onmt/modules/sparse_activations.py:66: FutureWarning: `torch.cuda.amp.custom_bwd(args...)` is deprecated. Please use `torch.amp.custom_bwd(args..., device_type='cuda')` instead.
  @custom_bwd
/kaggle/working/site-packages/onmt/modules/sru.py:395: FutureWarning: `torch.cuda.amp.custom_fwd(args...)` is deprecated. Please use `torch.amp.custom_fwd(args..., device_type='cuda')` instead.
  @custom_fwd
/kaggle/working/site-packages/onmt/modules/sru.py:444: FutureWarning: `torch.cuda.amp.custom_bwd(args...)` is deprecated. Please use `torch.amp.custom_bwd(args..., device_type='cuda')` instead.
  @custom_bwd
/kaggle/working/site-packages/onmt/modules/sparse_losses.py:10: FutureWarning: `torch.cuda.amp.custom_fwd(args...)` is deprecated. Please use `torch.amp.custom_fwd(args..., device_type='cuda')` instead.
  @custom_fwd
/kaggle/working/site-packages/onmt/modules/sparse_losses.py:31: FutureWarning: `torch.cuda.amp.custom_bwd(args...)` is deprecated. Please use `torch.amp.custom_bwd(args..., device_type='cuda')` instead.
  @custom_bwd
/kaggle/working/site-packages/onmt/modules/sparse_activations.py:46: FutureWarning: `torch.cuda.amp.custom_fwd(args...)` is deprecated. Please use `torch.amp.custom_fwd(args..., device_type='cuda')` instead.
  @custom_fwd
/kaggle/working/site-packages/onmt/modules/sparse_activations.py:66: FutureWarning: `torch.cuda.amp.custom_bwd(args...)` is deprecated. Please use `torch.amp.custom_bwd(args..., device_type='cuda')` instead.
  @custom_bwd
/kaggle/working/site-packages/onmt/modules/sru.py:395: FutureWarning: `torch.cuda.amp.custom_fwd(args...)` is deprecated. Please use `torch.amp.custom_fwd(args..., device_type='cuda')` instead.
  @custom_fwd
/kaggle/working/site-packages/onmt/modules/sru.py:444: FutureWarning: `torch.cuda.amp.custom_bwd(args...)` is deprecated. Please use `torch.amp.custom_bwd(args..., device_type='cuda')` instead.
  @custom_bwd
/kaggle/working/site-packages/onmt/modules/sparse_losses.py:10: FutureWarning: `torch.cuda.amp.custom_fwd(args...)` is deprecated. Please use `torch.amp.custom_fwd(args..., device_type='cuda')` instead.
  @custom_fwd
/kaggle/working/site-packages/onmt/modules/sparse_losses.py:31: FutureWarning: `torch.cuda.amp.custom_bwd(args...)` is deprecated. Please use `torch.amp.custom_bwd(args..., device_type='cuda')` instead.
  @custom_bwd
/kaggle/working/site-packages/onmt/modules/sparse_activations.py:46: FutureWarning: `torch.cuda.amp.custom_fwd(args...)` is deprecated. Please use `torch.amp.custom_fwd(args..., device_type='cuda')` instead.
  @custom_fwd
/kaggle/working/site-packages/onmt/modules/sparse_activations.py:66: FutureWarning: `torch.cuda.amp.custom_bwd(args...)` is deprecated. Please use `torch.amp.custom_bwd(args..., device_type='cuda')` instead.
  @custom_bwd
/kaggle/working/site-packages/onmt/modules/sru.py:395: FutureWarning: `torch.cuda.amp.custom_fwd(args...)` is deprecated. Please use `torch.amp.custom_fwd(args..., device_type='cuda')` instead.
  @custom_fwd
/kaggle/working/site-packages/onmt/modules/sru.py:444: FutureWarning: `torch.cuda.amp.custom_bwd(args...)` is deprecated. Please use `torch.amp.custom_bwd(args..., device_type='cuda')` instead.
  @custom_bwd
/kaggle/working/site-packages/onmt/modules/sparse_losses.py:10: FutureWarning: `torch.cuda.amp.custom_fwd(args...)` is deprecated. Please use `torch.amp.custom_fwd(args..., device_type='cuda')` instead.
  @custom_fwd
/kaggle/working/site-packages/onmt/modules/sparse_losses.py:31: FutureWarning: `torch.cuda.amp.custom_bwd(args...)` is deprecated. Please use `torch.amp.custom_bwd(args..., device_type='cuda')` instead.
  @custom_bwd
/kaggle/working/site-packages/onmt/modules/sparse_activations.py:46: FutureWarning: `torch.cuda.amp.custom_fwd(args...)` is deprecated. Please use `torch.amp.custom_fwd(args..., device_type='cuda')` instead.
  @custom_fwd
/kaggle/working/site-packages/onmt/modules/sparse_activations.py:66: FutureWarning: `torch.cuda.amp.custom_bwd(args...)` is deprecated. Please use `torch.amp.custom_bwd(args..., device_type='cuda')` instead.
  @custom_bwd
/kaggle/working/site-packages/onmt/modules/sru.py:395: FutureWarning: `torch.cuda.amp.custom_fwd(args...)` is deprecated. Please use `torch.amp.custom_fwd(args..., device_type='cuda')` instead.
  @custom_fwd
/kaggle/working/site-packages/onmt/modules/sru.py:444: FutureWarning: `torch.cuda.amp.custom_bwd(args...)` is deprecated. Please use `torch.amp.custom_bwd(args..., device_type='cuda')` instead.
  @custom_bwd
/kaggle/working/site-packages/onmt/modules/sparse_losses.py:10: FutureWarning: `torch.cuda.amp.custom_fwd(args...)` is deprecated. Please use `torch.amp.custom_fwd(args..., device_type='cuda')` instead.
  @custom_fwd
/kaggle/working/site-packages/onmt/modules/sparse_losses.py:31: FutureWarning: `torch.cuda.amp.custom_bwd(args...)` is deprecated. Please use `torch.amp.custom_bwd(args..., device_type='cuda')` instead.
  @custom_bwd
/kaggle/working/site-packages/onmt/modules/sparse_activations.py:46: FutureWarning: `torch.cuda.amp.custom_fwd(args...)` is deprecated. Please use `torch.amp.custom_fwd(args..., device_type='cuda')` instead.
  @custom_fwd
/kaggle/working/site-packages/onmt/modules/sparse_activations.py:66: FutureWarning: `torch.cuda.amp.custom_bwd(args...)` is deprecated. Please use `torch.amp.custom_bwd(args..., device_type='cuda')` instead.
  @custom_bwd
/kaggle/working/site-packages/onmt/modules/sru.py:395: FutureWarning: `torch.cuda.amp.custom_fwd(args...)` is deprecated. Please use `torch.amp.custom_fwd(args..., device_type='cuda')` instead.
  @custom_fwd
/kaggle/working/site-packages/onmt/modules/sru.py:444: FutureWarning: `torch.cuda.amp.custom_bwd(args...)` is deprecated. Please use `torch.amp.custom_bwd(args..., device_type='cuda')` instead.
  @custom_bwd
/kaggle/working/site-packages/onmt/modules/sparse_losses.py:10: FutureWarning: `torch.cuda.amp.custom_fwd(args...)` is deprecated. Please use `torch.amp.custom_fwd(args..., device_type='cuda')` instead.
  @custom_fwd
/kaggle/working/site-packages/onmt/modules/sparse_losses.py:31: FutureWarning: `torch.cuda.amp.custom_bwd(args...)` is deprecated. Please use `torch.amp.custom_bwd(args..., device_type='cuda')` instead.
  @custom_bwd
[2026-09-23 21:12:41,377 INFO] valid stats calculation
                           took: 21.181658506393433 s.
[2026-09-23 21:12:41,377 INFO] Train perplexity: 1.27391
[2026-09-23 21:12:41,377 INFO] Train accuracy: 96.0977
[2026-09-23 21:12:41,377 INFO] Sentences processed: 1.89834e+08
[2026-09-23 21:12:41,377 INFO] Average bsz: 41409/36475/5273
[2026-09-23 21:12:41,377 INFO] Validation perplexity: 1.63585
[2026-09-23 21:12:41,377 INFO] Validation accuracy: 95.0004
[2026-09-23 21:12:47,166 INFO] * Transform statistics for corpus_1(12.50%):
			* SubwordStats: 5629538 -> 7221233 tokens

[2026-09-23 21:12:47,166 INFO] Weighted corpora loaded so far:
			* corpus_1: 51
[2026-09-23 21:12:50,654 INFO] * Transform statistics for corpus_1(12.50%):
			* SubwordStats: 5630551 -> 7229975 tokens

[2026-09-23 21:12:50,654 INFO] Weighted corpora loaded so far:
			* corpus_1: 51
[2026-09-23 21:12:51,109 INFO] * Transform statistics for corpus_1(12.50%):
			* SubwordStats: 5625707 -> 7218133 tokens

[2026-09-23 21:12:51,109 INFO] Weighted corpora loaded so far:
			* corpus_1: 51
[2026-09-23 21:12:57,649 INFO] * Transform statistics for corpus_1(12.50%):
			* SubwordStats: 5622261 -> 7215637 tokens

[2026-09-23 21:12:57,649 INFO] Weighted corpora loaded so far:
			* corpus_1: 51
[2026-09-23 21:13:01,775 INFO] * Transform statistics for corpus_1(12.50%):
			* SubwordStats: 5633614 -> 7229473 tokens

[2026-09-23 21:13:01,775 INFO] Weighted corpora loaded so far:
			* corpus_1: 51
[2026-09-23 21:13:02,044 INFO] * Transform statistics for corpus_1(12.50%):
			* SubwordStats: 5631380 -> 7222540 tokens

[2026-09-23 21:13:02,044 INFO] Weighted corpora loaded so far:
			* corpus_1: 51
[2026-09-23 21:13:04,597 INFO] * Transform statistics for corpus_1(12.50%):
			* SubwordStats: 5624441 -> 7215268 tokens

[2026-09-23 21:13:04,597 INFO] Weighted corpora loaded so far:
			* corpus_1: 51
[2026-09-23 21:13:12,139 INFO] * Transform statistics for corpus_1(12.50%):
			* SubwordStats: 5620984 -> 7212449 tokens

[2026-09-23 21:13:12,139 INFO] Weighted corpora loaded so far:
			* corpus_1: 52
[2026-09-23 21:13:31,074 INFO] * Transform statistics for corpus_1(12.50%):
			* SubwordStats: 5627308 -> 7217188 tokens

[2026-09-23 21:13:31,074 INFO] Weighted corpora loaded so far:
			* corpus_1: 52
[2026-09-23 21:13:35,790 INFO] * Transform statistics for corpus_1(12.50%):
			* SubwordStats: 5627299 -> 7221078 tokens

[2026-09-23 21:13:35,791 INFO] Weighted corpora loaded so far:
			* corpus_1: 52
[2026-09-23 21:13:36,405 INFO] * Transform statistics for corpus_1(12.50%):
			* SubwordStats: 5630755 -> 7229143 tokens

[2026-09-23 21:13:36,405 INFO] Weighted corpora loaded so far:
			* corpus_1: 52
[2026-09-23 21:13:41,917 INFO] * Transform statistics for corpus_1(12.50%):
			* SubwordStats: 5620502 -> 7213257 tokens

[2026-09-23 21:13:41,917 INFO] Weighted corpora loaded so far:
			* corpus_1: 52
[2026-09-23 21:13:45,257 INFO] * Transform statistics for corpus_1(12.50%):
			* SubwordStats: 5632053 -> 7229306 tokens

[2026-09-23 21:13:45,258 INFO] Weighted corpora loaded so far:
			* corpus_1: 52
[2026-09-23 21:13:46,107 INFO] * Transform statistics for corpus_1(12.50%):
			* SubwordStats: 5631019 -> 7223892 tokens

[2026-09-23 21:13:46,107 INFO] Weighted corpora loaded so far:
			* corpus_1: 52
[2026-09-23 21:13:47,679 INFO] * Transform statistics for corpus_1(12.50%):
			* SubwordStats: 5624732 -> 7214811 tokens

[2026-09-23 21:13:47,680 INFO] Weighted corpora loaded so far:
			* corpus_1: 52
[2026-09-23 21:13:55,461 INFO] * Transform statistics for corpus_1(12.50%):
			* SubwordStats: 5617637 -> 7208348 tokens

[2026-09-23 21:13:55,461 INFO] Weighted corpora loaded so far:
			* corpus_1: 53
[2026-09-23 21:14:14,436 INFO] * Transform statistics for corpus_1(12.50%):
			* SubwordStats: 5625346 -> 7215974 tokens

[2026-09-23 21:14:14,436 INFO] Weighted corpora loaded so far:
			* corpus_1: 53
[2026-09-23 21:14:20,505 INFO] * Transform statistics for corpus_1(12.50%):
			* SubwordStats: 5626862 -> 7219971 tokens

[2026-09-23 21:14:20,505 INFO] Weighted corpora loaded so far:
			* corpus_1: 53
[2026-09-23 21:14:21,609 INFO] * Transform statistics for corpus_1(12.50%):
			* SubwordStats: 5631403 -> 7230748 tokens

[2026-09-23 21:14:21,609 INFO] Weighted corpora loaded so far:
			* corpus_1: 53
[2026-09-23 21:14:25,864 INFO] * Transform statistics for corpus_1(12.50%):
			* SubwordStats: 5619893 -> 7213003 tokens

[2026-09-23 21:14:25,864 INFO] Weighted corpora loaded so far:
			* corpus_1: 53
[2026-09-23 21:14:32,359 INFO] * Transform statistics for corpus_1(12.50%):
			* SubwordStats: 5630489 -> 7221793 tokens

[2026-09-23 21:14:32,359 INFO] Weighted corpora loaded so far:
			* corpus_1: 53
[2026-09-23 21:14:32,465 INFO] * Transform statistics for corpus_1(12.50%):
			* SubwordStats: 5633456 -> 7230590 tokens

[2026-09-23 21:14:32,465 INFO] Weighted corpora loaded so far:
			* corpus_1: 53
[2026-09-23 21:14:44,035 INFO] Step 38000/50000; acc: 99.2; ppl:   1.0; xent: 0.0; lr: 0.00045; sents: 10571424; bsz: 41492/36593/5286; 576914/508796 tok/s;   3115 sec;
/kaggle/working/site-packages/onmt/modules/sparse_activations.py:46: FutureWarning: `torch.cuda.amp.custom_fwd(args...)` is deprecated. Please use `torch.amp.custom_fwd(args..., device_type='cuda')` instead.
  @custom_fwd
/kaggle/working/site-packages/onmt/modules/sparse_activations.py:66: FutureWarning: `torch.cuda.amp.custom_bwd(args...)` is deprecated. Please use `torch.amp.custom_bwd(args..., device_type='cuda')` instead.
  @custom_bwd
/kaggle/working/site-packages/onmt/modules/sru.py:395: FutureWarning: `torch.cuda.amp.custom_fwd(args...)` is deprecated. Please use `torch.amp.custom_fwd(args..., device_type='cuda')` instead.
  @custom_fwd
/kaggle/working/site-packages/onmt/modules/sru.py:444: FutureWarning: `torch.cuda.amp.custom_bwd(args...)` is deprecated. Please use `torch.amp.custom_bwd(args..., device_type='cuda')` instead.
  @custom_bwd
/kaggle/working/site-packages/onmt/modules/sparse_losses.py:10: FutureWarning: `torch.cuda.amp.custom_fwd(args...)` is deprecated. Please use `torch.amp.custom_fwd(args..., device_type='cuda')` instead.
  @custom_fwd
/kaggle/working/site-packages/onmt/modules/sparse_losses.py:31: FutureWarning: `torch.cuda.amp.custom_bwd(args...)` is deprecated. Please use `torch.amp.custom_bwd(args..., device_type='cuda')` instead.
  @custom_bwd
/kaggle/working/site-packages/onmt/modules/sparse_activations.py:46: FutureWarning: `torch.cuda.amp.custom_fwd(args...)` is deprecated. Please use `torch.amp.custom_fwd(args..., device_type='cuda')` instead.
  @custom_fwd
/kaggle/working/site-packages/onmt/modules/sparse_activations.py:66: FutureWarning: `torch.cuda.amp.custom_bwd(args...)` is deprecated. Please use `torch.amp.custom_bwd(args..., device_type='cuda')` instead.
  @custom_bwd
/kaggle/working/site-packages/onmt/modules/sru.py:395: FutureWarning: `torch.cuda.amp.custom_fwd(args...)` is deprecated. Please use `torch.amp.custom_fwd(args..., device_type='cuda')` instead.
  @custom_fwd
/kaggle/working/site-packages/onmt/modules/sru.py:444: FutureWarning: `torch.cuda.amp.custom_bwd(args...)` is deprecated. Please use `torch.amp.custom_bwd(args..., device_type='cuda')` instead.
  @custom_bwd
/kaggle/working/site-packages/onmt/modules/sparse_losses.py:10: FutureWarning: `torch.cuda.amp.custom_fwd(args...)` is deprecated. Please use `torch.amp.custom_fwd(args..., device_type='cuda')` instead.
  @custom_fwd
/kaggle/working/site-packages/onmt/modules/sparse_losses.py:31: FutureWarning: `torch.cuda.amp.custom_bwd(args...)` is deprecated. Please use `torch.amp.custom_bwd(args..., device_type='cuda')` instead.
  @custom_bwd
/kaggle/working/site-packages/onmt/modules/sparse_activations.py:46: FutureWarning: `torch.cuda.amp.custom_fwd(args...)` is deprecated. Please use `torch.amp.custom_fwd(args..., device_type='cuda')` instead.
  @custom_fwd
/kaggle/working/site-packages/onmt/modules/sparse_activations.py:66: FutureWarning: `torch.cuda.amp.custom_bwd(args...)` is deprecated. Please use `torch.amp.custom_bwd(args..., device_type='cuda')` instead.
  @custom_bwd
/kaggle/working/site-packages/onmt/modules/sru.py:395: FutureWarning: `torch.cuda.amp.custom_fwd(args...)` is deprecated. Please use `torch.amp.custom_fwd(args..., device_type='cuda')` instead.
  @custom_fwd
/kaggle/working/site-packages/onmt/modules/sru.py:444: FutureWarning: `torch.cuda.amp.custom_bwd(args...)` is deprecated. Please use `torch.amp.custom_bwd(args..., device_type='cuda')` instead.
  @custom_bwd
/kaggle/working/site-packages/onmt/modules/sparse_losses.py:10: FutureWarning: `torch.cuda.amp.custom_fwd(args...)` is deprecated. Please use `torch.amp.custom_fwd(args..., device_type='cuda')` instead.
  @custom_fwd
/kaggle/working/site-packages/onmt/modules/sparse_losses.py:31: FutureWarning: `torch.cuda.amp.custom_bwd(args...)` is deprecated. Please use `torch.amp.custom_bwd(args..., device_type='cuda')` instead.
  @custom_bwd
/kaggle/working/site-packages/onmt/modules/sparse_activations.py:46: FutureWarning: `torch.cuda.amp.custom_fwd(args...)` is deprecated. Please use `torch.amp.custom_fwd(args..., device_type='cuda')` instead.
  @custom_fwd
/kaggle/working/site-packages/onmt/modules/sparse_activations.py:66: FutureWarning: `torch.cuda.amp.custom_bwd(args...)` is deprecated. Please use `torch.amp.custom_bwd(args..., device_type='cuda')` instead.
  @custom_bwd
/kaggle/working/site-packages/onmt/modules/sru.py:395: FutureWarning: `torch.cuda.amp.custom_fwd(args...)` is deprecated. Please use `torch.amp.custom_fwd(args..., device_type='cuda')` instead.
  @custom_fwd
/kaggle/working/site-packages/onmt/modules/sru.py:444: FutureWarning: `torch.cuda.amp.custom_bwd(args...)` is deprecated. Please use `torch.amp.custom_bwd(args..., device_type='cuda')` instead.
  @custom_bwd
/kaggle/working/site-packages/onmt/modules/sparse_losses.py:10: FutureWarning: `torch.cuda.amp.custom_fwd(args...)` is deprecated. Please use `torch.amp.custom_fwd(args..., device_type='cuda')` instead.
  @custom_fwd
/kaggle/working/site-packages/onmt/modules/sparse_losses.py:31: FutureWarning: `torch.cuda.amp.custom_bwd(args...)` is deprecated. Please use `torch.amp.custom_bwd(args..., device_type='cuda')` instead.
  @custom_bwd
/kaggle/working/site-packages/onmt/modules/sparse_activations.py:46: FutureWarning: `torch.cuda.amp.custom_fwd(args...)` is deprecated. Please use `torch.amp.custom_fwd(args..., device_type='cuda')` instead.
  @custom_fwd
/kaggle/working/site-packages/onmt/modules/sparse_activations.py:66: FutureWarning: `torch.cuda.amp.custom_bwd(args...)` is deprecated. Please use `torch.amp.custom_bwd(args..., device_type='cuda')` instead.
  @custom_bwd
/kaggle/working/site-packages/onmt/modules/sru.py:395: FutureWarning: `torch.cuda.amp.custom_fwd(args...)` is deprecated. Please use `torch.amp.custom_fwd(args..., device_type='cuda')` instead.
  @custom_fwd
/kaggle/working/site-packages/onmt/modules/sru.py:444: FutureWarning: `torch.cuda.amp.custom_bwd(args...)` is deprecated. Please use `torch.amp.custom_bwd(args..., device_type='cuda')` instead.
  @custom_bwd
/kaggle/working/site-packages/onmt/modules/sparse_losses.py:10: FutureWarning: `torch.cuda.amp.custom_fwd(args...)` is deprecated. Please use `torch.amp.custom_fwd(args..., device_type='cuda')` instead.
  @custom_fwd
/kaggle/working/site-packages/onmt/modules/sparse_losses.py:31: FutureWarning: `torch.cuda.amp.custom_bwd(args...)` is deprecated. Please use `torch.amp.custom_bwd(args..., device_type='cuda')` instead.
  @custom_bwd
/kaggle/working/site-packages/onmt/modules/sparse_activations.py:46: FutureWarning: `torch.cuda.amp.custom_fwd(args...)` is deprecated. Please use `torch.amp.custom_fwd(args..., device_type='cuda')` instead.
  @custom_fwd
/kaggle/working/site-packages/onmt/modules/sparse_activations.py:66: FutureWarning: `torch.cuda.amp.custom_bwd(args...)` is deprecated. Please use `torch.amp.custom_bwd(args..., device_type='cuda')` instead.
  @custom_bwd
/kaggle/working/site-packages/onmt/modules/sru.py:395: FutureWarning: `torch.cuda.amp.custom_fwd(args...)` is deprecated. Please use `torch.amp.custom_fwd(args..., device_type='cuda')` instead.
  @custom_fwd
/kaggle/working/site-packages/onmt/modules/sru.py:444: FutureWarning: `torch.cuda.amp.custom_bwd(args...)` is deprecated. Please use `torch.amp.custom_bwd(args..., device_type='cuda')` instead.
  @custom_bwd
/kaggle/working/site-packages/onmt/modules/sparse_losses.py:10: FutureWarning: `torch.cuda.amp.custom_fwd(args...)` is deprecated. Please use `torch.amp.custom_fwd(args..., device_type='cuda')` instead.
  @custom_fwd
/kaggle/working/site-packages/onmt/modules/sparse_losses.py:31: FutureWarning: `torch.cuda.amp.custom_bwd(args...)` is deprecated. Please use `torch.amp.custom_bwd(args..., device_type='cuda')` instead.
  @custom_bwd
/kaggle/working/site-packages/onmt/modules/sparse_activations.py:46: FutureWarning: `torch.cuda.amp.custom_fwd(args...)` is deprecated. Please use `torch.amp.custom_fwd(args..., device_type='cuda')` instead.
  @custom_fwd
/kaggle/working/site-packages/onmt/modules/sparse_activations.py:66: FutureWarning: `torch.cuda.amp.custom_bwd(args...)` is deprecated. Please use `torch.amp.custom_bwd(args..., device_type='cuda')` instead.
  @custom_bwd
/kaggle/working/site-packages/onmt/modules/sru.py:395: FutureWarning: `torch.cuda.amp.custom_fwd(args...)` is deprecated. Please use `torch.amp.custom_fwd(args..., device_type='cuda')` instead.
  @custom_fwd
/kaggle/working/site-packages/onmt/modules/sru.py:444: FutureWarning: `torch.cuda.amp.custom_bwd(args...)` is deprecated. Please use `torch.amp.custom_bwd(args..., device_type='cuda')` instead.
  @custom_bwd
/kaggle/working/site-packages/onmt/modules/sparse_losses.py:10: FutureWarning: `torch.cuda.amp.custom_fwd(args...)` is deprecated. Please use `torch.amp.custom_fwd(args..., device_type='cuda')` instead.
  @custom_fwd
/kaggle/working/site-packages/onmt/modules/sparse_losses.py:31: FutureWarning: `torch.cuda.amp.custom_bwd(args...)` is deprecated. Please use `torch.amp.custom_bwd(args..., device_type='cuda')` instead.
  @custom_bwd
/kaggle/working/site-packages/onmt/modules/sparse_activations.py:46: FutureWarning: `torch.cuda.amp.custom_fwd(args...)` is deprecated. Please use `torch.amp.custom_fwd(args..., device_type='cuda')` instead.
  @custom_fwd
/kaggle/working/site-packages/onmt/modules/sparse_activations.py:66: FutureWarning: `torch.cuda.amp.custom_bwd(args...)` is deprecated. Please use `torch.amp.custom_bwd(args..., device_type='cuda')` instead.
  @custom_bwd
/kaggle/working/site-packages/onmt/modules/sru.py:395: FutureWarning: `torch.cuda.amp.custom_fwd(args...)` is deprecated. Please use `torch.amp.custom_fwd(args..., device_type='cuda')` instead.
  @custom_fwd
/kaggle/working/site-packages/onmt/modules/sru.py:444: FutureWarning: `torch.cuda.amp.custom_bwd(args...)` is deprecated. Please use `torch.amp.custom_bwd(args..., device_type='cuda')` instead.
  @custom_bwd
/kaggle/working/site-packages/onmt/modules/sparse_losses.py:10: FutureWarning: `torch.cuda.amp.custom_fwd(args...)` is deprecated. Please use `torch.amp.custom_fwd(args..., device_type='cuda')` instead.
  @custom_fwd
/kaggle/working/site-packages/onmt/modules/sparse_losses.py:31: FutureWarning: `torch.cuda.amp.custom_bwd(args...)` is deprecated. Please use `torch.amp.custom_bwd(args..., device_type='cuda')` instead.
  @custom_bwd
[2026-09-23 21:15:00,696 INFO] valid stats calculation
                           took: 16.66009783744812 s.
[2026-09-23 21:15:00,696 INFO] Train perplexity: 1.25949
[2026-09-23 21:15:00,696 INFO] Train accuracy: 96.2631
[2026-09-23 21:15:00,696 INFO] Sentences processed: 2.00406e+08
[2026-09-23 21:15:00,696 INFO] Average bsz: 41413/36481/5274
[2026-09-23 21:15:00,696 INFO] Validation perplexity: 1.654
[2026-09-23 21:15:00,696 INFO] Validation accuracy: 95.0214
[2026-09-23 21:15:01,156 INFO] * Transform statistics for corpus_1(12.50%):
			* SubwordStats: 5624038 -> 7213980 tokens

[2026-09-23 21:15:01,157 INFO] Weighted corpora loaded so far:
			* corpus_1: 53
[2026-09-23 21:15:05,359 INFO] * Transform statistics for corpus_1(12.50%):
			* SubwordStats: 5621193 -> 7213412 tokens

[2026-09-23 21:15:05,360 INFO] Weighted corpora loaded so far:
			* corpus_1: 54
[2026-09-23 21:15:26,038 INFO] * Transform statistics for corpus_1(12.50%):
			* SubwordStats: 5627927 -> 7218721 tokens

[2026-09-23 21:15:26,038 INFO] Weighted corpora loaded so far:
			* corpus_1: 54
[2026-09-23 21:15:29,452 INFO] * Transform statistics for corpus_1(12.50%):
			* SubwordStats: 5625247 -> 7218629 tokens

[2026-09-23 21:15:29,452 INFO] Weighted corpora loaded so far:
			* corpus_1: 54
[2026-09-23 21:15:30,076 INFO] * Transform statistics for corpus_1(12.50%):
			* SubwordStats: 5633001 -> 7232481 tokens

[2026-09-23 21:15:30,076 INFO] Weighted corpora loaded so far:
			* corpus_1: 54
[2026-09-23 21:15:36,946 INFO] * Transform statistics for corpus_1(12.50%):
			* SubwordStats: 5621138 -> 7213984 tokens

[2026-09-23 21:15:36,946 INFO] Weighted corpora loaded so far:
			* corpus_1: 54
[2026-09-23 21:15:40,337 INFO] * Transform statistics for corpus_1(12.50%):
			* SubwordStats: 5629700 -> 7220497 tokens

[2026-09-23 21:15:40,337 INFO] Weighted corpora loaded so far:
			* corpus_1: 54
[2026-09-23 21:15:40,387 INFO] * Transform statistics for corpus_1(12.50%):
			* SubwordStats: 5632438 -> 7229475 tokens

[2026-09-23 21:15:40,387 INFO] Weighted corpora loaded so far:
			* corpus_1: 54
[2026-09-23 21:15:42,044 INFO] * Transform statistics for corpus_1(12.50%):
			* SubwordStats: 4218502 -> 5412726 tokens

[2026-09-23 21:15:42,044 INFO] Weighted corpora loaded so far:
			* corpus_1: 55
[2026-09-23 21:15:45,057 INFO] * Transform statistics for corpus_1(12.50%):
			* SubwordStats: 5624136 -> 7213906 tokens

[2026-09-23 21:15:45,057 INFO] Weighted corpora loaded so far:
			* corpus_1: 54
[2026-09-23 21:16:03,436 INFO] * Transform statistics for corpus_1(12.50%):
			* SubwordStats: 4219527 -> 5412711 tokens

[2026-09-23 21:16:03,436 INFO] Weighted corpora loaded so far:
			* corpus_1: 55
[2026-09-23 21:16:05,836 INFO] * Transform statistics for corpus_1(12.50%):
			* SubwordStats: 4218774 -> 5414941 tokens

[2026-09-23 21:16:05,837 INFO] Weighted corpora loaded so far:
			* corpus_1: 55
[2026-09-23 21:16:06,548 INFO] * Transform statistics for corpus_1(12.50%):
			* SubwordStats: 4223628 -> 5421791 tokens

[2026-09-23 21:16:06,549 INFO] Weighted corpora loaded so far:
			* corpus_1: 55
[2026-09-23 21:16:13,164 INFO] * Transform statistics for corpus_1(12.50%):
			* SubwordStats: 4217945 -> 5413539 tokens

[2026-09-23 21:16:13,164 INFO] Weighted corpora loaded so far:
			* corpus_1: 55
[2026-09-23 21:16:16,381 INFO] * Transform statistics for corpus_1(12.50%):
			* SubwordStats: 4222427 -> 5419136 tokens

[2026-09-23 21:16:16,381 INFO] Weighted corpora loaded so far:
			* corpus_1: 55
[2026-09-23 21:16:16,581 INFO] * Transform statistics for corpus_1(12.50%):
			* SubwordStats: 4223314 -> 5415736 tokens

[2026-09-23 21:16:16,582 INFO] Weighted corpora loaded so far:
			* corpus_1: 55
[2026-09-23 21:16:21,141 INFO] * Transform statistics for corpus_1(12.50%):
			* SubwordStats: 4218535 -> 5410607 tokens

[2026-09-23 21:16:21,141 INFO] Weighted corpora loaded so far:
			* corpus_1: 55
[2026-09-23 21:16:27,636 INFO] * Transform statistics for corpus_1(12.50%):
			* SubwordStats: 5620080 -> 7211379 tokens

[2026-09-23 21:16:27,636 INFO] Weighted corpora loaded so far:
			* corpus_1: 56
[2026-09-23 21:16:47,843 INFO] * Transform statistics for corpus_1(12.50%):
			* SubwordStats: 5628488 -> 7220185 tokens

[2026-09-23 21:16:47,843 INFO] Weighted corpora loaded so far:
			* corpus_1: 56
[2026-09-23 21:16:49,973 INFO] * Transform statistics for corpus_1(12.50%):
			* SubwordStats: 5630228 -> 7229835 tokens

[2026-09-23 21:16:49,973 INFO] Weighted corpora loaded so far:
			* corpus_1: 56
[2026-09-23 21:16:50,710 INFO] * Transform statistics for corpus_1(12.50%):
			* SubwordStats: 5626271 -> 7219889 tokens

[2026-09-23 21:16:50,711 INFO] Weighted corpora loaded so far:
			* corpus_1: 56
[2026-09-23 21:16:59,040 INFO] Step 40000/50000; acc: 99.3; ppl:   1.0; xent: 0.0; lr: 0.00044; sents: 10499532; bsz: 41408/36405/5250; 613433/539310 tok/s;   3250 sec;
/kaggle/working/site-packages/onmt/modules/sparse_activations.py:46: FutureWarning: `torch.cuda.amp.custom_fwd(args...)` is deprecated. Please use `torch.amp.custom_fwd(args..., device_type='cuda')` instead.
  @custom_fwd
/kaggle/working/site-packages/onmt/modules/sparse_activations.py:66: FutureWarning: `torch.cuda.amp.custom_bwd(args...)` is deprecated. Please use `torch.amp.custom_bwd(args..., device_type='cuda')` instead.
  @custom_bwd
/kaggle/working/site-packages/onmt/modules/sru.py:395: FutureWarning: `torch.cuda.amp.custom_fwd(args...)` is deprecated. Please use `torch.amp.custom_fwd(args..., device_type='cuda')` instead.
  @custom_fwd
/kaggle/working/site-packages/onmt/modules/sru.py:444: FutureWarning: `torch.cuda.amp.custom_bwd(args...)` is deprecated. Please use `torch.amp.custom_bwd(args..., device_type='cuda')` instead.
  @custom_bwd
/kaggle/working/site-packages/onmt/modules/sparse_losses.py:10: FutureWarning: `torch.cuda.amp.custom_fwd(args...)` is deprecated. Please use `torch.amp.custom_fwd(args..., device_type='cuda')` instead.
  @custom_fwd
/kaggle/working/site-packages/onmt/modules/sparse_losses.py:31: FutureWarning: `torch.cuda.amp.custom_bwd(args...)` is deprecated. Please use `torch.amp.custom_bwd(args..., device_type='cuda')` instead.
  @custom_bwd
/kaggle/working/site-packages/onmt/modules/sparse_activations.py:46: FutureWarning: `torch.cuda.amp.custom_fwd(args...)` is deprecated. Please use `torch.amp.custom_fwd(args..., device_type='cuda')` instead.
  @custom_fwd
/kaggle/working/site-packages/onmt/modules/sparse_activations.py:66: FutureWarning: `torch.cuda.amp.custom_bwd(args...)` is deprecated. Please use `torch.amp.custom_bwd(args..., device_type='cuda')` instead.
  @custom_bwd
/kaggle/working/site-packages/onmt/modules/sru.py:395: FutureWarning: `torch.cuda.amp.custom_fwd(args...)` is deprecated. Please use `torch.amp.custom_fwd(args..., device_type='cuda')` instead.
  @custom_fwd
/kaggle/working/site-packages/onmt/modules/sru.py:444: FutureWarning: `torch.cuda.amp.custom_bwd(args...)` is deprecated. Please use `torch.amp.custom_bwd(args..., device_type='cuda')` instead.
  @custom_bwd
/kaggle/working/site-packages/onmt/modules/sparse_losses.py:10: FutureWarning: `torch.cuda.amp.custom_fwd(args...)` is deprecated. Please use `torch.amp.custom_fwd(args..., device_type='cuda')` instead.
  @custom_fwd
/kaggle/working/site-packages/onmt/modules/sparse_losses.py:31: FutureWarning: `torch.cuda.amp.custom_bwd(args...)` is deprecated. Please use `torch.amp.custom_bwd(args..., device_type='cuda')` instead.
  @custom_bwd
/kaggle/working/site-packages/onmt/modules/sparse_activations.py:46: FutureWarning: `torch.cuda.amp.custom_fwd(args...)` is deprecated. Please use `torch.amp.custom_fwd(args..., device_type='cuda')` instead.
  @custom_fwd
/kaggle/working/site-packages/onmt/modules/sparse_activations.py:66: FutureWarning: `torch.cuda.amp.custom_bwd(args...)` is deprecated. Please use `torch.amp.custom_bwd(args..., device_type='cuda')` instead.
  @custom_bwd
/kaggle/working/site-packages/onmt/modules/sru.py:395: FutureWarning: `torch.cuda.amp.custom_fwd(args...)` is deprecated. Please use `torch.amp.custom_fwd(args..., device_type='cuda')` instead.
  @custom_fwd
/kaggle/working/site-packages/onmt/modules/sru.py:444: FutureWarning: `torch.cuda.amp.custom_bwd(args...)` is deprecated. Please use `torch.amp.custom_bwd(args..., device_type='cuda')` instead.
  @custom_bwd
/kaggle/working/site-packages/onmt/modules/sparse_losses.py:10: FutureWarning: `torch.cuda.amp.custom_fwd(args...)` is deprecated. Please use `torch.amp.custom_fwd(args..., device_type='cuda')` instead.
  @custom_fwd
/kaggle/working/site-packages/onmt/modules/sparse_losses.py:31: FutureWarning: `torch.cuda.amp.custom_bwd(args...)` is deprecated. Please use `torch.amp.custom_bwd(args..., device_type='cuda')` instead.
  @custom_bwd
/kaggle/working/site-packages/onmt/modules/sparse_activations.py:46: FutureWarning: `torch.cuda.amp.custom_fwd(args...)` is deprecated. Please use `torch.amp.custom_fwd(args..., device_type='cuda')` instead.
  @custom_fwd
/kaggle/working/site-packages/onmt/modules/sparse_activations.py:66: FutureWarning: `torch.cuda.amp.custom_bwd(args...)` is deprecated. Please use `torch.amp.custom_bwd(args..., device_type='cuda')` instead.
  @custom_bwd
/kaggle/working/site-packages/onmt/modules/sru.py:395: FutureWarning: `torch.cuda.amp.custom_fwd(args...)` is deprecated. Please use `torch.amp.custom_fwd(args..., device_type='cuda')` instead.
  @custom_fwd
/kaggle/working/site-packages/onmt/modules/sru.py:444: FutureWarning: `torch.cuda.amp.custom_bwd(args...)` is deprecated. Please use `torch.amp.custom_bwd(args..., device_type='cuda')` instead.
  @custom_bwd
/kaggle/working/site-packages/onmt/modules/sparse_losses.py:10: FutureWarning: `torch.cuda.amp.custom_fwd(args...)` is deprecated. Please use `torch.amp.custom_fwd(args..., device_type='cuda')` instead.
  @custom_fwd
/kaggle/working/site-packages/onmt/modules/sparse_losses.py:31: FutureWarning: `torch.cuda.amp.custom_bwd(args...)` is deprecated. Please use `torch.amp.custom_bwd(args..., device_type='cuda')` instead.
  @custom_bwd
/kaggle/working/site-packages/onmt/modules/sparse_activations.py:46: FutureWarning: `torch.cuda.amp.custom_fwd(args...)` is deprecated. Please use `torch.amp.custom_fwd(args..., device_type='cuda')` instead.
  @custom_fwd
/kaggle/working/site-packages/onmt/modules/sparse_activations.py:66: FutureWarning: `torch.cuda.amp.custom_bwd(args...)` is deprecated. Please use `torch.amp.custom_bwd(args..., device_type='cuda')` instead.
  @custom_bwd
/kaggle/working/site-packages/onmt/modules/sru.py:395: FutureWarning: `torch.cuda.amp.custom_fwd(args...)` is deprecated. Please use `torch.amp.custom_fwd(args..., device_type='cuda')` instead.
  @custom_fwd
/kaggle/working/site-packages/onmt/modules/sru.py:444: FutureWarning: `torch.cuda.amp.custom_bwd(args...)` is deprecated. Please use `torch.amp.custom_bwd(args..., device_type='cuda')` instead.
  @custom_bwd
/kaggle/working/site-packages/onmt/modules/sparse_losses.py:10: FutureWarning: `torch.cuda.amp.custom_fwd(args...)` is deprecated. Please use `torch.amp.custom_fwd(args..., device_type='cuda')` instead.
  @custom_fwd
/kaggle/working/site-packages/onmt/modules/sparse_losses.py:31: FutureWarning: `torch.cuda.amp.custom_bwd(args...)` is deprecated. Please use `torch.amp.custom_bwd(args..., device_type='cuda')` instead.
  @custom_bwd
/kaggle/working/site-packages/onmt/modules/sparse_activations.py:46: FutureWarning: `torch.cuda.amp.custom_fwd(args...)` is deprecated. Please use `torch.amp.custom_fwd(args..., device_type='cuda')` instead.
  @custom_fwd
/kaggle/working/site-packages/onmt/modules/sparse_activations.py:66: FutureWarning: `torch.cuda.amp.custom_bwd(args...)` is deprecated. Please use `torch.amp.custom_bwd(args..., device_type='cuda')` instead.
  @custom_bwd
/kaggle/working/site-packages/onmt/modules/sru.py:395: FutureWarning: `torch.cuda.amp.custom_fwd(args...)` is deprecated. Please use `torch.amp.custom_fwd(args..., device_type='cuda')` instead.
  @custom_fwd
/kaggle/working/site-packages/onmt/modules/sru.py:444: FutureWarning: `torch.cuda.amp.custom_bwd(args...)` is deprecated. Please use `torch.amp.custom_bwd(args..., device_type='cuda')` instead.
  @custom_bwd
/kaggle/working/site-packages/onmt/modules/sparse_losses.py:10: FutureWarning: `torch.cuda.amp.custom_fwd(args...)` is deprecated. Please use `torch.amp.custom_fwd(args..., device_type='cuda')` instead.
  @custom_fwd
/kaggle/working/site-packages/onmt/modules/sparse_losses.py:31: FutureWarning: `torch.cuda.amp.custom_bwd(args...)` is deprecated. Please use `torch.amp.custom_bwd(args..., device_type='cuda')` instead.
  @custom_bwd
/kaggle/working/site-packages/onmt/modules/sparse_activations.py:46: FutureWarning: `torch.cuda.amp.custom_fwd(args...)` is deprecated. Please use `torch.amp.custom_fwd(args..., device_type='cuda')` instead.
  @custom_fwd
/kaggle/working/site-packages/onmt/modules/sparse_activations.py:66: FutureWarning: `torch.cuda.amp.custom_bwd(args...)` is deprecated. Please use `torch.amp.custom_bwd(args..., device_type='cuda')` instead.
  @custom_bwd
/kaggle/working/site-packages/onmt/modules/sru.py:395: FutureWarning: `torch.cuda.amp.custom_fwd(args...)` is deprecated. Please use `torch.amp.custom_fwd(args..., device_type='cuda')` instead.
  @custom_fwd
/kaggle/working/site-packages/onmt/modules/sru.py:444: FutureWarning: `torch.cuda.amp.custom_bwd(args...)` is deprecated. Please use `torch.amp.custom_bwd(args..., device_type='cuda')` instead.
  @custom_bwd
/kaggle/working/site-packages/onmt/modules/sparse_losses.py:10: FutureWarning: `torch.cuda.amp.custom_fwd(args...)` is deprecated. Please use `torch.amp.custom_fwd(args..., device_type='cuda')` instead.
  @custom_fwd
/kaggle/working/site-packages/onmt/modules/sparse_losses.py:31: FutureWarning: `torch.cuda.amp.custom_bwd(args...)` is deprecated. Please use `torch.amp.custom_bwd(args..., device_type='cuda')` instead.
  @custom_bwd
/kaggle/working/site-packages/onmt/modules/sparse_activations.py:46: FutureWarning: `torch.cuda.amp.custom_fwd(args...)` is deprecated. Please use `torch.amp.custom_fwd(args..., device_type='cuda')` instead.
  @custom_fwd
/kaggle/working/site-packages/onmt/modules/sparse_activations.py:66: FutureWarning: `torch.cuda.amp.custom_bwd(args...)` is deprecated. Please use `torch.amp.custom_bwd(args..., device_type='cuda')` instead.
  @custom_bwd
/kaggle/working/site-packages/onmt/modules/sru.py:395: FutureWarning: `torch.cuda.amp.custom_fwd(args...)` is deprecated. Please use `torch.amp.custom_fwd(args..., device_type='cuda')` instead.
  @custom_fwd
/kaggle/working/site-packages/onmt/modules/sru.py:444: FutureWarning: `torch.cuda.amp.custom_bwd(args...)` is deprecated. Please use `torch.amp.custom_bwd(args..., device_type='cuda')` instead.
  @custom_bwd
/kaggle/working/site-packages/onmt/modules/sparse_losses.py:10: FutureWarning: `torch.cuda.amp.custom_fwd(args...)` is deprecated. Please use `torch.amp.custom_fwd(args..., device_type='cuda')` instead.
  @custom_fwd
/kaggle/working/site-packages/onmt/modules/sparse_losses.py:31: FutureWarning: `torch.cuda.amp.custom_bwd(args...)` is deprecated. Please use `torch.amp.custom_bwd(args..., device_type='cuda')` instead.
  @custom_bwd
[2026-09-23 21:17:15,783 INFO] valid stats calculation
                           took: 16.74278998374939 s.
[2026-09-23 21:17:15,784 INFO] Train perplexity: 1.24666
[2026-09-23 21:17:15,784 INFO] Train accuracy: 96.4127
[2026-09-23 21:17:15,784 INFO] Sentences processed: 2.10905e+08
[2026-09-23 21:17:15,784 INFO] Average bsz: 41413/36477/5273
[2026-09-23 21:17:15,784 INFO] Validation perplexity: 1.61041
[2026-09-23 21:17:15,784 INFO] Validation accuracy: 95.1787
[2026-09-23 21:17:15,786 INFO] Saving checkpoint /kaggle/working/checkpoints/base_v3_production/reparos_base_v3_production_step_40000.pt
[2026-09-23 21:17:19,011 INFO] * Transform statistics for corpus_1(12.50%):
			* SubwordStats: 5622347 -> 7215444 tokens

[2026-09-23 21:17:19,011 INFO] Weighted corpora loaded so far:
			* corpus_1: 56
[2026-09-23 21:17:24,053 INFO] * Transform statistics for corpus_1(12.50%):
			* SubwordStats: 5630611 -> 7222649 tokens

[2026-09-23 21:17:24,053 INFO] Weighted corpora loaded so far:
			* corpus_1: 56
[2026-09-23 21:17:25,514 INFO] * Transform statistics for corpus_1(12.50%):
			* SubwordStats: 5632132 -> 7229278 tokens

[2026-09-23 21:17:25,515 INFO] Weighted corpora loaded so far:
			* corpus_1: 56
[2026-09-23 21:17:28,683 INFO] * Transform statistics for corpus_1(12.50%):
			* SubwordStats: 5623196 -> 7214376 tokens

[2026-09-23 21:17:28,683 INFO] Weighted corpora loaded so far:
			* corpus_1: 56
[2026-09-23 21:17:31,867 INFO] * Transform statistics for corpus_1(12.50%):
			* SubwordStats: 5619511 -> 7210344 tokens

[2026-09-23 21:17:31,868 INFO] Weighted corpora loaded so far:
			* corpus_1: 57
[2026-09-23 21:17:54,236 INFO] * Transform statistics for corpus_1(12.50%):
			* SubwordStats: 5627854 -> 7218553 tokens

[2026-09-23 21:17:54,237 INFO] Weighted corpora loaded so far:
			* corpus_1: 57
[2026-09-23 21:17:56,860 INFO] * Transform statistics for corpus_1(12.50%):
			* SubwordStats: 5628266 -> 7221550 tokens

[2026-09-23 21:17:56,860 INFO] Weighted corpora loaded so far:
			* corpus_1: 57
[2026-09-23 21:17:57,831 INFO] * Transform statistics for corpus_1(12.50%):
			* SubwordStats: 5630076 -> 7228570 tokens

[2026-09-23 21:17:57,831 INFO] Weighted corpora loaded so far:
			* corpus_1: 57
[2026-09-23 21:18:03,051 INFO] * Transform statistics for corpus_1(12.50%):
			* SubwordStats: 5621426 -> 7214236 tokens

[2026-09-23 21:18:03,051 INFO] Weighted corpora loaded so far:
			* corpus_1: 57
[2026-09-23 21:18:09,153 INFO] * Transform statistics for corpus_1(12.50%):
			* SubwordStats: 5632626 -> 7228756 tokens

[2026-09-23 21:18:09,153 INFO] Weighted corpora loaded so far:
			* corpus_1: 57
[2026-09-23 21:18:09,633 INFO] * Transform statistics for corpus_1(12.50%):
			* SubwordStats: 5631494 -> 7223900 tokens

[2026-09-23 21:18:09,633 INFO] Weighted corpora loaded so far:
			* corpus_1: 57
[2026-09-23 21:18:12,812 INFO] * Transform statistics for corpus_1(12.50%):
			* SubwordStats: 5624718 -> 7215505 tokens

[2026-09-23 21:18:12,813 INFO] Weighted corpora loaded so far:
			* corpus_1: 57
[2026-09-23 21:18:15,195 INFO] * Transform statistics for corpus_1(12.50%):
			* SubwordStats: 5619432 -> 7210717 tokens

[2026-09-23 21:18:15,195 INFO] Weighted corpora loaded so far:
			* corpus_1: 58
[2026-09-23 21:18:37,016 INFO] * Transform statistics for corpus_1(12.50%):
			* SubwordStats: 5625935 -> 7216082 tokens

[2026-09-23 21:18:37,016 INFO] Weighted corpora loaded so far:
			* corpus_1: 58
[2026-09-23 21:18:40,296 INFO] * Transform statistics for corpus_1(12.50%):
			* SubwordStats: 5626049 -> 7219496 tokens

[2026-09-23 21:18:40,296 INFO] Weighted corpora loaded so far:
			* corpus_1: 58
[2026-09-23 21:18:42,572 INFO] * Transform statistics for corpus_1(12.50%):
			* SubwordStats: 5631864 -> 7231038 tokens

[2026-09-23 21:18:42,572 INFO] Weighted corpora loaded so far:
			* corpus_1: 58
[2026-09-23 21:18:48,384 INFO] * Transform statistics for corpus_1(12.50%):
			* SubwordStats: 5619773 -> 7212804 tokens

[2026-09-23 21:18:48,384 INFO] Weighted corpora loaded so far:
			* corpus_1: 58
[2026-09-23 21:18:53,923 INFO] * Transform statistics for corpus_1(12.50%):
			* SubwordStats: 5630517 -> 7222001 tokens

[2026-09-23 21:18:53,923 INFO] Weighted corpora loaded so far:
			* corpus_1: 58
[2026-09-23 21:18:54,211 INFO] * Transform statistics for corpus_1(12.50%):
			* SubwordStats: 5633039 -> 7230567 tokens

[2026-09-23 21:18:54,211 INFO] Weighted corpora loaded so far:
			* corpus_1: 58
[2026-09-23 21:18:57,519 INFO] * Transform statistics for corpus_1(12.50%):
			* SubwordStats: 5623506 -> 7212501 tokens

[2026-09-23 21:18:57,519 INFO] Weighted corpora loaded so far:
			* corpus_1: 58
[2026-09-23 21:18:57,644 INFO] * Transform statistics for corpus_1(12.50%):
			* SubwordStats: 5619273 -> 7211083 tokens

[2026-09-23 21:18:57,645 INFO] Weighted corpora loaded so far:
			* corpus_1: 59
[2026-09-23 21:19:14,669 INFO] Step 42000/50000; acc: 99.3; ppl:   1.0; xent: 0.0; lr: 0.00043; sents: 10575973; bsz: 41345/36474/5288; 609673/537855 tok/s;   3386 sec;
/kaggle/working/site-packages/onmt/modules/sparse_activations.py:46: FutureWarning: `torch.cuda.amp.custom_fwd(args...)` is deprecated. Please use `torch.amp.custom_fwd(args..., device_type='cuda')` instead.
  @custom_fwd
/kaggle/working/site-packages/onmt/modules/sparse_activations.py:66: FutureWarning: `torch.cuda.amp.custom_bwd(args...)` is deprecated. Please use `torch.amp.custom_bwd(args..., device_type='cuda')` instead.
  @custom_bwd
/kaggle/working/site-packages/onmt/modules/sru.py:395: FutureWarning: `torch.cuda.amp.custom_fwd(args...)` is deprecated. Please use `torch.amp.custom_fwd(args..., device_type='cuda')` instead.
  @custom_fwd
/kaggle/working/site-packages/onmt/modules/sru.py:444: FutureWarning: `torch.cuda.amp.custom_bwd(args...)` is deprecated. Please use `torch.amp.custom_bwd(args..., device_type='cuda')` instead.
  @custom_bwd
/kaggle/working/site-packages/onmt/modules/sparse_losses.py:10: FutureWarning: `torch.cuda.amp.custom_fwd(args...)` is deprecated. Please use `torch.amp.custom_fwd(args..., device_type='cuda')` instead.
  @custom_fwd
/kaggle/working/site-packages/onmt/modules/sparse_losses.py:31: FutureWarning: `torch.cuda.amp.custom_bwd(args...)` is deprecated. Please use `torch.amp.custom_bwd(args..., device_type='cuda')` instead.
  @custom_bwd
/kaggle/working/site-packages/onmt/modules/sparse_activations.py:46: FutureWarning: `torch.cuda.amp.custom_fwd(args...)` is deprecated. Please use `torch.amp.custom_fwd(args..., device_type='cuda')` instead.
  @custom_fwd
/kaggle/working/site-packages/onmt/modules/sparse_activations.py:66: FutureWarning: `torch.cuda.amp.custom_bwd(args...)` is deprecated. Please use `torch.amp.custom_bwd(args..., device_type='cuda')` instead.
  @custom_bwd
/kaggle/working/site-packages/onmt/modules/sru.py:395: FutureWarning: `torch.cuda.amp.custom_fwd(args...)` is deprecated. Please use `torch.amp.custom_fwd(args..., device_type='cuda')` instead.
  @custom_fwd
/kaggle/working/site-packages/onmt/modules/sru.py:444: FutureWarning: `torch.cuda.amp.custom_bwd(args...)` is deprecated. Please use `torch.amp.custom_bwd(args..., device_type='cuda')` instead.
  @custom_bwd
/kaggle/working/site-packages/onmt/modules/sparse_losses.py:10: FutureWarning: `torch.cuda.amp.custom_fwd(args...)` is deprecated. Please use `torch.amp.custom_fwd(args..., device_type='cuda')` instead.
  @custom_fwd
/kaggle/working/site-packages/onmt/modules/sparse_losses.py:31: FutureWarning: `torch.cuda.amp.custom_bwd(args...)` is deprecated. Please use `torch.amp.custom_bwd(args..., device_type='cuda')` instead.
  @custom_bwd
/kaggle/working/site-packages/onmt/modules/sparse_activations.py:46: FutureWarning: `torch.cuda.amp.custom_fwd(args...)` is deprecated. Please use `torch.amp.custom_fwd(args..., device_type='cuda')` instead.
  @custom_fwd
/kaggle/working/site-packages/onmt/modules/sparse_activations.py:66: FutureWarning: `torch.cuda.amp.custom_bwd(args...)` is deprecated. Please use `torch.amp.custom_bwd(args..., device_type='cuda')` instead.
  @custom_bwd
/kaggle/working/site-packages/onmt/modules/sru.py:395: FutureWarning: `torch.cuda.amp.custom_fwd(args...)` is deprecated. Please use `torch.amp.custom_fwd(args..., device_type='cuda')` instead.
  @custom_fwd
/kaggle/working/site-packages/onmt/modules/sru.py:444: FutureWarning: `torch.cuda.amp.custom_bwd(args...)` is deprecated. Please use `torch.amp.custom_bwd(args..., device_type='cuda')` instead.
  @custom_bwd
/kaggle/working/site-packages/onmt/modules/sparse_losses.py:10: FutureWarning: `torch.cuda.amp.custom_fwd(args...)` is deprecated. Please use `torch.amp.custom_fwd(args..., device_type='cuda')` instead.
  @custom_fwd
/kaggle/working/site-packages/onmt/modules/sparse_losses.py:31: FutureWarning: `torch.cuda.amp.custom_bwd(args...)` is deprecated. Please use `torch.amp.custom_bwd(args..., device_type='cuda')` instead.
  @custom_bwd
/kaggle/working/site-packages/onmt/modules/sparse_activations.py:46: FutureWarning: `torch.cuda.amp.custom_fwd(args...)` is deprecated. Please use `torch.amp.custom_fwd(args..., device_type='cuda')` instead.
  @custom_fwd
/kaggle/working/site-packages/onmt/modules/sparse_activations.py:66: FutureWarning: `torch.cuda.amp.custom_bwd(args...)` is deprecated. Please use `torch.amp.custom_bwd(args..., device_type='cuda')` instead.
  @custom_bwd
/kaggle/working/site-packages/onmt/modules/sru.py:395: FutureWarning: `torch.cuda.amp.custom_fwd(args...)` is deprecated. Please use `torch.amp.custom_fwd(args..., device_type='cuda')` instead.
  @custom_fwd
/kaggle/working/site-packages/onmt/modules/sru.py:444: FutureWarning: `torch.cuda.amp.custom_bwd(args...)` is deprecated. Please use `torch.amp.custom_bwd(args..., device_type='cuda')` instead.
  @custom_bwd
/kaggle/working/site-packages/onmt/modules/sparse_losses.py:10: FutureWarning: `torch.cuda.amp.custom_fwd(args...)` is deprecated. Please use `torch.amp.custom_fwd(args..., device_type='cuda')` instead.
  @custom_fwd
/kaggle/working/site-packages/onmt/modules/sparse_losses.py:31: FutureWarning: `torch.cuda.amp.custom_bwd(args...)` is deprecated. Please use `torch.amp.custom_bwd(args..., device_type='cuda')` instead.
  @custom_bwd
/kaggle/working/site-packages/onmt/modules/sparse_activations.py:46: FutureWarning: `torch.cuda.amp.custom_fwd(args...)` is deprecated. Please use `torch.amp.custom_fwd(args..., device_type='cuda')` instead.
  @custom_fwd
/kaggle/working/site-packages/onmt/modules/sparse_activations.py:66: FutureWarning: `torch.cuda.amp.custom_bwd(args...)` is deprecated. Please use `torch.amp.custom_bwd(args..., device_type='cuda')` instead.
  @custom_bwd
/kaggle/working/site-packages/onmt/modules/sru.py:395: FutureWarning: `torch.cuda.amp.custom_fwd(args...)` is deprecated. Please use `torch.amp.custom_fwd(args..., device_type='cuda')` instead.
  @custom_fwd
/kaggle/working/site-packages/onmt/modules/sru.py:444: FutureWarning: `torch.cuda.amp.custom_bwd(args...)` is deprecated. Please use `torch.amp.custom_bwd(args..., device_type='cuda')` instead.
  @custom_bwd
/kaggle/working/site-packages/onmt/modules/sparse_losses.py:10: FutureWarning: `torch.cuda.amp.custom_fwd(args...)` is deprecated. Please use `torch.amp.custom_fwd(args..., device_type='cuda')` instead.
  @custom_fwd
/kaggle/working/site-packages/onmt/modules/sparse_losses.py:31: FutureWarning: `torch.cuda.amp.custom_bwd(args...)` is deprecated. Please use `torch.amp.custom_bwd(args..., device_type='cuda')` instead.
  @custom_bwd
/kaggle/working/site-packages/onmt/modules/sparse_activations.py:46: FutureWarning: `torch.cuda.amp.custom_fwd(args...)` is deprecated. Please use `torch.amp.custom_fwd(args..., device_type='cuda')` instead.
  @custom_fwd
/kaggle/working/site-packages/onmt/modules/sparse_activations.py:66: FutureWarning: `torch.cuda.amp.custom_bwd(args...)` is deprecated. Please use `torch.amp.custom_bwd(args..., device_type='cuda')` instead.
  @custom_bwd
/kaggle/working/site-packages/onmt/modules/sru.py:395: FutureWarning: `torch.cuda.amp.custom_fwd(args...)` is deprecated. Please use `torch.amp.custom_fwd(args..., device_type='cuda')` instead.
  @custom_fwd
/kaggle/working/site-packages/onmt/modules/sru.py:444: FutureWarning: `torch.cuda.amp.custom_bwd(args...)` is deprecated. Please use `torch.amp.custom_bwd(args..., device_type='cuda')` instead.
  @custom_bwd
/kaggle/working/site-packages/onmt/modules/sparse_losses.py:10: FutureWarning: `torch.cuda.amp.custom_fwd(args...)` is deprecated. Please use `torch.amp.custom_fwd(args..., device_type='cuda')` instead.
  @custom_fwd
/kaggle/working/site-packages/onmt/modules/sparse_losses.py:31: FutureWarning: `torch.cuda.amp.custom_bwd(args...)` is deprecated. Please use `torch.amp.custom_bwd(args..., device_type='cuda')` instead.
  @custom_bwd
/kaggle/working/site-packages/onmt/modules/sparse_activations.py:46: FutureWarning: `torch.cuda.amp.custom_fwd(args...)` is deprecated. Please use `torch.amp.custom_fwd(args..., device_type='cuda')` instead.
  @custom_fwd
/kaggle/working/site-packages/onmt/modules/sparse_activations.py:66: FutureWarning: `torch.cuda.amp.custom_bwd(args...)` is deprecated. Please use `torch.amp.custom_bwd(args..., device_type='cuda')` instead.
  @custom_bwd
/kaggle/working/site-packages/onmt/modules/sru.py:395: FutureWarning: `torch.cuda.amp.custom_fwd(args...)` is deprecated. Please use `torch.amp.custom_fwd(args..., device_type='cuda')` instead.
  @custom_fwd
/kaggle/working/site-packages/onmt/modules/sru.py:444: FutureWarning: `torch.cuda.amp.custom_bwd(args...)` is deprecated. Please use `torch.amp.custom_bwd(args..., device_type='cuda')` instead.
  @custom_bwd
/kaggle/working/site-packages/onmt/modules/sparse_losses.py:10: FutureWarning: `torch.cuda.amp.custom_fwd(args...)` is deprecated. Please use `torch.amp.custom_fwd(args..., device_type='cuda')` instead.
  @custom_fwd
/kaggle/working/site-packages/onmt/modules/sparse_losses.py:31: FutureWarning: `torch.cuda.amp.custom_bwd(args...)` is deprecated. Please use `torch.amp.custom_bwd(args..., device_type='cuda')` instead.
  @custom_bwd
/kaggle/working/site-packages/onmt/modules/sparse_activations.py:46: FutureWarning: `torch.cuda.amp.custom_fwd(args...)` is deprecated. Please use `torch.amp.custom_fwd(args..., device_type='cuda')` instead.
  @custom_fwd
/kaggle/working/site-packages/onmt/modules/sparse_activations.py:66: FutureWarning: `torch.cuda.amp.custom_bwd(args...)` is deprecated. Please use `torch.amp.custom_bwd(args..., device_type='cuda')` instead.
  @custom_bwd
/kaggle/working/site-packages/onmt/modules/sru.py:395: FutureWarning: `torch.cuda.amp.custom_fwd(args...)` is deprecated. Please use `torch.amp.custom_fwd(args..., device_type='cuda')` instead.
  @custom_fwd
/kaggle/working/site-packages/onmt/modules/sru.py:444: FutureWarning: `torch.cuda.amp.custom_bwd(args...)` is deprecated. Please use `torch.amp.custom_bwd(args..., device_type='cuda')` instead.
  @custom_bwd
/kaggle/working/site-packages/onmt/modules/sparse_losses.py:10: FutureWarning: `torch.cuda.amp.custom_fwd(args...)` is deprecated. Please use `torch.amp.custom_fwd(args..., device_type='cuda')` instead.
  @custom_fwd
/kaggle/working/site-packages/onmt/modules/sparse_losses.py:31: FutureWarning: `torch.cuda.amp.custom_bwd(args...)` is deprecated. Please use `torch.amp.custom_bwd(args..., device_type='cuda')` instead.
  @custom_bwd
[2026-09-23 21:19:31,440 INFO] valid stats calculation
                           took: 16.770015001296997 s.
[2026-09-23 21:19:31,440 INFO] Train perplexity: 1.23513
[2026-09-23 21:19:31,440 INFO] Train accuracy: 96.5483
[2026-09-23 21:19:31,440 INFO] Sentences processed: 2.21481e+08
[2026-09-23 21:19:31,440 INFO] Average bsz: 41409/36477/5273
[2026-09-23 21:19:31,440 INFO] Validation perplexity: 1.66318
[2026-09-23 21:19:31,440 INFO] Validation accuracy: 95.0397
[2026-09-23 21:19:43,933 INFO] * Transform statistics for corpus_1(12.50%):
			* SubwordStats: 5627273 -> 7217959 tokens

[2026-09-23 21:19:43,933 INFO] Weighted corpora loaded so far:
			* corpus_1: 59
[2026-09-23 21:19:47,911 INFO] * Transform statistics for corpus_1(12.50%):
			* SubwordStats: 5624855 -> 7217379 tokens

[2026-09-23 21:19:47,911 INFO] Weighted corpora loaded so far:
			* corpus_1: 59
[2026-09-23 21:19:48,196 INFO] * Transform statistics for corpus_1(12.50%):
			* SubwordStats: 5632793 -> 7232004 tokens

[2026-09-23 21:19:48,197 INFO] Weighted corpora loaded so far:
			* corpus_1: 59
[2026-09-23 21:19:54,118 INFO] * Transform statistics for corpus_1(12.50%):
			* SubwordStats: 5620205 -> 7213087 tokens

[2026-09-23 21:19:54,119 INFO] Weighted corpora loaded so far:
			* corpus_1: 59
[2026-09-23 21:19:59,883 INFO] * Transform statistics for corpus_1(12.50%):
			* SubwordStats: 5629812 -> 7221230 tokens

[2026-09-23 21:19:59,883 INFO] Weighted corpora loaded so far:
			* corpus_1: 59
[2026-09-23 21:20:00,517 INFO] * Transform statistics for corpus_1(12.50%):
			* SubwordStats: 5632699 -> 7229353 tokens

[2026-09-23 21:20:00,518 INFO] Weighted corpora loaded so far:
			* corpus_1: 59
[2026-09-23 21:20:04,395 INFO] * Transform statistics for corpus_1(12.50%):
			* SubwordStats: 5624734 -> 7215254 tokens

[2026-09-23 21:20:04,395 INFO] Weighted corpora loaded so far:
			* corpus_1: 59
[2026-09-23 21:20:06,266 INFO] * Transform statistics for corpus_1(12.50%):
			* SubwordStats: 5621699 -> 7213668 tokens

[2026-09-23 21:20:06,267 INFO] Weighted corpora loaded so far:
			* corpus_1: 60
[2026-09-23 21:20:28,406 INFO] * Transform statistics for corpus_1(12.50%):
			* SubwordStats: 5626444 -> 7216908 tokens

[2026-09-23 21:20:28,406 INFO] Weighted corpora loaded so far:
			* corpus_1: 60
[2026-09-23 21:20:31,128 INFO] * Transform statistics for corpus_1(12.50%):
			* SubwordStats: 5626782 -> 7221060 tokens

[2026-09-23 21:20:31,128 INFO] Weighted corpora loaded so far:
			* corpus_1: 60
[2026-09-23 21:20:31,960 INFO] * Transform statistics for corpus_1(12.50%):
			* SubwordStats: 5631433 -> 7231337 tokens

[2026-09-23 21:20:31,960 INFO] Weighted corpora loaded so far:
			* corpus_1: 60
[2026-09-23 21:20:38,077 INFO] * Transform statistics for corpus_1(12.50%):
			* SubwordStats: 5622700 -> 7216198 tokens

[2026-09-23 21:20:38,077 INFO] Weighted corpora loaded so far:
			* corpus_1: 60
[2026-09-23 21:20:43,015 INFO] * Transform statistics for corpus_1(12.50%):
			* SubwordStats: 4217834 -> 5411271 tokens

[2026-09-23 21:20:43,016 INFO] Weighted corpora loaded so far:
			* corpus_1: 61
[2026-09-23 21:20:44,349 INFO] * Transform statistics for corpus_1(12.50%):
			* SubwordStats: 5631451 -> 7228403 tokens

[2026-09-23 21:20:44,350 INFO] Weighted corpora loaded so far:
			* corpus_1: 60
[2026-09-23 21:20:46,044 INFO] * Transform statistics for corpus_1(12.50%):
			* SubwordStats: 5631140 -> 7221973 tokens

[2026-09-23 21:20:46,044 INFO] Weighted corpora loaded so far:
			* corpus_1: 60
[2026-09-23 21:20:48,476 INFO] * Transform statistics for corpus_1(12.50%):
			* SubwordStats: 5624026 -> 7214037 tokens

[2026-09-23 21:20:48,476 INFO] Weighted corpora loaded so far:
			* corpus_1: 60
[2026-09-23 21:21:03,580 INFO] * Transform statistics for corpus_1(12.50%):
			* SubwordStats: 4221371 -> 5415576 tokens

[2026-09-23 21:21:03,580 INFO] Weighted corpora loaded so far:
			* corpus_1: 61
[2026-09-23 21:21:07,262 INFO] * Transform statistics for corpus_1(12.50%):
			* SubwordStats: 4222813 -> 5420686 tokens

[2026-09-23 21:21:07,263 INFO] Weighted corpora loaded so far:
			* corpus_1: 61
[2026-09-23 21:21:07,714 INFO] * Transform statistics for corpus_1(12.50%):
			* SubwordStats: 4219745 -> 5415970 tokens

[2026-09-23 21:21:07,714 INFO] Weighted corpora loaded so far:
			* corpus_1: 61
[2026-09-23 21:21:12,830 INFO] * Transform statistics for corpus_1(12.50%):
			* SubwordStats: 4218015 -> 5412803 tokens

[2026-09-23 21:21:12,831 INFO] Weighted corpora loaded so far:
			* corpus_1: 61
[2026-09-23 21:21:27,748 INFO] * Transform statistics for corpus_1(12.50%):
			* SubwordStats: 4222857 -> 5415955 tokens

[2026-09-23 21:21:27,748 INFO] Weighted corpora loaded so far:
			* corpus_1: 61
[2026-09-23 21:21:29,270 INFO] * Transform statistics for corpus_1(12.50%):
			* SubwordStats: 4223174 -> 5419989 tokens

[2026-09-23 21:21:29,270 INFO] Weighted corpora loaded so far:
			* corpus_1: 61
[2026-09-23 21:21:35,327 INFO] Step 44000/50000; acc: 99.3; ppl:   1.0; xent: 0.0; lr: 0.00042; sents: 10550344; bsz: 41445/36505/5275; 589308/519059 tok/s;   3526 sec;
/kaggle/working/site-packages/onmt/modules/sparse_activations.py:46: FutureWarning: `torch.cuda.amp.custom_fwd(args...)` is deprecated. Please use `torch.amp.custom_fwd(args..., device_type='cuda')` instead.
  @custom_fwd
/kaggle/working/site-packages/onmt/modules/sparse_activations.py:66: FutureWarning: `torch.cuda.amp.custom_bwd(args...)` is deprecated. Please use `torch.amp.custom_bwd(args..., device_type='cuda')` instead.
  @custom_bwd
/kaggle/working/site-packages/onmt/modules/sru.py:395: FutureWarning: `torch.cuda.amp.custom_fwd(args...)` is deprecated. Please use `torch.amp.custom_fwd(args..., device_type='cuda')` instead.
  @custom_fwd
/kaggle/working/site-packages/onmt/modules/sru.py:444: FutureWarning: `torch.cuda.amp.custom_bwd(args...)` is deprecated. Please use `torch.amp.custom_bwd(args..., device_type='cuda')` instead.
  @custom_bwd
/kaggle/working/site-packages/onmt/modules/sparse_losses.py:10: FutureWarning: `torch.cuda.amp.custom_fwd(args...)` is deprecated. Please use `torch.amp.custom_fwd(args..., device_type='cuda')` instead.
  @custom_fwd
/kaggle/working/site-packages/onmt/modules/sparse_losses.py:31: FutureWarning: `torch.cuda.amp.custom_bwd(args...)` is deprecated. Please use `torch.amp.custom_bwd(args..., device_type='cuda')` instead.
  @custom_bwd
/kaggle/working/site-packages/onmt/modules/sparse_activations.py:46: FutureWarning: `torch.cuda.amp.custom_fwd(args...)` is deprecated. Please use `torch.amp.custom_fwd(args..., device_type='cuda')` instead.
  @custom_fwd
/kaggle/working/site-packages/onmt/modules/sparse_activations.py:66: FutureWarning: `torch.cuda.amp.custom_bwd(args...)` is deprecated. Please use `torch.amp.custom_bwd(args..., device_type='cuda')` instead.
  @custom_bwd
/kaggle/working/site-packages/onmt/modules/sru.py:395: FutureWarning: `torch.cuda.amp.custom_fwd(args...)` is deprecated. Please use `torch.amp.custom_fwd(args..., device_type='cuda')` instead.
  @custom_fwd
/kaggle/working/site-packages/onmt/modules/sru.py:444: FutureWarning: `torch.cuda.amp.custom_bwd(args...)` is deprecated. Please use `torch.amp.custom_bwd(args..., device_type='cuda')` instead.
  @custom_bwd
/kaggle/working/site-packages/onmt/modules/sparse_losses.py:10: FutureWarning: `torch.cuda.amp.custom_fwd(args...)` is deprecated. Please use `torch.amp.custom_fwd(args..., device_type='cuda')` instead.
  @custom_fwd
/kaggle/working/site-packages/onmt/modules/sparse_losses.py:31: FutureWarning: `torch.cuda.amp.custom_bwd(args...)` is deprecated. Please use `torch.amp.custom_bwd(args..., device_type='cuda')` instead.
  @custom_bwd
/kaggle/working/site-packages/onmt/modules/sparse_activations.py:46: FutureWarning: `torch.cuda.amp.custom_fwd(args...)` is deprecated. Please use `torch.amp.custom_fwd(args..., device_type='cuda')` instead.
  @custom_fwd
/kaggle/working/site-packages/onmt/modules/sparse_activations.py:66: FutureWarning: `torch.cuda.amp.custom_bwd(args...)` is deprecated. Please use `torch.amp.custom_bwd(args..., device_type='cuda')` instead.
  @custom_bwd
/kaggle/working/site-packages/onmt/modules/sru.py:395: FutureWarning: `torch.cuda.amp.custom_fwd(args...)` is deprecated. Please use `torch.amp.custom_fwd(args..., device_type='cuda')` instead.
  @custom_fwd
/kaggle/working/site-packages/onmt/modules/sru.py:444: FutureWarning: `torch.cuda.amp.custom_bwd(args...)` is deprecated. Please use `torch.amp.custom_bwd(args..., device_type='cuda')` instead.
  @custom_bwd
/kaggle/working/site-packages/onmt/modules/sparse_losses.py:10: FutureWarning: `torch.cuda.amp.custom_fwd(args...)` is deprecated. Please use `torch.amp.custom_fwd(args..., device_type='cuda')` instead.
  @custom_fwd
/kaggle/working/site-packages/onmt/modules/sparse_losses.py:31: FutureWarning: `torch.cuda.amp.custom_bwd(args...)` is deprecated. Please use `torch.amp.custom_bwd(args..., device_type='cuda')` instead.
  @custom_bwd
/kaggle/working/site-packages/onmt/modules/sparse_activations.py:46: FutureWarning: `torch.cuda.amp.custom_fwd(args...)` is deprecated. Please use `torch.amp.custom_fwd(args..., device_type='cuda')` instead.
  @custom_fwd
/kaggle/working/site-packages/onmt/modules/sparse_activations.py:66: FutureWarning: `torch.cuda.amp.custom_bwd(args...)` is deprecated. Please use `torch.amp.custom_bwd(args..., device_type='cuda')` instead.
  @custom_bwd
/kaggle/working/site-packages/onmt/modules/sru.py:395: FutureWarning: `torch.cuda.amp.custom_fwd(args...)` is deprecated. Please use `torch.amp.custom_fwd(args..., device_type='cuda')` instead.
  @custom_fwd
/kaggle/working/site-packages/onmt/modules/sru.py:444: FutureWarning: `torch.cuda.amp.custom_bwd(args...)` is deprecated. Please use `torch.amp.custom_bwd(args..., device_type='cuda')` instead.
  @custom_bwd
/kaggle/working/site-packages/onmt/modules/sparse_losses.py:10: FutureWarning: `torch.cuda.amp.custom_fwd(args...)` is deprecated. Please use `torch.amp.custom_fwd(args..., device_type='cuda')` instead.
  @custom_fwd
/kaggle/working/site-packages/onmt/modules/sparse_losses.py:31: FutureWarning: `torch.cuda.amp.custom_bwd(args...)` is deprecated. Please use `torch.amp.custom_bwd(args..., device_type='cuda')` instead.
  @custom_bwd
/kaggle/working/site-packages/onmt/modules/sparse_activations.py:46: FutureWarning: `torch.cuda.amp.custom_fwd(args...)` is deprecated. Please use `torch.amp.custom_fwd(args..., device_type='cuda')` instead.
  @custom_fwd
/kaggle/working/site-packages/onmt/modules/sparse_activations.py:66: FutureWarning: `torch.cuda.amp.custom_bwd(args...)` is deprecated. Please use `torch.amp.custom_bwd(args..., device_type='cuda')` instead.
  @custom_bwd
/kaggle/working/site-packages/onmt/modules/sru.py:395: FutureWarning: `torch.cuda.amp.custom_fwd(args...)` is deprecated. Please use `torch.amp.custom_fwd(args..., device_type='cuda')` instead.
  @custom_fwd
/kaggle/working/site-packages/onmt/modules/sru.py:444: FutureWarning: `torch.cuda.amp.custom_bwd(args...)` is deprecated. Please use `torch.amp.custom_bwd(args..., device_type='cuda')` instead.
  @custom_bwd
/kaggle/working/site-packages/onmt/modules/sparse_losses.py:10: FutureWarning: `torch.cuda.amp.custom_fwd(args...)` is deprecated. Please use `torch.amp.custom_fwd(args..., device_type='cuda')` instead.
  @custom_fwd
/kaggle/working/site-packages/onmt/modules/sparse_losses.py:31: FutureWarning: `torch.cuda.amp.custom_bwd(args...)` is deprecated. Please use `torch.amp.custom_bwd(args..., device_type='cuda')` instead.
  @custom_bwd
/kaggle/working/site-packages/onmt/modules/sparse_activations.py:46: FutureWarning: `torch.cuda.amp.custom_fwd(args...)` is deprecated. Please use `torch.amp.custom_fwd(args..., device_type='cuda')` instead.
  @custom_fwd
/kaggle/working/site-packages/onmt/modules/sparse_activations.py:66: FutureWarning: `torch.cuda.amp.custom_bwd(args...)` is deprecated. Please use `torch.amp.custom_bwd(args..., device_type='cuda')` instead.
  @custom_bwd
/kaggle/working/site-packages/onmt/modules/sru.py:395: FutureWarning: `torch.cuda.amp.custom_fwd(args...)` is deprecated. Please use `torch.amp.custom_fwd(args..., device_type='cuda')` instead.
  @custom_fwd
/kaggle/working/site-packages/onmt/modules/sru.py:444: FutureWarning: `torch.cuda.amp.custom_bwd(args...)` is deprecated. Please use `torch.amp.custom_bwd(args..., device_type='cuda')` instead.
  @custom_bwd
/kaggle/working/site-packages/onmt/modules/sparse_losses.py:10: FutureWarning: `torch.cuda.amp.custom_fwd(args...)` is deprecated. Please use `torch.amp.custom_fwd(args..., device_type='cuda')` instead.
  @custom_fwd
/kaggle/working/site-packages/onmt/modules/sparse_losses.py:31: FutureWarning: `torch.cuda.amp.custom_bwd(args...)` is deprecated. Please use `torch.amp.custom_bwd(args..., device_type='cuda')` instead.
  @custom_bwd
/kaggle/working/site-packages/onmt/modules/sparse_activations.py:46: FutureWarning: `torch.cuda.amp.custom_fwd(args...)` is deprecated. Please use `torch.amp.custom_fwd(args..., device_type='cuda')` instead.
  @custom_fwd
/kaggle/working/site-packages/onmt/modules/sparse_activations.py:66: FutureWarning: `torch.cuda.amp.custom_bwd(args...)` is deprecated. Please use `torch.amp.custom_bwd(args..., device_type='cuda')` instead.
  @custom_bwd
/kaggle/working/site-packages/onmt/modules/sru.py:395: FutureWarning: `torch.cuda.amp.custom_fwd(args...)` is deprecated. Please use `torch.amp.custom_fwd(args..., device_type='cuda')` instead.
  @custom_fwd
/kaggle/working/site-packages/onmt/modules/sru.py:444: FutureWarning: `torch.cuda.amp.custom_bwd(args...)` is deprecated. Please use `torch.amp.custom_bwd(args..., device_type='cuda')` instead.
  @custom_bwd
/kaggle/working/site-packages/onmt/modules/sparse_losses.py:10: FutureWarning: `torch.cuda.amp.custom_fwd(args...)` is deprecated. Please use `torch.amp.custom_fwd(args..., device_type='cuda')` instead.
  @custom_fwd
/kaggle/working/site-packages/onmt/modules/sparse_losses.py:31: FutureWarning: `torch.cuda.amp.custom_bwd(args...)` is deprecated. Please use `torch.amp.custom_bwd(args..., device_type='cuda')` instead.
  @custom_bwd
/kaggle/working/site-packages/onmt/modules/sparse_activations.py:46: FutureWarning: `torch.cuda.amp.custom_fwd(args...)` is deprecated. Please use `torch.amp.custom_fwd(args..., device_type='cuda')` instead.
  @custom_fwd
/kaggle/working/site-packages/onmt/modules/sparse_activations.py:66: FutureWarning: `torch.cuda.amp.custom_bwd(args...)` is deprecated. Please use `torch.amp.custom_bwd(args..., device_type='cuda')` instead.
  @custom_bwd
/kaggle/working/site-packages/onmt/modules/sru.py:395: FutureWarning: `torch.cuda.amp.custom_fwd(args...)` is deprecated. Please use `torch.amp.custom_fwd(args..., device_type='cuda')` instead.
  @custom_fwd
/kaggle/working/site-packages/onmt/modules/sru.py:444: FutureWarning: `torch.cuda.amp.custom_bwd(args...)` is deprecated. Please use `torch.amp.custom_bwd(args..., device_type='cuda')` instead.
  @custom_bwd
/kaggle/working/site-packages/onmt/modules/sparse_losses.py:10: FutureWarning: `torch.cuda.amp.custom_fwd(args...)` is deprecated. Please use `torch.amp.custom_fwd(args..., device_type='cuda')` instead.
  @custom_fwd
/kaggle/working/site-packages/onmt/modules/sparse_losses.py:31: FutureWarning: `torch.cuda.amp.custom_bwd(args...)` is deprecated. Please use `torch.amp.custom_bwd(args..., device_type='cuda')` instead.
  @custom_bwd
[2026-09-23 21:21:52,009 INFO] valid stats calculation
                           took: 16.682167530059814 s.
[2026-09-23 21:21:52,010 INFO] Train perplexity: 1.22466
[2026-09-23 21:21:52,010 INFO] Train accuracy: 96.6733
[2026-09-23 21:21:52,010 INFO] Sentences processed: 2.32032e+08
[2026-09-23 21:21:52,010 INFO] Average bsz: 41411/36478/5273
[2026-09-23 21:21:52,010 INFO] Validation perplexity: 1.641
[2026-09-23 21:21:52,010 INFO] Validation accuracy: 95.121
[2026-09-23 21:21:55,052 INFO] * Transform statistics for corpus_1(12.50%):
			* SubwordStats: 5619911 -> 7211023 tokens

[2026-09-23 21:21:55,052 INFO] Weighted corpora loaded so far:
			* corpus_1: 62
[2026-09-23 21:21:55,370 INFO] * Transform statistics for corpus_1(12.50%):
			* SubwordStats: 4217431 -> 5410135 tokens

[2026-09-23 21:21:55,370 INFO] Weighted corpora loaded so far:
			* corpus_1: 61
[2026-09-23 21:22:17,007 INFO] * Transform statistics for corpus_1(12.50%):
			* SubwordStats: 5627503 -> 7218733 tokens

[2026-09-23 21:22:17,007 INFO] Weighted corpora loaded so far:
			* corpus_1: 62
[2026-09-23 21:22:21,321 INFO] * Transform statistics for corpus_1(12.50%):
			* SubwordStats: 5626401 -> 7219097 tokens

[2026-09-23 21:22:21,321 INFO] Weighted corpora loaded so far:
			* corpus_1: 62
[2026-09-23 21:22:22,644 INFO] * Transform statistics for corpus_1(12.50%):
			* SubwordStats: 5630113 -> 7229662 tokens

[2026-09-23 21:22:22,645 INFO] Weighted corpora loaded so far:
			* corpus_1: 62
[2026-09-23 21:22:28,549 INFO] * Transform statistics for corpus_1(12.50%):
			* SubwordStats: 5621091 -> 7214292 tokens

[2026-09-23 21:22:28,549 INFO] Weighted corpora loaded so far:
			* corpus_1: 62
[2026-09-23 21:22:33,707 INFO] * Transform statistics for corpus_1(12.50%):
			* SubwordStats: 5631332 -> 7223353 tokens

[2026-09-23 21:22:33,707 INFO] Weighted corpora loaded so far:
			* corpus_1: 62
[2026-09-23 21:22:34,184 INFO] * Transform statistics for corpus_1(12.50%):
			* SubwordStats: 5633189 -> 7229045 tokens

[2026-09-23 21:22:34,184 INFO] Weighted corpora loaded so far:
			* corpus_1: 62
[2026-09-23 21:22:34,991 INFO] Saving checkpoint /kaggle/working/checkpoints/base_v3_production/reparos_base_v3_production_step_45000.pt
[2026-09-23 21:22:37,759 INFO] * Transform statistics for corpus_1(12.50%):
			* SubwordStats: 5624853 -> 7215424 tokens

[2026-09-23 21:22:37,760 INFO] Weighted corpora loaded so far:
			* corpus_1: 62
[2026-09-23 21:22:38,708 INFO] * Transform statistics for corpus_1(12.50%):
			* SubwordStats: 5620176 -> 7211268 tokens

[2026-09-23 21:22:38,708 INFO] Weighted corpora loaded so far:
			* corpus_1: 63
[2026-09-23 21:23:01,482 INFO] * Transform statistics for corpus_1(12.50%):
			* SubwordStats: 5627473 -> 7217409 tokens

[2026-09-23 21:23:01,482 INFO] Weighted corpora loaded so far:
			* corpus_1: 63
[2026-09-23 21:23:05,811 INFO] * Transform statistics for corpus_1(12.50%):
			* SubwordStats: 5627275 -> 7221334 tokens

[2026-09-23 21:23:05,812 INFO] Weighted corpora loaded so far:
			* corpus_1: 63
[2026-09-23 21:23:07,101 INFO] * Transform statistics for corpus_1(12.50%):
			* SubwordStats: 5631259 -> 7229300 tokens

[2026-09-23 21:23:07,102 INFO] Weighted corpora loaded so far:
			* corpus_1: 63
[2026-09-23 21:23:12,194 INFO] * Transform statistics for corpus_1(12.50%):
			* SubwordStats: 5620477 -> 7213309 tokens

[2026-09-23 21:23:12,194 INFO] Weighted corpora loaded so far:
			* corpus_1: 63
[2026-09-23 21:23:16,851 INFO] * Transform statistics for corpus_1(12.50%):
			* SubwordStats: 5630864 -> 7223212 tokens

[2026-09-23 21:23:16,851 INFO] Weighted corpora loaded so far:
			* corpus_1: 63
[2026-09-23 21:23:20,083 INFO] * Transform statistics for corpus_1(12.50%):
			* SubwordStats: 5631723 -> 7229409 tokens

[2026-09-23 21:23:20,084 INFO] Weighted corpora loaded so far:
			* corpus_1: 63
[2026-09-23 21:23:21,908 INFO] * Transform statistics for corpus_1(12.50%):
			* SubwordStats: 5623814 -> 7213827 tokens

[2026-09-23 21:23:21,908 INFO] Weighted corpora loaded so far:
			* corpus_1: 63
[2026-09-23 21:23:23,885 INFO] * Transform statistics for corpus_1(12.50%):
			* SubwordStats: 5618327 -> 7209340 tokens

[2026-09-23 21:23:23,886 INFO] Weighted corpora loaded so far:
			* corpus_1: 64
[2026-09-23 21:23:54,920 INFO] * Transform statistics for corpus_1(12.50%):
			* SubwordStats: 5625820 -> 7216422 tokens

[2026-09-23 21:23:54,920 INFO] Weighted corpora loaded so far:
			* corpus_1: 64
[2026-09-23 21:23:55,953 INFO] Step 46000/50000; acc: 99.3; ppl:   1.0; xent: 0.0; lr: 0.00041; sents: 10507050; bsz: 41344/36402/5254; 587999/517713 tok/s;   3667 sec;
/kaggle/working/site-packages/onmt/modules/sparse_activations.py:46: FutureWarning: `torch.cuda.amp.custom_fwd(args...)` is deprecated. Please use `torch.amp.custom_fwd(args..., device_type='cuda')` instead.
  @custom_fwd
/kaggle/working/site-packages/onmt/modules/sparse_activations.py:66: FutureWarning: `torch.cuda.amp.custom_bwd(args...)` is deprecated. Please use `torch.amp.custom_bwd(args..., device_type='cuda')` instead.
  @custom_bwd
/kaggle/working/site-packages/onmt/modules/sru.py:395: FutureWarning: `torch.cuda.amp.custom_fwd(args...)` is deprecated. Please use `torch.amp.custom_fwd(args..., device_type='cuda')` instead.
  @custom_fwd
/kaggle/working/site-packages/onmt/modules/sru.py:444: FutureWarning: `torch.cuda.amp.custom_bwd(args...)` is deprecated. Please use `torch.amp.custom_bwd(args..., device_type='cuda')` instead.
  @custom_bwd
/kaggle/working/site-packages/onmt/modules/sparse_losses.py:10: FutureWarning: `torch.cuda.amp.custom_fwd(args...)` is deprecated. Please use `torch.amp.custom_fwd(args..., device_type='cuda')` instead.
  @custom_fwd
/kaggle/working/site-packages/onmt/modules/sparse_losses.py:31: FutureWarning: `torch.cuda.amp.custom_bwd(args...)` is deprecated. Please use `torch.amp.custom_bwd(args..., device_type='cuda')` instead.
  @custom_bwd
/kaggle/working/site-packages/onmt/modules/sparse_activations.py:46: FutureWarning: `torch.cuda.amp.custom_fwd(args...)` is deprecated. Please use `torch.amp.custom_fwd(args..., device_type='cuda')` instead.
  @custom_fwd
/kaggle/working/site-packages/onmt/modules/sparse_activations.py:66: FutureWarning: `torch.cuda.amp.custom_bwd(args...)` is deprecated. Please use `torch.amp.custom_bwd(args..., device_type='cuda')` instead.
  @custom_bwd
/kaggle/working/site-packages/onmt/modules/sru.py:395: FutureWarning: `torch.cuda.amp.custom_fwd(args...)` is deprecated. Please use `torch.amp.custom_fwd(args..., device_type='cuda')` instead.
  @custom_fwd
/kaggle/working/site-packages/onmt/modules/sru.py:444: FutureWarning: `torch.cuda.amp.custom_bwd(args...)` is deprecated. Please use `torch.amp.custom_bwd(args..., device_type='cuda')` instead.
  @custom_bwd
/kaggle/working/site-packages/onmt/modules/sparse_losses.py:10: FutureWarning: `torch.cuda.amp.custom_fwd(args...)` is deprecated. Please use `torch.amp.custom_fwd(args..., device_type='cuda')` instead.
  @custom_fwd
/kaggle/working/site-packages/onmt/modules/sparse_losses.py:31: FutureWarning: `torch.cuda.amp.custom_bwd(args...)` is deprecated. Please use `torch.amp.custom_bwd(args..., device_type='cuda')` instead.
  @custom_bwd
/kaggle/working/site-packages/onmt/modules/sparse_activations.py:46: FutureWarning: `torch.cuda.amp.custom_fwd(args...)` is deprecated. Please use `torch.amp.custom_fwd(args..., device_type='cuda')` instead.
  @custom_fwd
/kaggle/working/site-packages/onmt/modules/sparse_activations.py:66: FutureWarning: `torch.cuda.amp.custom_bwd(args...)` is deprecated. Please use `torch.amp.custom_bwd(args..., device_type='cuda')` instead.
  @custom_bwd
/kaggle/working/site-packages/onmt/modules/sru.py:395: FutureWarning: `torch.cuda.amp.custom_fwd(args...)` is deprecated. Please use `torch.amp.custom_fwd(args..., device_type='cuda')` instead.
  @custom_fwd
/kaggle/working/site-packages/onmt/modules/sru.py:444: FutureWarning: `torch.cuda.amp.custom_bwd(args...)` is deprecated. Please use `torch.amp.custom_bwd(args..., device_type='cuda')` instead.
  @custom_bwd
/kaggle/working/site-packages/onmt/modules/sparse_losses.py:10: FutureWarning: `torch.cuda.amp.custom_fwd(args...)` is deprecated. Please use `torch.amp.custom_fwd(args..., device_type='cuda')` instead.
  @custom_fwd
/kaggle/working/site-packages/onmt/modules/sparse_losses.py:31: FutureWarning: `torch.cuda.amp.custom_bwd(args...)` is deprecated. Please use `torch.amp.custom_bwd(args..., device_type='cuda')` instead.
  @custom_bwd
/kaggle/working/site-packages/onmt/modules/sparse_activations.py:46: FutureWarning: `torch.cuda.amp.custom_fwd(args...)` is deprecated. Please use `torch.amp.custom_fwd(args..., device_type='cuda')` instead.
  @custom_fwd
/kaggle/working/site-packages/onmt/modules/sparse_activations.py:66: FutureWarning: `torch.cuda.amp.custom_bwd(args...)` is deprecated. Please use `torch.amp.custom_bwd(args..., device_type='cuda')` instead.
  @custom_bwd
/kaggle/working/site-packages/onmt/modules/sru.py:395: FutureWarning: `torch.cuda.amp.custom_fwd(args...)` is deprecated. Please use `torch.amp.custom_fwd(args..., device_type='cuda')` instead.
  @custom_fwd
/kaggle/working/site-packages/onmt/modules/sru.py:444: FutureWarning: `torch.cuda.amp.custom_bwd(args...)` is deprecated. Please use `torch.amp.custom_bwd(args..., device_type='cuda')` instead.
  @custom_bwd
/kaggle/working/site-packages/onmt/modules/sparse_losses.py:10: FutureWarning: `torch.cuda.amp.custom_fwd(args...)` is deprecated. Please use `torch.amp.custom_fwd(args..., device_type='cuda')` instead.
  @custom_fwd
/kaggle/working/site-packages/onmt/modules/sparse_losses.py:31: FutureWarning: `torch.cuda.amp.custom_bwd(args...)` is deprecated. Please use `torch.amp.custom_bwd(args..., device_type='cuda')` instead.
  @custom_bwd
/kaggle/working/site-packages/onmt/modules/sparse_activations.py:46: FutureWarning: `torch.cuda.amp.custom_fwd(args...)` is deprecated. Please use `torch.amp.custom_fwd(args..., device_type='cuda')` instead.
  @custom_fwd
/kaggle/working/site-packages/onmt/modules/sparse_activations.py:66: FutureWarning: `torch.cuda.amp.custom_bwd(args...)` is deprecated. Please use `torch.amp.custom_bwd(args..., device_type='cuda')` instead.
  @custom_bwd
/kaggle/working/site-packages/onmt/modules/sru.py:395: FutureWarning: `torch.cuda.amp.custom_fwd(args...)` is deprecated. Please use `torch.amp.custom_fwd(args..., device_type='cuda')` instead.
  @custom_fwd
/kaggle/working/site-packages/onmt/modules/sru.py:444: FutureWarning: `torch.cuda.amp.custom_bwd(args...)` is deprecated. Please use `torch.amp.custom_bwd(args..., device_type='cuda')` instead.
  @custom_bwd
/kaggle/working/site-packages/onmt/modules/sparse_losses.py:10: FutureWarning: `torch.cuda.amp.custom_fwd(args...)` is deprecated. Please use `torch.amp.custom_fwd(args..., device_type='cuda')` instead.
  @custom_fwd
/kaggle/working/site-packages/onmt/modules/sparse_losses.py:31: FutureWarning: `torch.cuda.amp.custom_bwd(args...)` is deprecated. Please use `torch.amp.custom_bwd(args..., device_type='cuda')` instead.
  @custom_bwd
/kaggle/working/site-packages/onmt/modules/sparse_activations.py:46: FutureWarning: `torch.cuda.amp.custom_fwd(args...)` is deprecated. Please use `torch.amp.custom_fwd(args..., device_type='cuda')` instead.
  @custom_fwd
/kaggle/working/site-packages/onmt/modules/sparse_activations.py:66: FutureWarning: `torch.cuda.amp.custom_bwd(args...)` is deprecated. Please use `torch.amp.custom_bwd(args..., device_type='cuda')` instead.
  @custom_bwd
/kaggle/working/site-packages/onmt/modules/sru.py:395: FutureWarning: `torch.cuda.amp.custom_fwd(args...)` is deprecated. Please use `torch.amp.custom_fwd(args..., device_type='cuda')` instead.
  @custom_fwd
/kaggle/working/site-packages/onmt/modules/sru.py:444: FutureWarning: `torch.cuda.amp.custom_bwd(args...)` is deprecated. Please use `torch.amp.custom_bwd(args..., device_type='cuda')` instead.
  @custom_bwd
/kaggle/working/site-packages/onmt/modules/sparse_losses.py:10: FutureWarning: `torch.cuda.amp.custom_fwd(args...)` is deprecated. Please use `torch.amp.custom_fwd(args..., device_type='cuda')` instead.
  @custom_fwd
/kaggle/working/site-packages/onmt/modules/sparse_losses.py:31: FutureWarning: `torch.cuda.amp.custom_bwd(args...)` is deprecated. Please use `torch.amp.custom_bwd(args..., device_type='cuda')` instead.
  @custom_bwd
/kaggle/working/site-packages/onmt/modules/sparse_activations.py:46: FutureWarning: `torch.cuda.amp.custom_fwd(args...)` is deprecated. Please use `torch.amp.custom_fwd(args..., device_type='cuda')` instead.
  @custom_fwd
/kaggle/working/site-packages/onmt/modules/sparse_activations.py:66: FutureWarning: `torch.cuda.amp.custom_bwd(args...)` is deprecated. Please use `torch.amp.custom_bwd(args..., device_type='cuda')` instead.
  @custom_bwd
/kaggle/working/site-packages/onmt/modules/sru.py:395: FutureWarning: `torch.cuda.amp.custom_fwd(args...)` is deprecated. Please use `torch.amp.custom_fwd(args..., device_type='cuda')` instead.
  @custom_fwd
/kaggle/working/site-packages/onmt/modules/sru.py:444: FutureWarning: `torch.cuda.amp.custom_bwd(args...)` is deprecated. Please use `torch.amp.custom_bwd(args..., device_type='cuda')` instead.
  @custom_bwd
/kaggle/working/site-packages/onmt/modules/sparse_losses.py:10: FutureWarning: `torch.cuda.amp.custom_fwd(args...)` is deprecated. Please use `torch.amp.custom_fwd(args..., device_type='cuda')` instead.
  @custom_fwd
/kaggle/working/site-packages/onmt/modules/sparse_losses.py:31: FutureWarning: `torch.cuda.amp.custom_bwd(args...)` is deprecated. Please use `torch.amp.custom_bwd(args..., device_type='cuda')` instead.
  @custom_bwd
/kaggle/working/site-packages/onmt/modules/sparse_activations.py:46: FutureWarning: `torch.cuda.amp.custom_fwd(args...)` is deprecated. Please use `torch.amp.custom_fwd(args..., device_type='cuda')` instead.
  @custom_fwd
/kaggle/working/site-packages/onmt/modules/sparse_activations.py:66: FutureWarning: `torch.cuda.amp.custom_bwd(args...)` is deprecated. Please use `torch.amp.custom_bwd(args..., device_type='cuda')` instead.
  @custom_bwd
/kaggle/working/site-packages/onmt/modules/sru.py:395: FutureWarning: `torch.cuda.amp.custom_fwd(args...)` is deprecated. Please use `torch.amp.custom_fwd(args..., device_type='cuda')` instead.
  @custom_fwd
/kaggle/working/site-packages/onmt/modules/sru.py:444: FutureWarning: `torch.cuda.amp.custom_bwd(args...)` is deprecated. Please use `torch.amp.custom_bwd(args..., device_type='cuda')` instead.
  @custom_bwd
/kaggle/working/site-packages/onmt/modules/sparse_losses.py:10: FutureWarning: `torch.cuda.amp.custom_fwd(args...)` is deprecated. Please use `torch.amp.custom_fwd(args..., device_type='cuda')` instead.
  @custom_fwd
/kaggle/working/site-packages/onmt/modules/sparse_losses.py:31: FutureWarning: `torch.cuda.amp.custom_bwd(args...)` is deprecated. Please use `torch.amp.custom_bwd(args..., device_type='cuda')` instead.
  @custom_bwd
[2026-09-23 21:24:17,301 INFO] valid stats calculation
                           took: 21.347832918167114 s.
[2026-09-23 21:24:17,301 INFO] Train perplexity: 1.2152
[2026-09-23 21:24:17,301 INFO] Train accuracy: 96.7875
[2026-09-23 21:24:17,301 INFO] Sentences processed: 2.42539e+08
[2026-09-23 21:24:17,301 INFO] Average bsz: 41408/36475/5273
[2026-09-23 21:24:17,302 INFO] Validation perplexity: 1.79266
[2026-09-23 21:24:17,302 INFO] Validation accuracy: 94.7723
[2026-09-23 21:24:22,245 INFO] * Transform statistics for corpus_1(12.50%):
			* SubwordStats: 5631799 -> 7231526 tokens

[2026-09-23 21:24:22,245 INFO] Weighted corpora loaded so far:
			* corpus_1: 64
[2026-09-23 21:24:22,543 INFO] * Transform statistics for corpus_1(12.50%):
			* SubwordStats: 5625932 -> 7218864 tokens

[2026-09-23 21:24:22,543 INFO] Weighted corpora loaded so far:
			* corpus_1: 64
[2026-09-23 21:24:27,315 INFO] * Transform statistics for corpus_1(12.50%):
			* SubwordStats: 5619870 -> 7212996 tokens

[2026-09-23 21:24:27,315 INFO] Weighted corpora loaded so far:
			* corpus_1: 64
[2026-09-23 21:24:35,619 INFO] * Transform statistics for corpus_1(12.50%):
			* SubwordStats: 5630587 -> 7222519 tokens

[2026-09-23 21:24:35,619 INFO] Weighted corpora loaded so far:
			* corpus_1: 64
[2026-09-23 21:24:36,190 INFO] * Transform statistics for corpus_1(12.50%):
			* SubwordStats: 5633419 -> 7229938 tokens

[2026-09-23 21:24:36,190 INFO] Weighted corpora loaded so far:
			* corpus_1: 64
[2026-09-23 21:24:36,444 INFO] * Transform statistics for corpus_1(12.50%):
			* SubwordStats: 5621142 -> 7213278 tokens

[2026-09-23 21:24:36,444 INFO] Weighted corpora loaded so far:
			* corpus_1: 65
[2026-09-23 21:24:40,627 INFO] * Transform statistics for corpus_1(12.50%):
			* SubwordStats: 5624347 -> 7214805 tokens

[2026-09-23 21:24:40,627 INFO] Weighted corpora loaded so far:
			* corpus_1: 64
[2026-09-23 21:25:00,192 INFO] * Transform statistics for corpus_1(12.50%):
			* SubwordStats: 5628564 -> 7219484 tokens

[2026-09-23 21:25:00,192 INFO] Weighted corpora loaded so far:
			* corpus_1: 65
[2026-09-23 21:25:06,072 INFO] * Transform statistics for corpus_1(12.50%):
			* SubwordStats: 5632365 -> 7232169 tokens

[2026-09-23 21:25:06,072 INFO] Weighted corpora loaded so far:
			* corpus_1: 65
[2026-09-23 21:25:06,943 INFO] * Transform statistics for corpus_1(12.50%):
			* SubwordStats: 5625959 -> 7219274 tokens

[2026-09-23 21:25:06,944 INFO] Weighted corpora loaded so far:
			* corpus_1: 65
[2026-09-23 21:25:09,851 INFO] * Transform statistics for corpus_1(12.50%):
			* SubwordStats: 5621749 -> 7214759 tokens

[2026-09-23 21:25:09,851 INFO] Weighted corpora loaded so far:
			* corpus_1: 65
[2026-09-23 21:25:13,722 INFO] * Transform statistics for corpus_1(12.50%):
			* SubwordStats: 4218796 -> 5412940 tokens

[2026-09-23 21:25:13,722 INFO] Weighted corpora loaded so far:
			* corpus_1: 66
[2026-09-23 21:25:20,028 INFO] * Transform statistics for corpus_1(12.50%):
			* SubwordStats: 5629687 -> 7219894 tokens

[2026-09-23 21:25:20,028 INFO] Weighted corpora loaded so far:
			* corpus_1: 65
[2026-09-23 21:25:20,118 INFO] * Transform statistics for corpus_1(12.50%):
			* SubwordStats: 5632172 -> 7229513 tokens

[2026-09-23 21:25:20,118 INFO] Weighted corpora loaded so far:
			* corpus_1: 65
[2026-09-23 21:25:24,354 INFO] * Transform statistics for corpus_1(12.50%):
			* SubwordStats: 5624568 -> 7213805 tokens

[2026-09-23 21:25:24,354 INFO] Weighted corpora loaded so far:
			* corpus_1: 65
[2026-09-23 21:25:36,607 INFO] * Transform statistics for corpus_1(12.50%):
			* SubwordStats: 4218662 -> 5412319 tokens

[2026-09-23 21:25:36,607 INFO] Weighted corpora loaded so far:
			* corpus_1: 66
[2026-09-23 21:25:41,741 INFO] * Transform statistics for corpus_1(12.50%):
			* SubwordStats: 4223118 -> 5420723 tokens

[2026-09-23 21:25:41,741 INFO] Weighted corpora loaded so far:
			* corpus_1: 66
[2026-09-23 21:25:43,273 INFO] * Transform statistics for corpus_1(12.50%):
			* SubwordStats: 4218943 -> 5415467 tokens

[2026-09-23 21:25:43,273 INFO] Weighted corpora loaded so far:
			* corpus_1: 66
[2026-09-23 21:25:48,153 INFO] * Transform statistics for corpus_1(12.50%):
			* SubwordStats: 4218259 -> 5413805 tokens

[2026-09-23 21:25:48,153 INFO] Weighted corpora loaded so far:
			* corpus_1: 66
[2026-09-23 21:25:55,269 INFO] * Transform statistics for corpus_1(12.50%):
			* SubwordStats: 4222494 -> 5419129 tokens

[2026-09-23 21:25:55,269 INFO] Weighted corpora loaded so far:
			* corpus_1: 66
[2026-09-23 21:25:56,427 INFO] * Transform statistics for corpus_1(12.50%):
			* SubwordStats: 4223616 -> 5416298 tokens

[2026-09-23 21:25:56,427 INFO] Weighted corpora loaded so far:
			* corpus_1: 66
[2026-09-23 21:25:59,163 INFO] * Transform statistics for corpus_1(12.50%):
			* SubwordStats: 5620135 -> 7211300 tokens

[2026-09-23 21:25:59,163 INFO] Weighted corpora loaded so far:
			* corpus_1: 67
[2026-09-23 21:25:59,898 INFO] * Transform statistics for corpus_1(12.50%):
			* SubwordStats: 4217244 -> 5409669 tokens

[2026-09-23 21:25:59,898 INFO] Weighted corpora loaded so far:
			* corpus_1: 66
[2026-09-23 21:26:16,253 INFO] Step 48000/50000; acc: 99.3; ppl:   1.0; xent: 0.0; lr: 0.00040; sents: 10520988; bsz: 41402/36444/5260; 590195/519514 tok/s;   3807 sec;
/kaggle/working/site-packages/onmt/modules/sparse_activations.py:46: FutureWarning: `torch.cuda.amp.custom_fwd(args...)` is deprecated. Please use `torch.amp.custom_fwd(args..., device_type='cuda')` instead.
  @custom_fwd
/kaggle/working/site-packages/onmt/modules/sparse_activations.py:66: FutureWarning: `torch.cuda.amp.custom_bwd(args...)` is deprecated. Please use `torch.amp.custom_bwd(args..., device_type='cuda')` instead.
  @custom_bwd
/kaggle/working/site-packages/onmt/modules/sru.py:395: FutureWarning: `torch.cuda.amp.custom_fwd(args...)` is deprecated. Please use `torch.amp.custom_fwd(args..., device_type='cuda')` instead.
  @custom_fwd
/kaggle/working/site-packages/onmt/modules/sru.py:444: FutureWarning: `torch.cuda.amp.custom_bwd(args...)` is deprecated. Please use `torch.amp.custom_bwd(args..., device_type='cuda')` instead.
  @custom_bwd
/kaggle/working/site-packages/onmt/modules/sparse_losses.py:10: FutureWarning: `torch.cuda.amp.custom_fwd(args...)` is deprecated. Please use `torch.amp.custom_fwd(args..., device_type='cuda')` instead.
  @custom_fwd
/kaggle/working/site-packages/onmt/modules/sparse_losses.py:31: FutureWarning: `torch.cuda.amp.custom_bwd(args...)` is deprecated. Please use `torch.amp.custom_bwd(args..., device_type='cuda')` instead.
  @custom_bwd
/kaggle/working/site-packages/onmt/modules/sparse_activations.py:46: FutureWarning: `torch.cuda.amp.custom_fwd(args...)` is deprecated. Please use `torch.amp.custom_fwd(args..., device_type='cuda')` instead.
  @custom_fwd
/kaggle/working/site-packages/onmt/modules/sparse_activations.py:66: FutureWarning: `torch.cuda.amp.custom_bwd(args...)` is deprecated. Please use `torch.amp.custom_bwd(args..., device_type='cuda')` instead.
  @custom_bwd
/kaggle/working/site-packages/onmt/modules/sru.py:395: FutureWarning: `torch.cuda.amp.custom_fwd(args...)` is deprecated. Please use `torch.amp.custom_fwd(args..., device_type='cuda')` instead.
  @custom_fwd
/kaggle/working/site-packages/onmt/modules/sru.py:444: FutureWarning: `torch.cuda.amp.custom_bwd(args...)` is deprecated. Please use `torch.amp.custom_bwd(args..., device_type='cuda')` instead.
  @custom_bwd
/kaggle/working/site-packages/onmt/modules/sparse_losses.py:10: FutureWarning: `torch.cuda.amp.custom_fwd(args...)` is deprecated. Please use `torch.amp.custom_fwd(args..., device_type='cuda')` instead.
  @custom_fwd
/kaggle/working/site-packages/onmt/modules/sparse_losses.py:31: FutureWarning: `torch.cuda.amp.custom_bwd(args...)` is deprecated. Please use `torch.amp.custom_bwd(args..., device_type='cuda')` instead.
  @custom_bwd
/kaggle/working/site-packages/onmt/modules/sparse_activations.py:46: FutureWarning: `torch.cuda.amp.custom_fwd(args...)` is deprecated. Please use `torch.amp.custom_fwd(args..., device_type='cuda')` instead.
  @custom_fwd
/kaggle/working/site-packages/onmt/modules/sparse_activations.py:66: FutureWarning: `torch.cuda.amp.custom_bwd(args...)` is deprecated. Please use `torch.amp.custom_bwd(args..., device_type='cuda')` instead.
  @custom_bwd
/kaggle/working/site-packages/onmt/modules/sru.py:395: FutureWarning: `torch.cuda.amp.custom_fwd(args...)` is deprecated. Please use `torch.amp.custom_fwd(args..., device_type='cuda')` instead.
  @custom_fwd
/kaggle/working/site-packages/onmt/modules/sru.py:444: FutureWarning: `torch.cuda.amp.custom_bwd(args...)` is deprecated. Please use `torch.amp.custom_bwd(args..., device_type='cuda')` instead.
  @custom_bwd
/kaggle/working/site-packages/onmt/modules/sparse_losses.py:10: FutureWarning: `torch.cuda.amp.custom_fwd(args...)` is deprecated. Please use `torch.amp.custom_fwd(args..., device_type='cuda')` instead.
  @custom_fwd
/kaggle/working/site-packages/onmt/modules/sparse_losses.py:31: FutureWarning: `torch.cuda.amp.custom_bwd(args...)` is deprecated. Please use `torch.amp.custom_bwd(args..., device_type='cuda')` instead.
  @custom_bwd
/kaggle/working/site-packages/onmt/modules/sparse_activations.py:46: FutureWarning: `torch.cuda.amp.custom_fwd(args...)` is deprecated. Please use `torch.amp.custom_fwd(args..., device_type='cuda')` instead.
  @custom_fwd
/kaggle/working/site-packages/onmt/modules/sparse_activations.py:66: FutureWarning: `torch.cuda.amp.custom_bwd(args...)` is deprecated. Please use `torch.amp.custom_bwd(args..., device_type='cuda')` instead.
  @custom_bwd
/kaggle/working/site-packages/onmt/modules/sru.py:395: FutureWarning: `torch.cuda.amp.custom_fwd(args...)` is deprecated. Please use `torch.amp.custom_fwd(args..., device_type='cuda')` instead.
  @custom_fwd
/kaggle/working/site-packages/onmt/modules/sru.py:444: FutureWarning: `torch.cuda.amp.custom_bwd(args...)` is deprecated. Please use `torch.amp.custom_bwd(args..., device_type='cuda')` instead.
  @custom_bwd
/kaggle/working/site-packages/onmt/modules/sparse_losses.py:10: FutureWarning: `torch.cuda.amp.custom_fwd(args...)` is deprecated. Please use `torch.amp.custom_fwd(args..., device_type='cuda')` instead.
  @custom_fwd
/kaggle/working/site-packages/onmt/modules/sparse_losses.py:31: FutureWarning: `torch.cuda.amp.custom_bwd(args...)` is deprecated. Please use `torch.amp.custom_bwd(args..., device_type='cuda')` instead.
  @custom_bwd
/kaggle/working/site-packages/onmt/modules/sparse_activations.py:46: FutureWarning: `torch.cuda.amp.custom_fwd(args...)` is deprecated. Please use `torch.amp.custom_fwd(args..., device_type='cuda')` instead.
  @custom_fwd
/kaggle/working/site-packages/onmt/modules/sparse_activations.py:66: FutureWarning: `torch.cuda.amp.custom_bwd(args...)` is deprecated. Please use `torch.amp.custom_bwd(args..., device_type='cuda')` instead.
  @custom_bwd
/kaggle/working/site-packages/onmt/modules/sru.py:395: FutureWarning: `torch.cuda.amp.custom_fwd(args...)` is deprecated. Please use `torch.amp.custom_fwd(args..., device_type='cuda')` instead.
  @custom_fwd
/kaggle/working/site-packages/onmt/modules/sru.py:444: FutureWarning: `torch.cuda.amp.custom_bwd(args...)` is deprecated. Please use `torch.amp.custom_bwd(args..., device_type='cuda')` instead.
  @custom_bwd
/kaggle/working/site-packages/onmt/modules/sparse_losses.py:10: FutureWarning: `torch.cuda.amp.custom_fwd(args...)` is deprecated. Please use `torch.amp.custom_fwd(args..., device_type='cuda')` instead.
  @custom_fwd
/kaggle/working/site-packages/onmt/modules/sparse_losses.py:31: FutureWarning: `torch.cuda.amp.custom_bwd(args...)` is deprecated. Please use `torch.amp.custom_bwd(args..., device_type='cuda')` instead.
  @custom_bwd
/kaggle/working/site-packages/onmt/modules/sparse_activations.py:46: FutureWarning: `torch.cuda.amp.custom_fwd(args...)` is deprecated. Please use `torch.amp.custom_fwd(args..., device_type='cuda')` instead.
  @custom_fwd
/kaggle/working/site-packages/onmt/modules/sparse_activations.py:66: FutureWarning: `torch.cuda.amp.custom_bwd(args...)` is deprecated. Please use `torch.amp.custom_bwd(args..., device_type='cuda')` instead.
  @custom_bwd
/kaggle/working/site-packages/onmt/modules/sru.py:395: FutureWarning: `torch.cuda.amp.custom_fwd(args...)` is deprecated. Please use `torch.amp.custom_fwd(args..., device_type='cuda')` instead.
  @custom_fwd
/kaggle/working/site-packages/onmt/modules/sru.py:444: FutureWarning: `torch.cuda.amp.custom_bwd(args...)` is deprecated. Please use `torch.amp.custom_bwd(args..., device_type='cuda')` instead.
  @custom_bwd
/kaggle/working/site-packages/onmt/modules/sparse_losses.py:10: FutureWarning: `torch.cuda.amp.custom_fwd(args...)` is deprecated. Please use `torch.amp.custom_fwd(args..., device_type='cuda')` instead.
  @custom_fwd
/kaggle/working/site-packages/onmt/modules/sparse_losses.py:31: FutureWarning: `torch.cuda.amp.custom_bwd(args...)` is deprecated. Please use `torch.amp.custom_bwd(args..., device_type='cuda')` instead.
  @custom_bwd
/kaggle/working/site-packages/onmt/modules/sparse_activations.py:46: FutureWarning: `torch.cuda.amp.custom_fwd(args...)` is deprecated. Please use `torch.amp.custom_fwd(args..., device_type='cuda')` instead.
  @custom_fwd
/kaggle/working/site-packages/onmt/modules/sparse_activations.py:66: FutureWarning: `torch.cuda.amp.custom_bwd(args...)` is deprecated. Please use `torch.amp.custom_bwd(args..., device_type='cuda')` instead.
  @custom_bwd
/kaggle/working/site-packages/onmt/modules/sru.py:395: FutureWarning: `torch.cuda.amp.custom_fwd(args...)` is deprecated. Please use `torch.amp.custom_fwd(args..., device_type='cuda')` instead.
  @custom_fwd
/kaggle/working/site-packages/onmt/modules/sru.py:444: FutureWarning: `torch.cuda.amp.custom_bwd(args...)` is deprecated. Please use `torch.amp.custom_bwd(args..., device_type='cuda')` instead.
  @custom_bwd
/kaggle/working/site-packages/onmt/modules/sparse_losses.py:10: FutureWarning: `torch.cuda.amp.custom_fwd(args...)` is deprecated. Please use `torch.amp.custom_fwd(args..., device_type='cuda')` instead.
  @custom_fwd
/kaggle/working/site-packages/onmt/modules/sparse_losses.py:31: FutureWarning: `torch.cuda.amp.custom_bwd(args...)` is deprecated. Please use `torch.amp.custom_bwd(args..., device_type='cuda')` instead.
  @custom_bwd
/kaggle/working/site-packages/onmt/modules/sparse_activations.py:46: FutureWarning: `torch.cuda.amp.custom_fwd(args...)` is deprecated. Please use `torch.amp.custom_fwd(args..., device_type='cuda')` instead.
  @custom_fwd
/kaggle/working/site-packages/onmt/modules/sparse_activations.py:66: FutureWarning: `torch.cuda.amp.custom_bwd(args...)` is deprecated. Please use `torch.amp.custom_bwd(args..., device_type='cuda')` instead.
  @custom_bwd
/kaggle/working/site-packages/onmt/modules/sru.py:395: FutureWarning: `torch.cuda.amp.custom_fwd(args...)` is deprecated. Please use `torch.amp.custom_fwd(args..., device_type='cuda')` instead.
  @custom_fwd
/kaggle/working/site-packages/onmt/modules/sru.py:444: FutureWarning: `torch.cuda.amp.custom_bwd(args...)` is deprecated. Please use `torch.amp.custom_bwd(args..., device_type='cuda')` instead.
  @custom_bwd
/kaggle/working/site-packages/onmt/modules/sparse_losses.py:10: FutureWarning: `torch.cuda.amp.custom_fwd(args...)` is deprecated. Please use `torch.amp.custom_fwd(args..., device_type='cuda')` instead.
  @custom_fwd
/kaggle/working/site-packages/onmt/modules/sparse_losses.py:31: FutureWarning: `torch.cuda.amp.custom_bwd(args...)` is deprecated. Please use `torch.amp.custom_bwd(args..., device_type='cuda')` instead.
  @custom_bwd
[2026-09-23 21:26:39,516 INFO] valid stats calculation
                           took: 23.26193881034851 s.
[2026-09-23 21:26:39,516 INFO] Train perplexity: 1.20654
[2026-09-23 21:26:39,516 INFO] Train accuracy: 96.893
[2026-09-23 21:26:39,516 INFO] Sentences processed: 2.5306e+08
[2026-09-23 21:26:39,516 INFO] Average bsz: 41408/36474/5272
[2026-09-23 21:26:39,516 INFO] Validation perplexity: 1.69573
[2026-09-23 21:26:39,516 INFO] Validation accuracy: 94.9584
[2026-09-23 21:26:49,562 INFO] * Transform statistics for corpus_1(12.50%):
			* SubwordStats: 5629132 -> 7220635 tokens

[2026-09-23 21:26:49,562 INFO] Weighted corpora loaded so far:
			* corpus_1: 67
[2026-09-23 21:26:56,688 INFO] * Transform statistics for corpus_1(12.50%):
			* SubwordStats: 5631145 -> 7231063 tokens

[2026-09-23 21:26:56,688 INFO] Weighted corpora loaded so far:
			* corpus_1: 67
[2026-09-23 21:26:57,051 INFO] * Transform statistics for corpus_1(12.50%):
			* SubwordStats: 5626744 -> 7220015 tokens

[2026-09-23 21:26:57,051 INFO] Weighted corpora loaded so far:
			* corpus_1: 67
[2026-09-23 21:27:00,679 INFO] * Transform statistics for corpus_1(12.50%):
			* SubwordStats: 5621355 -> 7214624 tokens

[2026-09-23 21:27:00,680 INFO] Weighted corpora loaded so far:
			* corpus_1: 67
[2026-09-23 21:27:09,792 INFO] * Transform statistics for corpus_1(12.50%):
			* SubwordStats: 5630638 -> 7222261 tokens

[2026-09-23 21:27:09,793 INFO] Weighted corpora loaded so far:
			* corpus_1: 67
[2026-09-23 21:27:10,113 INFO] * Transform statistics for corpus_1(12.50%):
			* SubwordStats: 5620143 -> 7211376 tokens

[2026-09-23 21:27:10,113 INFO] Weighted corpora loaded so far:
			* corpus_1: 68
[2026-09-23 21:27:10,274 INFO] * Transform statistics for corpus_1(12.50%):
			* SubwordStats: 5631997 -> 7228492 tokens

[2026-09-23 21:27:10,274 INFO] Weighted corpora loaded so far:
			* corpus_1: 67
[2026-09-23 21:27:15,690 INFO] * Transform statistics for corpus_1(12.50%):
			* SubwordStats: 5624785 -> 7216108 tokens

[2026-09-23 21:27:15,690 INFO] Weighted corpora loaded so far:
			* corpus_1: 67
[2026-09-23 21:27:33,068 INFO] * Transform statistics for corpus_1(12.50%):
			* SubwordStats: 5627244 -> 7217759 tokens

[2026-09-23 21:27:33,068 INFO] Weighted corpora loaded so far:
			* corpus_1: 68
[2026-09-23 21:27:41,339 INFO] * Transform statistics for corpus_1(12.50%):
			* SubwordStats: 5627151 -> 7220171 tokens

[2026-09-23 21:27:41,339 INFO] Weighted corpora loaded so far:
			* corpus_1: 68
[2026-09-23 21:27:41,345 INFO] * Transform statistics for corpus_1(12.50%):
			* SubwordStats: 5629479 -> 7227875 tokens

[2026-09-23 21:27:41,345 INFO] Weighted corpora loaded so far:
			* corpus_1: 68
[2026-09-23 21:27:44,294 INFO] * Transform statistics for corpus_1(12.50%):
			* SubwordStats: 5621138 -> 7213449 tokens

[2026-09-23 21:27:44,294 INFO] Weighted corpora loaded so far:
			* corpus_1: 68
[2026-09-23 21:27:54,376 INFO] * Transform statistics for corpus_1(12.50%):
			* SubwordStats: 5631597 -> 7224176 tokens

[2026-09-23 21:27:54,376 INFO] Weighted corpora loaded so far:
			* corpus_1: 68
[2026-09-23 21:27:54,822 INFO] * Transform statistics for corpus_1(12.50%):
			* SubwordStats: 5618432 -> 7209137 tokens

[2026-09-23 21:27:54,822 INFO] Weighted corpora loaded so far:
			* corpus_1: 69
[2026-09-23 21:27:54,978 INFO] * Transform statistics for corpus_1(12.50%):
			* SubwordStats: 5633374 -> 7230016 tokens

[2026-09-23 21:27:54,978 INFO] Weighted corpora loaded so far:
			* corpus_1: 68
[2026-09-23 21:27:59,082 INFO] * Transform statistics for corpus_1(12.50%):
			* SubwordStats: 5624063 -> 7214332 tokens

[2026-09-23 21:27:59,082 INFO] Weighted corpora loaded so far:
			* corpus_1: 68
[2026-09-23 21:28:18,283 INFO] * Transform statistics for corpus_1(12.50%):
			* SubwordStats: 5626133 -> 7216512 tokens

[2026-09-23 21:28:18,283 INFO] Weighted corpora loaded so far:
			* corpus_1: 69
[2026-09-23 21:28:25,260 INFO] * Transform statistics for corpus_1(12.50%):
			* SubwordStats: 5632279 -> 7231403 tokens

[2026-09-23 21:28:25,260 INFO] Weighted corpora loaded so far:
			* corpus_1: 69
[2026-09-23 21:28:25,740 INFO] * Transform statistics for corpus_1(12.50%):
			* SubwordStats: 5626426 -> 7219704 tokens

[2026-09-23 21:28:25,741 INFO] Weighted corpora loaded so far:
			* corpus_1: 69
[2026-09-23 21:28:41,122 INFO] * Transform statistics for corpus_1(12.50%):
			* SubwordStats: 5619473 -> 7212647 tokens

[2026-09-23 21:28:41,122 INFO] Weighted corpora loaded so far:
			* corpus_1: 69
[2026-09-23 21:28:41,193 INFO] Step 50000/50000; acc: 99.3; ppl:   1.0; xent: 0.0; lr: 0.00040; sents: 10568341; bsz: 41401/36490/5284; 571283/503519 tok/s;   3952 sec;
/kaggle/working/site-packages/onmt/modules/sparse_activations.py:46: FutureWarning: `torch.cuda.amp.custom_fwd(args...)` is deprecated. Please use `torch.amp.custom_fwd(args..., device_type='cuda')` instead.
  @custom_fwd
/kaggle/working/site-packages/onmt/modules/sparse_activations.py:66: FutureWarning: `torch.cuda.amp.custom_bwd(args...)` is deprecated. Please use `torch.amp.custom_bwd(args..., device_type='cuda')` instead.
  @custom_bwd
/kaggle/working/site-packages/onmt/modules/sru.py:395: FutureWarning: `torch.cuda.amp.custom_fwd(args...)` is deprecated. Please use `torch.amp.custom_fwd(args..., device_type='cuda')` instead.
  @custom_fwd
/kaggle/working/site-packages/onmt/modules/sru.py:444: FutureWarning: `torch.cuda.amp.custom_bwd(args...)` is deprecated. Please use `torch.amp.custom_bwd(args..., device_type='cuda')` instead.
  @custom_bwd
/kaggle/working/site-packages/onmt/modules/sparse_losses.py:10: FutureWarning: `torch.cuda.amp.custom_fwd(args...)` is deprecated. Please use `torch.amp.custom_fwd(args..., device_type='cuda')` instead.
  @custom_fwd
/kaggle/working/site-packages/onmt/modules/sparse_losses.py:31: FutureWarning: `torch.cuda.amp.custom_bwd(args...)` is deprecated. Please use `torch.amp.custom_bwd(args..., device_type='cuda')` instead.
  @custom_bwd
/kaggle/working/site-packages/onmt/modules/sparse_activations.py:46: FutureWarning: `torch.cuda.amp.custom_fwd(args...)` is deprecated. Please use `torch.amp.custom_fwd(args..., device_type='cuda')` instead.
  @custom_fwd
/kaggle/working/site-packages/onmt/modules/sparse_activations.py:66: FutureWarning: `torch.cuda.amp.custom_bwd(args...)` is deprecated. Please use `torch.amp.custom_bwd(args..., device_type='cuda')` instead.
  @custom_bwd
/kaggle/working/site-packages/onmt/modules/sru.py:395: FutureWarning: `torch.cuda.amp.custom_fwd(args...)` is deprecated. Please use `torch.amp.custom_fwd(args..., device_type='cuda')` instead.
  @custom_fwd
/kaggle/working/site-packages/onmt/modules/sru.py:444: FutureWarning: `torch.cuda.amp.custom_bwd(args...)` is deprecated. Please use `torch.amp.custom_bwd(args..., device_type='cuda')` instead.
  @custom_bwd
/kaggle/working/site-packages/onmt/modules/sparse_losses.py:10: FutureWarning: `torch.cuda.amp.custom_fwd(args...)` is deprecated. Please use `torch.amp.custom_fwd(args..., device_type='cuda')` instead.
  @custom_fwd
/kaggle/working/site-packages/onmt/modules/sparse_losses.py:31: FutureWarning: `torch.cuda.amp.custom_bwd(args...)` is deprecated. Please use `torch.amp.custom_bwd(args..., device_type='cuda')` instead.
  @custom_bwd
/kaggle/working/site-packages/onmt/modules/sparse_activations.py:46: FutureWarning: `torch.cuda.amp.custom_fwd(args...)` is deprecated. Please use `torch.amp.custom_fwd(args..., device_type='cuda')` instead.
  @custom_fwd
/kaggle/working/site-packages/onmt/modules/sparse_activations.py:66: FutureWarning: `torch.cuda.amp.custom_bwd(args...)` is deprecated. Please use `torch.amp.custom_bwd(args..., device_type='cuda')` instead.
  @custom_bwd
/kaggle/working/site-packages/onmt/modules/sru.py:395: FutureWarning: `torch.cuda.amp.custom_fwd(args...)` is deprecated. Please use `torch.amp.custom_fwd(args..., device_type='cuda')` instead.
  @custom_fwd
/kaggle/working/site-packages/onmt/modules/sru.py:444: FutureWarning: `torch.cuda.amp.custom_bwd(args...)` is deprecated. Please use `torch.amp.custom_bwd(args..., device_type='cuda')` instead.
  @custom_bwd
/kaggle/working/site-packages/onmt/modules/sparse_losses.py:10: FutureWarning: `torch.cuda.amp.custom_fwd(args...)` is deprecated. Please use `torch.amp.custom_fwd(args..., device_type='cuda')` instead.
  @custom_fwd
/kaggle/working/site-packages/onmt/modules/sparse_losses.py:31: FutureWarning: `torch.cuda.amp.custom_bwd(args...)` is deprecated. Please use `torch.amp.custom_bwd(args..., device_type='cuda')` instead.
  @custom_bwd
/kaggle/working/site-packages/onmt/modules/sparse_activations.py:46: FutureWarning: `torch.cuda.amp.custom_fwd(args...)` is deprecated. Please use `torch.amp.custom_fwd(args..., device_type='cuda')` instead.
  @custom_fwd
/kaggle/working/site-packages/onmt/modules/sparse_activations.py:66: FutureWarning: `torch.cuda.amp.custom_bwd(args...)` is deprecated. Please use `torch.amp.custom_bwd(args..., device_type='cuda')` instead.
  @custom_bwd
/kaggle/working/site-packages/onmt/modules/sru.py:395: FutureWarning: `torch.cuda.amp.custom_fwd(args...)` is deprecated. Please use `torch.amp.custom_fwd(args..., device_type='cuda')` instead.
  @custom_fwd
/kaggle/working/site-packages/onmt/modules/sru.py:444: FutureWarning: `torch.cuda.amp.custom_bwd(args...)` is deprecated. Please use `torch.amp.custom_bwd(args..., device_type='cuda')` instead.
  @custom_bwd
/kaggle/working/site-packages/onmt/modules/sparse_losses.py:10: FutureWarning: `torch.cuda.amp.custom_fwd(args...)` is deprecated. Please use `torch.amp.custom_fwd(args..., device_type='cuda')` instead.
  @custom_fwd
/kaggle/working/site-packages/onmt/modules/sparse_losses.py:31: FutureWarning: `torch.cuda.amp.custom_bwd(args...)` is deprecated. Please use `torch.amp.custom_bwd(args..., device_type='cuda')` instead.
  @custom_bwd
/kaggle/working/site-packages/onmt/modules/sparse_activations.py:46: FutureWarning: `torch.cuda.amp.custom_fwd(args...)` is deprecated. Please use `torch.amp.custom_fwd(args..., device_type='cuda')` instead.
  @custom_fwd
/kaggle/working/site-packages/onmt/modules/sparse_activations.py:66: FutureWarning: `torch.cuda.amp.custom_bwd(args...)` is deprecated. Please use `torch.amp.custom_bwd(args..., device_type='cuda')` instead.
  @custom_bwd
/kaggle/working/site-packages/onmt/modules/sru.py:395: FutureWarning: `torch.cuda.amp.custom_fwd(args...)` is deprecated. Please use `torch.amp.custom_fwd(args..., device_type='cuda')` instead.
  @custom_fwd
/kaggle/working/site-packages/onmt/modules/sru.py:444: FutureWarning: `torch.cuda.amp.custom_bwd(args...)` is deprecated. Please use `torch.amp.custom_bwd(args..., device_type='cuda')` instead.
  @custom_bwd
/kaggle/working/site-packages/onmt/modules/sparse_losses.py:10: FutureWarning: `torch.cuda.amp.custom_fwd(args...)` is deprecated. Please use `torch.amp.custom_fwd(args..., device_type='cuda')` instead.
  @custom_fwd
/kaggle/working/site-packages/onmt/modules/sparse_losses.py:31: FutureWarning: `torch.cuda.amp.custom_bwd(args...)` is deprecated. Please use `torch.amp.custom_bwd(args..., device_type='cuda')` instead.
  @custom_bwd
/kaggle/working/site-packages/onmt/modules/sparse_activations.py:46: FutureWarning: `torch.cuda.amp.custom_fwd(args...)` is deprecated. Please use `torch.amp.custom_fwd(args..., device_type='cuda')` instead.
  @custom_fwd
/kaggle/working/site-packages/onmt/modules/sparse_activations.py:66: FutureWarning: `torch.cuda.amp.custom_bwd(args...)` is deprecated. Please use `torch.amp.custom_bwd(args..., device_type='cuda')` instead.
  @custom_bwd
/kaggle/working/site-packages/onmt/modules/sru.py:395: FutureWarning: `torch.cuda.amp.custom_fwd(args...)` is deprecated. Please use `torch.amp.custom_fwd(args..., device_type='cuda')` instead.
  @custom_fwd
/kaggle/working/site-packages/onmt/modules/sru.py:444: FutureWarning: `torch.cuda.amp.custom_bwd(args...)` is deprecated. Please use `torch.amp.custom_bwd(args..., device_type='cuda')` instead.
  @custom_bwd
/kaggle/working/site-packages/onmt/modules/sparse_losses.py:10: FutureWarning: `torch.cuda.amp.custom_fwd(args...)` is deprecated. Please use `torch.amp.custom_fwd(args..., device_type='cuda')` instead.
  @custom_fwd
/kaggle/working/site-packages/onmt/modules/sparse_losses.py:31: FutureWarning: `torch.cuda.amp.custom_bwd(args...)` is deprecated. Please use `torch.amp.custom_bwd(args..., device_type='cuda')` instead.
  @custom_bwd
/kaggle/working/site-packages/onmt/modules/sparse_activations.py:46: FutureWarning: `torch.cuda.amp.custom_fwd(args...)` is deprecated. Please use `torch.amp.custom_fwd(args..., device_type='cuda')` instead.
  @custom_fwd
/kaggle/working/site-packages/onmt/modules/sparse_activations.py:66: FutureWarning: `torch.cuda.amp.custom_bwd(args...)` is deprecated. Please use `torch.amp.custom_bwd(args..., device_type='cuda')` instead.
  @custom_bwd
/kaggle/working/site-packages/onmt/modules/sru.py:395: FutureWarning: `torch.cuda.amp.custom_fwd(args...)` is deprecated. Please use `torch.amp.custom_fwd(args..., device_type='cuda')` instead.
  @custom_fwd
/kaggle/working/site-packages/onmt/modules/sru.py:444: FutureWarning: `torch.cuda.amp.custom_bwd(args...)` is deprecated. Please use `torch.amp.custom_bwd(args..., device_type='cuda')` instead.
  @custom_bwd
/kaggle/working/site-packages/onmt/modules/sparse_losses.py:10: FutureWarning: `torch.cuda.amp.custom_fwd(args...)` is deprecated. Please use `torch.amp.custom_fwd(args..., device_type='cuda')` instead.
  @custom_fwd
/kaggle/working/site-packages/onmt/modules/sparse_losses.py:31: FutureWarning: `torch.cuda.amp.custom_bwd(args...)` is deprecated. Please use `torch.amp.custom_bwd(args..., device_type='cuda')` instead.
  @custom_bwd
/kaggle/working/site-packages/onmt/modules/sparse_activations.py:46: FutureWarning: `torch.cuda.amp.custom_fwd(args...)` is deprecated. Please use `torch.amp.custom_fwd(args..., device_type='cuda')` instead.
  @custom_fwd
/kaggle/working/site-packages/onmt/modules/sparse_activations.py:66: FutureWarning: `torch.cuda.amp.custom_bwd(args...)` is deprecated. Please use `torch.amp.custom_bwd(args..., device_type='cuda')` instead.
  @custom_bwd
/kaggle/working/site-packages/onmt/modules/sru.py:395: FutureWarning: `torch.cuda.amp.custom_fwd(args...)` is deprecated. Please use `torch.amp.custom_fwd(args..., device_type='cuda')` instead.
  @custom_fwd
/kaggle/working/site-packages/onmt/modules/sru.py:444: FutureWarning: `torch.cuda.amp.custom_bwd(args...)` is deprecated. Please use `torch.amp.custom_bwd(args..., device_type='cuda')` instead.
  @custom_bwd
/kaggle/working/site-packages/onmt/modules/sparse_losses.py:10: FutureWarning: `torch.cuda.amp.custom_fwd(args...)` is deprecated. Please use `torch.amp.custom_fwd(args..., device_type='cuda')` instead.
  @custom_fwd
/kaggle/working/site-packages/onmt/modules/sparse_losses.py:31: FutureWarning: `torch.cuda.amp.custom_bwd(args...)` is deprecated. Please use `torch.amp.custom_bwd(args..., device_type='cuda')` instead.
  @custom_bwd
[2026-09-23 21:29:01,817 INFO] valid stats calculation
                           took: 20.623173475265503 s.
[2026-09-23 21:29:01,817 INFO] Train perplexity: 1.19861
[2026-09-23 21:29:01,817 INFO] Train accuracy: 96.9904
[2026-09-23 21:29:01,817 INFO] Sentences processed: 2.63628e+08
[2026-09-23 21:29:01,817 INFO] Average bsz: 41408/36475/5273
[2026-09-23 21:29:01,817 INFO] Validation perplexity: 1.72491
[2026-09-23 21:29:01,817 INFO] Validation accuracy: 94.9925
[2026-09-23 21:29:01,819 INFO] Saving checkpoint /kaggle/working/checkpoints/base_v3_production/reparos_base_v3_production_step_50000.pt
